"brand","name","concentration","price_idr","price_currency","availability","top_notes","middle_notes","base_notes","scent_families","characters","gender","occasions","best_time_weather","image_urls","purchase_url","similar_perfume_slugs","summary","source_url","source_last_modified","imported_at"
"Aamo Parfums","Cherrynity","Eau de Parfum","350000","IDR","InStock","Ginger | Mandarin | Hawthorn | Davana | Cherry | Saffron","Apricot | Olive | Osmanthus | Nutmeg | Iris | Leather","Amber | Smoked Wood | Vanilla | Oakmoss | Nagarmotha | Incense","Amber | Kering & Smoky","Hangat | Misterius | Sensual","Masculine","","Sore | Malam | ️ Dingin | ️ Hujan","https://mtdlhxbwblrxtzsdjlav.supabase.co/storage/v1/object/public/perfume-images/b6db9079-6ffe-4014-8e58-58057948b8d3/t8atkvfeibu-aamo-parfums-cherrynity.jpg","https://s.shopee.co.id/143biipua","honino-romeo-roses | loco-scent-red-rhapsody | loco-scent-smoke-on-top | mykonos-bonfire-vanilla | scentnario-forbidden-bloom","Aamo Parfums Cherrynity memadukan aroma cherry dan leather dengan sentuhan vanilla smoky, cocok untuk malam penuh kehangatan dan suasana intim.","https://cariparfum.com/parfum/aamo-cherrynity","","2026-10-06T13:25:00.189Z"
"Aamo Parfums","Emit Light","Eau de Parfum","350000","IDR","InStock","Citron | Pepper | Grapefruit | Blackcurrant","Ginger | Juniper Berry | Nutmeg | Geranium","Cedarwood | Patchouli | Vetiver | Moss","Sitrus Segar | Woody","Tegas","Masculine","","Sore | Malam | ️ Panas | ️ Dingin","https://mtdlhxbwblrxtzsdjlav.supabase.co/storage/v1/object/public/perfume-images/20a16f0d-8fd4-4622-b3e5-166b32efb6cc/t8atkxah3fm-aamo-parfums-emit-light.jpg","https://s.shopee.co.id/4q9JMdcLWk","loco-scent-into-the-waves | botanical-essentials-after-hours | honor-perfume-denali | elvicto-las-vegas | amthra-when-im-with-you","Rasakan kesegaran citrus berpadu rempah hangat dan kayu lembut di Emit Light dari Aamo Parfums, parfum edgy untuk suasana santai penuh energi.","https://cariparfum.com/parfum/aamo-emit-light","","2026-10-06T13:26:38.268Z"
"Aamo Parfums","Glace Amore","Eau de Parfum","350000","IDR","InStock","Almond","White Flower | Rose | Heliotrope Flower","Powdery Note | Edible Note | Vanilla Cream | Patchouli | Tonka Bean","Gourmand | Floral Lembut","Nyaman | Hangat | Elegan","Masculine","","Malam | ️ Dingin | ️ Hujan","https://mtdlhxbwblrxtzsdjlav.supabase.co/storage/v1/object/public/perfume-images/ede85f70-c60d-42f5-ba81-dca2e1b8914d/t8atunqrrlj-aamo-parfums-glac-amor.jpg","https://s.shopee.co.id/8pfS7wKLKq","loco-scent-red-rhapsody | honino-romeo-roses | mykonos-moroccan-vanilla | citizens-of-the-world-cafe-du-monde | world-of-make-scents-nostalgic","Aamo Parfums Glace Amore menghadirkan aroma gourmand floral yang creamy dan powdery, sempurna untuk malam santai atau momen intim di udara sejuk.","https://cariparfum.com/parfum/aamo-glace-amore","","2026-10-06T13:25:15.974Z"
"Aamo Parfums","Luminara","Eau de Parfum","350000","IDR","InStock","Almond Milk | Ambrette","Water Orris | Freesia","Vanilla | Tuberose | Tonka Bean | Musk","Floral | Gourmand","Nyaman | Sensual","Masculine","","Sore | Malam | ️ Dingin | ️ Hujan","https://mtdlhxbwblrxtzsdjlav.supabase.co/storage/v1/object/public/perfume-images/520008e6-187f-4f4d-87ce-08ed74915969/t8ieypqulj9-aamo-parfums-luminara.webp | https://mtdlhxbwblrxtzsdjlav.supabase.co/storage/v1/object/public/perfume-images/520008e6-187f-4f4d-87ce-08ed74915969/t8ieyp2kgq7-aamo-parfums-luminara.webp | https://mtdlhxbwblrxtzsdjlav.supabase.co/storage/v1/object/public/perfume-images/520008e6-187f-4f4d-87ce-08ed74915969/t8ieyqaonq1-aamo-parfums-luminara.webp","https://s.shopee.co.id/1BG0zonmsq","amthra-you-drive-me-nutty | honino-romeo-roses | loco-scent-dialogue-ivi | satellite-of-glow-santorini-omorfia | scuse-me-bella-donna","Luminara dari Aamo Parfums adalah parfum EdP hangat dengan aroma tuberose, vanilla, dan freesia yang creamy dan elegan, sempurna untuk momen santai malam hari.","https://cariparfum.com/parfum/aamo-luminara","","2026-10-06T13:25:30.538Z"
"Aamo Parfums","Rosvere","Extrait de Parfum","400000","IDR","InStock","Mandarin | Lemon","White Rose | Champagne Bubble | Rose Water","Cedarwood | Powdery Note | Edible Note","Floral | Sitrus Segar","Menyegarkan","Masculine","","Pagi | ️ Siang | Sore | ️ Panas | ️ Hujan","https://mtdlhxbwblrxtzsdjlav.supabase.co/storage/v1/object/public/perfume-images/c40c4547-1a17-42a0-811e-f408e30c7aca/t8ieyswkzzt-aamo-parfums-rosvere.webp | https://mtdlhxbwblrxtzsdjlav.supabase.co/storage/v1/object/public/perfume-images/c40c4547-1a17-42a0-811e-f408e30c7aca/t8ieytmx7k1-aamo-parfums-rosvere.webp | https://mtdlhxbwblrxtzsdjlav.supabase.co/storage/v1/object/public/perfume-images/c40c4547-1a17-42a0-811e-f408e30c7aca/t8ieyt28inc-aamo-parfums-rosvere.webp","https://s.shopee.co.id/8fM1vfB5zr","mykonos-moroccan-vanilla | loco-scent-red-rhapsody | de-antoine-rosa-damascena | mykonos-xoxo-rosy | yn-perfumery-rose-in-september","Parfum Rosvere dari Aamo Parfums menghadirkan kombinasi citrus, rose, dan powdery gourmand yang segar dan modern, cocok untuk aktivitas kasual di siang hari.","https://cariparfum.com/parfum/aamo-rosvere","","2026-10-06T13:25:25.316Z"
"Aamo Parfums","Unseen","Eau de Parfum","350000","IDR","InStock","Fig Tree Leaf | Cardamom","Fig Milk | Iris | Cashmere Wood","Cedarwood | Sandalwood | Ambergris | Vanilla","Woody | Powdery","Hangat | Elegan","Masculine","","Sore | Malam | ️ Dingin | ️ Hujan","https://mtdlhxbwblrxtzsdjlav.supabase.co/storage/v1/object/public/perfume-images/4d2f33d8-e086-4600-8ee6-862e6b4196bc/t8atl0czjiw-aamo-parfums-unseen.jpg","https://s.shopee.co.id/50SjYsYn3o","wonderlust-fragrance-philia | mandalika-24-hours | mandalika-only-the-brave | world-of-make-scents-kiko-crumbs-solid-perfume | de-antoine-velvet-garden","Parfum Unseen dari Aamo Parfums menghadirkan perpaduan fig, iris, kayu, dan vanilla yang creamy serta nyaman, cocok untuk suasana santai di sore hari.","https://cariparfum.com/parfum/aamo-unseen","","2026-10-06T13:25:11.597Z"
"Aamodini","23:59","Extrait de Parfum","188000","IDR","InStock","Bergamot | Chamomile | Heliotrope","Amber | Orange Blossom | Violet","Cedarwood | Vanilla | Musk","Powdery | Floral","Nyaman | Menenangkan","Masculine","","Sore | Malam | ️ Dingin | ️ Hujan","https://mtdlhxbwblrxtzsdjlav.supabase.co/storage/v1/object/public/perfume-images/fd538f74-377d-4316-9fe5-1ab1b4895eef/t8atuwyfdsl-aamodini-23-59.webp | https://mtdlhxbwblrxtzsdjlav.supabase.co/storage/v1/object/public/perfume-images/fd538f74-377d-4316-9fe5-1ab1b4895eef/t8atuxqu7v9-aamodini-23-59.webp","https://s.shopee.co.id/AAApim0cgq","honino-romeo-roses | wonderlust-fragrance-philia | world-of-make-scents-ermis-solid-perfume | layr-kyoto-jazz | loco-scent-dialogue-ivi","23:59 dari Aamodini hadir dengan aroma powdery-floral dan creamy vanilla yang lembut, cocok untuk malam-malam tenang dan momen relaksasi sebelum tidur.","https://cariparfum.com/parfum/aamodini-2359","","2026-10-06T13:26:36.896Z"
"Aamodini","Aruna","Extrait de Parfum","176250","IDR","InStock","Sea Salt | Banana | Ozonic Accord","Monoi | Jasmine | Ylang-Ylang","Warm Sand | Musk","Fruity | Floral","Menenangkan","Masculine","","Sore | Malam | ️ Panas | ️ Hujan","https://mtdlhxbwblrxtzsdjlav.supabase.co/storage/v1/object/public/perfume-images/92f9e05f-8d74-42a4-9b2e-5a47d301c19f/t8atv07e6ml-aamodini-aruna.webp | https://mtdlhxbwblrxtzsdjlav.supabase.co/storage/v1/object/public/perfume-images/92f9e05f-8d74-42a4-9b2e-5a47d301c19f/t8atv1kv5k0-aamodini-aruna.webp","https://s.shopee.co.id/30hfBWLXRy","honino-romeo-roses | project-1945-bamboe-roencing | ataraksia-semilir-bayang-mangata | reboura-flora-notes | notts-hatsukoi","Parfum Aruna dari Aamodini menghadirkan aroma tropis creamy dengan sentuhan pisang, bunga, dan pasir hangat, cocok untuk suasana santai di cuaca panas.","https://cariparfum.com/parfum/aamodini-aruna","","2026-10-06T13:26:28.183Z"
"Aamodini","Dirgantara","Extrait de Parfum","235000","IDR","InStock","Bergamot | Cassis | Apple","Cedarwood | Pink Pepper","Amber | Sandalwood | Patchouli","Fruity | Woody","Hangat | Menenangkan","Masculine","","Sore | Malam | ️ Dingin","https://mtdlhxbwblrxtzsdjlav.supabase.co/storage/v1/object/public/perfume-images/36de0880-2bf0-4da2-97ca-f86381e1cf36/t8atwozf8go-aamodini-dirgantara.webp | https://mtdlhxbwblrxtzsdjlav.supabase.co/storage/v1/object/public/perfume-images/36de0880-2bf0-4da2-97ca-f86381e1cf36/t8atwppr9vt-aamodini-dirgantara.webp","https://s.shopee.co.id/1gCHbJphGy","honor-perfume-denali | loco-scent-into-the-waves | argve-ardour | world-of-make-scents-ermis-solid-perfume | layr-kyoto-jazz","Dirgantara Aamodini: parfum fruity-woody dengan sentuhan amber yang warm dan comforting, sempurna untuk momen relaksasi.","https://cariparfum.com/parfum/aamodini-dirgantara","","2026-10-06T13:25:45.382Z"
"Aamodini","Jatmika","Extrait de Parfum","211500","IDR","InStock","Clove Bud | Melon | Marine Note | Leaf","Orange Blossom | Peach Note | Jasmine | Gardenia | Freesia","Amber | Musk","Floral | Fruity | Floral Lembut","Menyegarkan","Masculine","","️ Siang | Sore | ️ Panas | ️ Hujan","https://mtdlhxbwblrxtzsdjlav.supabase.co/storage/v1/object/public/perfume-images/cc2317df-91a8-4058-8e1a-abd6cb9dc668/t8atutktj8l-aamodini-jatmika.webp | https://mtdlhxbwblrxtzsdjlav.supabase.co/storage/v1/object/public/perfume-images/cc2317df-91a8-4058-8e1a-abd6cb9dc668/t8atuuvcl1q-aamodini-jatmika.webp","https://s.shopee.co.id/4VWSyIGFWN","honino-romeo-roses | reboura-living-montage | botanical-essentials-solace | mandalika-irresistible | speaks-to-me-the-dreamer","Jatmika by Aamodini: Perpaduan segar aquatic, floral lembut, dan kehangatan amber musk. Cocok untuk keseharianmu.","https://cariparfum.com/parfum/aamodini-jatmika","","2026-10-06T13:26:36.005Z"
"Aamodini","Kanthi Arum","Extrait de Parfum","235000","IDR","InStock","Orange Blossom | Honey | Mandarin","Jasmine | White Champaca | Tuberose","Sandalwood | Vanilla | Tonka Bean","Floral | Amber Lembut","Menenangkan | Hangat","Masculine","","Sore | Malam | ️ Panas | ️ Hujan","https://mtdlhxbwblrxtzsdjlav.supabase.co/storage/v1/object/public/perfume-images/22ae72e5-ad62-44b6-97af-d1fd3f8a7b63/t8atwkbw1o0-aamodini-kanthi-arum.webp | https://mtdlhxbwblrxtzsdjlav.supabase.co/storage/v1/object/public/perfume-images/22ae72e5-ad62-44b6-97af-d1fd3f8a7b63/t8atwlpit6q-aamodini-kanthi-arum.webp","https://s.shopee.co.id/40aCNY0VgQ","gioia-fragrances-siena | satellite-of-glow-aura-ubud | scent-of-jarte-blank-space | mykonos-verve | ouru-vanilla-velvet-2-0","Parfum Kanthi Arum dari Aamodini memadukan jeruk, bunga putih, vanilla, dan sandalwood, menghadirkan aroma manis creamy yang lembut dan elegan untuk suasana.","https://cariparfum.com/parfum/aamodini-kanthi-arum","","2026-10-06T13:26:06.279Z"
"Aamodini","Kirana","Extrait de Parfum","216750","IDR","InStock","Bergamot | Mandarin | Petitgrain | Blackcurrant","Orange Blossom | Jasmine | Lavender | Magnolia","Cedarwood | Ambergris | Vanilla | Musk","Floral Lembut | Gourmand","Menenangkan | Hangat | Menyegarkan","Masculine","","Sore | Malam | ️ Panas | ️ Hujan","https://mtdlhxbwblrxtzsdjlav.supabase.co/storage/v1/object/public/perfume-images/74c61103-6755-4831-b1a5-247b9103d653/t8atuq7gqiu-aamodini-kirana.webp | https://mtdlhxbwblrxtzsdjlav.supabase.co/storage/v1/object/public/perfume-images/74c61103-6755-4831-b1a5-247b9103d653/t8aturhxakm-aamodini-kirana.webp","https://s.shopee.co.id/3LKVaCRS9w","fragrance-by-petals-elysian-bloom | mandalika-irresistible | saudade-olfactory-bonsai-we-kept | satellite-of-glow-aura-ubud | scent-of-jarte-blank-space","Parfum Kirana Aamodini: kesegaran mandarin berpadu manis vanilla dan kelembutan floral, sempurna untuk momen relaksasi di sore hari.","https://cariparfum.com/parfum/aamodini-kirana","","2026-10-06T13:25:53.306Z"
"Afternotes","After Tea","Eau de Parfum","189000","IDR","InStock","Green Note | Citrus","Lily | White Jasmine | Magnolia","Powdery | Musk","Hijau Segar | Floral Lembut","Menyegarkan | Menenangkan","Masculine","","Pagi | ️ Siang | Sore | ️ Panas | ️ Hujan","https://mtdlhxbwblrxtzsdjlav.supabase.co/storage/v1/object/public/perfume-images/7672f0bd-f68a-4c41-ba44-52b5b49192f2/t8aum297xrn-afternotes-after-tea.webp | https://mtdlhxbwblrxtzsdjlav.supabase.co/storage/v1/object/public/perfume-images/7672f0bd-f68a-4c41-ba44-52b5b49192f2/t8aum3ornbz-afternotes-after-tea.webp | https://mtdlhxbwblrxtzsdjlav.supabase.co/storage/v1/object/public/perfume-images/7672f0bd-f68a-4c41-ba44-52b5b49192f2/t8aum42x5ko-afternotes-after-tea.webp","https://s.shopee.co.id/70DnxGekbo","honino-romeo-roses | alt-perfumery-shft-aurora | alt-perfumery-teatime-in-kyoto | notts-hatsukoi | world-of-make-scents-fantasy","After Tea by Afternotes menawarkan aroma green-floral yang segar dan powdery, sempurna untuk momen santai di sore hari tropis. Coba dan rasakan kehangatannya.","https://cariparfum.com/parfum/afternotes-after-tea","","2026-10-06T13:25:57.432Z"
"Afternotes","Mint Bit","Eau de Parfum","189000","IDR","InStock","Citrus | Mint","Lavender | Floral | Geranium","Amber | Vanilla Creamy | Musk","Hijau Segar | Gourmand","Menyegarkan | Sejuk","Masculine","","Pagi | ️ Siang | Sore | ️ Panas | ️ Hujan","https://mtdlhxbwblrxtzsdjlav.supabase.co/storage/v1/object/public/perfume-images/e26bbc9b-b98b-4f8e-b362-25ad40caf299/t8aum6mnwsu-afternotes-mint-bit.webp | https://mtdlhxbwblrxtzsdjlav.supabase.co/storage/v1/object/public/perfume-images/e26bbc9b-b98b-4f8e-b362-25ad40caf299/t8aum760oy9-afternotes-mint-bit.webp | https://mtdlhxbwblrxtzsdjlav.supabase.co/storage/v1/object/public/perfume-images/e26bbc9b-b98b-4f8e-b362-25ad40caf299/t8aum8wfj5i-afternotes-mint-bit.webp","https://s.shopee.co.id/1gCHbWfZ4d","honino-romeo-roses | loco-scent-smoke-on-top | scentnario-forbidden-bloom | ouru-warm-whiskey | loco-scent-dialogue-ivi","Mint Bit Afternotes membawa kesegaran mint dan citrus yang berpadu lembut dengan vanilla creamy, pas untuk menyegarkan hari-hari panas dan aktifmu.","https://cariparfum.com/parfum/afternotes-mint-bit","","2026-10-06T13:26:33.791Z"
"Afternotes","Pearadise","Eau de Parfum","189000","IDR","InStock","Orange Blossom | Pear","Jasmine | Tuberose","Vanilla | Soft Musk | Tonka Bean","Fruity | Floral Lembut","Playful | Hangat","Masculine","","Sore | Malam | ️ Dingin","https://mtdlhxbwblrxtzsdjlav.supabase.co/storage/v1/object/public/perfume-images/4e44b900-d35c-4ba0-a9c7-ac6961e822ad/t8aumawb3jk-afternotes-pearadise.webp | https://mtdlhxbwblrxtzsdjlav.supabase.co/storage/v1/object/public/perfume-images/4e44b900-d35c-4ba0-a9c7-ac6961e822ad/t8aumbf2ahr-afternotes-pearadise.webp | https://mtdlhxbwblrxtzsdjlav.supabase.co/storage/v1/object/public/perfume-images/4e44b900-d35c-4ba0-a9c7-ac6961e822ad/t8aumbuv20q-afternotes-pearadise.webp","https://s.shopee.co.id/9Uv8vuTbpQ","scent-of-jarte-blank-space | honino-romeo-roses | mykonos-verve | alchemist-onirique | reboura-living-montage","Parfum Pearadise dari Afternotes menghadirkan perpaduan pir segar, bunga putih, vanilla, dan musk lembut, cocok untuk suasana siang hingga sore di iklim.","https://cariparfum.com/parfum/afternotes-pearadise","","2026-10-06T13:26:17.576Z"
"Afternotes","Pomelo","Eau de Parfum","189000","IDR","InStock","Bergamot | Grapefruit | Lemon","Lavender | Sage","Amber | Sandalwood | Vetiver","Sitrus Segar | Aromatik","Energik | Menenangkan","Masculine","","Pagi | ️ Siang | Sore | ️ Panas | ️ Hujan","https://mtdlhxbwblrxtzsdjlav.supabase.co/storage/v1/object/public/perfume-images/b97fb7ae-444e-41f6-a995-6baefb96191a/t8aun9ozqyz-afternotes-pomelo.webp | https://mtdlhxbwblrxtzsdjlav.supabase.co/storage/v1/object/public/perfume-images/b97fb7ae-444e-41f6-a995-6baefb96191a/t8auna7bd3i-afternotes-pomelo.webp | https://mtdlhxbwblrxtzsdjlav.supabase.co/storage/v1/object/public/perfume-images/b97fb7ae-444e-41f6-a995-6baefb96191a/t8aunbbhqp5-afternotes-pomelo.webp","https://s.shopee.co.id/5L5ZyEsoPw","loco-scent-into-the-waves | scentalgia-fragrance-the-starry-night-nocturne | sonder-scents-255 | honor-perfume-denali | fordive-shelby","Aroma citrus segar dan kayu yang tenang dari Afternotes Pomelo, sempurna untuk pagi hingga sore di iklim tropis.","https://cariparfum.com/parfum/afternotes-pomelo","","2026-10-06T13:25:32.541Z"
"Alchemist","Bois et Musc","Special","","","InStock","Black Pepper","Cashmeran | Muguet","Patchouli | Moss | Musk","Woody | Woody Lumut","Earthy | Misterius","Masculine","","Sore | Malam | ️ Dingin | ️ Hujan","https://mtdlhxbwblrxtzsdjlav.supabase.co/storage/v1/object/public/perfume-images/5b7b26c4-e518-47ed-9cf8-1ffe549084e2/t8absein6mm-alchemist-bois-et-musc.jpg","/brand/alchemist","honino-romeo-roses | elaya-choose-you | layr-chronic-tonic | honino-baby-boomers | oaken-lab-batavia-barber","Alchemist Bois et Musc menawarkan sensasi woody-mossy yang earthy dengan sentuhan black pepper, cocok untuk malam hujan penuh misteri dan kehangatan.","https://cariparfum.com/parfum/alchemist-bois-et-musc","","2026-10-06T13:25:39.587Z"
"Alchemist","Cachemire","Special","","","InStock","Cinnamon Bark Oil LMR | Pepper Pink CO2 LMR | Apple","Ambrette ABS LMR | Violet Notes | Rose Accord","Virginia LMR | Cedarwood Heart | Musk","Woody | Floral","Hangat | Nyaman","Masculine","","Sore | Malam | ️ Dingin | ️ Hujan","https://mtdlhxbwblrxtzsdjlav.supabase.co/storage/v1/object/public/perfume-images/d404ecc0-38bd-4c56-a3cf-a9ae00d710ac/t8abshi0lmi-alchemist-cachemire.jpg","/brand/alchemist","honino-romeo-roses | loco-scent-red-rhapsody | mykonos-xoxo-rosy | de-antoine-rosa-damascena | saudade-olfactory-pinky-promise","Parfum Cachemire dari Alchemist memadukan rempah hangat, floral lembut, dan kayu bersih, menciptakan aroma elegan yang nyaman untuk suasana santai.","https://cariparfum.com/parfum/alchemist-cachemire","","2026-10-06T13:25:54.599Z"
"Alchemist","Galleria","Eau de Parfum","249000","IDR","InStock","Plum | Cape Jasmine","Oiellet | Tuberose","Redwood | Honey","Floral | Fruity","Hangat | Elegan","Masculine","","Sore | Malam | ️ Dingin | ️ Hujan","https://mtdlhxbwblrxtzsdjlav.supabase.co/storage/v1/object/public/perfume-images/47c9a98a-43a9-4cd4-9a6b-79903082972c/t8abs1bkmfs-alchemist-galleria.jpg","https://s.shopee.co.id/AUng7tVNY6","laboratori-semplice-tuberose | mandalika-hypnotized | house-of-medici-midnight-blast-psalm | diell-fragrance-la-la-lilac | loco-scent-white-potion","Parfum Galleria dari Alchemist menawarkan perpaduan plum gelap, tuberose, madu, dan redwood, menciptakan aroma floral fruity yang hangat dan elegan.","https://cariparfum.com/parfum/alchemist-galleria","","2026-10-06T13:25:23.065Z"
"Alchemist","Got My Mojo Back","Eau de Parfum","249000","IDR","InStock","Chocolate | Blackcurrant | Almond","Cedarwood | Jasmine | Tuberose | Sambac","Amber | Praline HS | Sandalwood","Gourmand | Floral","Hangat | Nyaman","Masculine","","Malam | ️ Dingin","https://mtdlhxbwblrxtzsdjlav.supabase.co/storage/v1/object/public/perfume-images/874fb02c-cc3f-4009-a2c7-46d7487ca363/t8abo582tx2-alchemist-got-my-mojo-back.jpg","https://s.shopee.co.id/8fM1wUHr3S","layr-velvet-dream | layr-midnight-haze | satellite-of-glow-aura-ubud | scent-of-jarte-blank-space | scent-of-jarte-by-the-garden","Parfum Got My Mojo Back dari Alchemist menghadirkan paduan cokelat, blackcurrant, tuberose, dan praline, menciptakan aroma gourmand hangat yang memikat.","https://cariparfum.com/parfum/alchemist-got-my-mojo-back","","2026-10-06T13:25:21.653Z"
"Alchemist","Home Garden","Eau de Parfum","249000","IDR","InStock","Clove | Grapefruit | Blackberry","Cedar | Vetiver","Floral Notes","Woody | Fruity","Menyegarkan | Earthy","Masculine","","Sore | Malam | ️ Panas | ️ Hujan","https://mtdlhxbwblrxtzsdjlav.supabase.co/storage/v1/object/public/perfume-images/2dbbb836-828f-41b4-895b-9286555416af/t9871k95nx5-brand-perfume.webp | https://mtdlhxbwblrxtzsdjlav.supabase.co/storage/v1/object/public/perfume-images/2dbbb836-828f-41b4-895b-9286555416af/t8abo3pfnpu-alchemist-home-garden.jpg","https://s.shopee.co.id/Lgu1Uinek","wonderlust-fragrance-philia | botanical-essentials-after-hours | astree-sunday-at-monaco | aamo-emit-light | wonderlust-fragrance-flaneur","Parfum Home Garden dari Alchemist menghadirkan perpaduan blackberry, grapefruit, cedar, dan floral notes, menciptakan aroma segar-kayu yang elegan dan cocok.","https://cariparfum.com/parfum/alchemist-home-garden","","2026-10-06T13:24:58.572Z"
"Alchemist","Musc Laiteux","Special","","","InStock","Pink Pepper | Orange Flower","Riz Au Lait Accord | Transparent Floral | Orris Crete LMR","Patchouli Oil | Ambrette ABS","Powdery | Floral Lembut","Nyaman","Masculine","","Sore | Malam | ️ Dingin | ️ Hujan","https://mtdlhxbwblrxtzsdjlav.supabase.co/storage/v1/object/public/perfume-images/52b26524-920f-4797-b1a8-77f7673e2f3b/t8absko1vob-alchemist-musc-laiteux.jpg","/brand/alchemist","nevernot-naughty-but-nice | amthra-you-drive-me-nutty | layr-midnight-haze","Parfum Musc Laiteux dari Alchemist menghadirkan aroma creamy musky dengan sentuhan floral lembut dan aksen gourmand, cocok untuk suasana santai dan bersih.","https://cariparfum.com/parfum/alchemist-musc-laiteux","","2026-10-06T13:25:35.688Z"
"Alchemist","Musc Vanille","Special","","","InStock","Black Pepper | Pink Pepper","White Floral Bouquet | Coconut Accord","Vanilla | White Wood | Musk","Gourmand | Floral","Hangat | Nyaman","Masculine","","Malam | ️ Dingin | ️ Hujan","https://mtdlhxbwblrxtzsdjlav.supabase.co/storage/v1/object/public/perfume-images/9dac25f7-8385-46bd-b1e0-554bac1956d3/t8absmm2ox4-alchemist-musc-vanille.jpg","/brand/alchemist","honino-romeo-roses | mandalika-only-the-brave | world-of-make-scents-glory | world-of-make-scents-kiko-crumbs-solid-perfume | world-of-make-scents-glory-solid-perfume","Alchemist Musc Vanille menghadirkan kehangatan vanilla dan musk dengan sentuhan floral dan kelapa, cocok untuk malam santai yang penuh kenyamanan.","https://cariparfum.com/parfum/alchemist-musc-vanille","","2026-10-06T13:25:13.663Z"
"Alchemist","Onirique","Extrait de Parfum","449000","IDR","InStock","Pear | Orange | Clary Sage","Orange Blossom | Jasmine | Tuberose","Cedarwood | Vanilla | Satin Musks","Floral | Gourmand","Hangat | Nyaman","Masculine","","Sore | Malam | ️ Dingin | ️ Hujan","https://mtdlhxbwblrxtzsdjlav.supabase.co/storage/v1/object/public/perfume-images/37774452-28f3-45b2-84aa-af49fa0174ae/t8abs9o7pco-alchemist-onirique.jpg","https://s.shopee.co.id/9fEZ8O2weu","scent-of-jarte-blank-space | satellite-of-glow-aura-ubud | mandalika-irresistible | honino-romeo-roses | afternotes-pearadise","Alchemist Onirique menawarkan sentuhan buah pir segar, white floral yang creamy, dan vanilla musk hangat, cocok untuk sore hingga malam hari di suasana santai.","https://cariparfum.com/parfum/alchemist-onirique","","2026-10-06T13:25:13.101Z"
"Alchemist","Out West","Extrait de Parfum","339000","IDR","InStock","Bergamot | Green Apple | Yuzu","Cedarwood | Plum | Rose","Patchouli | Vetiver | Musk","Sitrus Segar | Woody","Energik","Masculine","","Pagi | ️ Siang | Sore | ️ Panas | ️ Hujan","https://mtdlhxbwblrxtzsdjlav.supabase.co/storage/v1/object/public/perfume-images/389a2141-b276-42cf-9054-188864469363/t8abscg5kna-alchemist-out-west.jpg","https://s.shopee.co.id/BNTp6LKb9","honino-romeo-roses | layr-slow-dance | loco-scent-red-rhapsody | botanical-essentials-after-hours | world-of-make-scents-ermis-solid-perfume","Parfum Out West dari Alchemist menawarkan aroma citrus segar, kayu bersih, dan sentuhan musk yang cocok untuk suasana aktif di siang hari dan iklim panas.","https://cariparfum.com/parfum/alchemist-out-west","","2026-10-06T13:26:22.483Z"
"Alchemist","Out West A.M.","Special","","","InStock","Ginger | Pink Pepper CO2 LMR | Lemon Oil Spain LMR","Balsamic Notes | Cypriol","Cedarwood | Leathery Notes | Patchouli Oil Indonesia LMR","Woody | Kering & Smoky","Tegas | Hangat","Masculine","","Malam | ️ Dingin","https://mtdlhxbwblrxtzsdjlav.supabase.co/storage/v1/object/public/perfume-images/bf08f3c4-8587-4e04-bfb7-f1f9fdcf6193/tcd3ijbsynw-alchemist-out-west-a-m.webp","/brand/alchemist","mykonos-sorrento | hmns-alpha-hyper-green | mandalika-no1 | royal-fragrance-blues | saudade-olfactory-bonsai-we-kept","Alchemist Out West A.M. menghadirkan sensasi woody spicy yang maskulin dan berkarakter, cocok untuk malam atau suasana dingin dengan sentuhan kulit serta kayu.","https://cariparfum.com/parfum/alchemist-out-west-a-m","","2026-10-06T13:24:57.028Z"
"Alchemist","Out West P.M.","Special","","","InStock","Lavender | Grapefruit | Saffron","Patchouli Oil Light LMR | Living Gunsmoke | Labdanum","Vetiver Oil Java LMR | Vanilla | Incense","Amber | Kering & Smoky","Hangat | Misterius | Tegas","Masculine","","Malam | ️ Dingin","https://mtdlhxbwblrxtzsdjlav.supabase.co/storage/v1/object/public/perfume-images/d9fe5148-48f8-4eba-80f9-fef16396b39b/tcd3ihnww95-alchemist-out-west-p-m.webp | https://mtdlhxbwblrxtzsdjlav.supabase.co/storage/v1/object/public/perfume-images/d9fe5148-48f8-4eba-80f9-fef16396b39b/tcd3iign150-alchemist-out-west-p-m.webp","/brand/alchemist","sonder-scents-255 | wonderlust-fragrance-gunnen | house-of-medici-shakespeare-elegiac | loco-scent-red-rhapsody | loco-scent-smoke-on-top","Alchemist Out West P.M. menawarkan aroma smoky, vanilla, dan saffron yang bold dan hangat, cocok untuk malam hari yang penuh kesan misterius dan intim.","https://cariparfum.com/parfum/alchemist-out-west-p-m","","2026-10-06T13:25:51.852Z"
"Alchemist","Pink Laundry","Eau de Parfum","249000","IDR","InStock","Clean Aldehydes | Green Notes | Chamomile","Jasmine | Rose | Lily of the Valley","Sandalwood | Powdery Notes | Patchouli | Musky Notes","Floral Lembut | Powdery","Bersih | Menenangkan","Masculine","","Pagi | ️ Siang | Sore | ️ Panas | ️ Hujan","https://mtdlhxbwblrxtzsdjlav.supabase.co/storage/v1/object/public/perfume-images/cc007cc9-0f5a-4a69-aef9-e9e0ec86733d/ta5i754onql-brand-perfume.webp | https://mtdlhxbwblrxtzsdjlav.supabase.co/storage/v1/object/public/perfume-images/cc007cc9-0f5a-4a69-aef9-e9e0ec86733d/t8abs6fornz-alchemist-pink-laundry.jpg","https://s.shopee.co.id/3B15OP1xih","honino-romeo-roses | world-of-make-scents-dance-flo-solid-perfume | loco-scent-red-rhapsody | yn-perfumery-on-cloud-nine | world-of-make-scents-ermis-solid-perfume","Pink Laundry dari Alchemist adalah parfum dengan nuansa bersih, floral, dan powdery, menawarkan sensasi nyaman dan segar yang cocok untuk suasana santai.","https://cariparfum.com/parfum/alchemist-pink-laundry","","2026-10-06T13:26:08.559Z"
"Alchemist","Powder Room","Eau de Parfum","249000","IDR","InStock","Pink Pepper | Fresh Watery Accord | Rose","Orange Blossom | Violet | Peony","Sandalwood | Marine Notes | Musky Notes","Floral Lembut | Powdery","Elegan | Bersih","Masculine","","️ Siang | Sore | ️ Hujan | ️ Panas","https://mtdlhxbwblrxtzsdjlav.supabase.co/storage/v1/object/public/perfume-images/a82f8391-d97a-437e-a53d-66e7dff895fa/t8abs3l3br1-alchemist-powder-room.jpg","https://s.shopee.co.id/AKUFvbDb8h","de-antoine-clair-de-lune | mykonos-baby-love | loco-scent-red-rhapsody | de-antoine-secret-de-tilia | de-antoine-de-tilia","Alchemist Powder Room adalah parfum floral powdery yang segar dan elegan, cocok untuk suasana sore santai maupun acara formal dengan nuansa lembut.","https://cariparfum.com/parfum/alchemist-powder-room","","2026-10-06T13:24:46.726Z"
"Alt Perfumery","Alexandria Oud","Eau de Parfum","217000","IDR","InStock","Spice Note | Incense","Ambergris | Agarwood | Oud","Cedarwood | Sandalwood | Vanilla | Civet","Amber | Woody","Tegas | Hangat | Misterius","Masculine","","Malam | ️ Dingin","https://mtdlhxbwblrxtzsdjlav.supabase.co/storage/v1/object/public/perfume-images/eee3b17b-046e-41cf-b7bc-fe08b1f5a7d3/t8atg6zlf64-alt-perfumery-alexandria-oud.jpg | https://mtdlhxbwblrxtzsdjlav.supabase.co/storage/v1/object/public/perfume-images/eee3b17b-046e-41cf-b7bc-fe08b1f5a7d3/t8atg6sdka7-alt-perfumery-alexandria-oud.jpg | https://mtdlhxbwblrxtzsdjlav.supabase.co/storage/v1/object/public/perfume-images/eee3b17b-046e-41cf-b7bc-fe08b1f5a7d3/t8atg7wju5h-alt-perfumery-alexandria-oud.jpg","https://s.shopee.co.id/5q1qa7kXth","scentnario-adam-s-eden | world-of-make-scents-kiko-crumbs-solid-perfume | loco-scent-red-rhapsody | wonderlust-fragrance-gunnen | mandalika-only-the-brave","Alt Perfumery Alexandria Oud menawarkan sensasi oud smoky dan vanilla creamy, sempurna untuk malam-malam penuh misteri dan kehangatan pribadi.","https://cariparfum.com/parfum/alt-perfumery-alexandria-oud","","2026-10-06T13:26:06.327Z"
"Alt Perfumery","Always Right","Eau de Parfum","229000","IDR","InStock","Mandarin Orange | Bergamot | Cardamom","Orange Blossom | Watery Note | Jasmine | Ylang-Ylang","Amber | Vanilla | Musk","Floral | Amber","Hangat | Nyaman | Menyegarkan","Masculine","","Sore | Malam | ️ Dingin | ️ Hujan","https://mtdlhxbwblrxtzsdjlav.supabase.co/storage/v1/object/public/perfume-images/cbcb4de6-be8a-4337-ac7e-f2ad6297582b/t8iezi32pdp-alt-perfumery-always-right.webp | https://mtdlhxbwblrxtzsdjlav.supabase.co/storage/v1/object/public/perfume-images/cbcb4de6-be8a-4337-ac7e-f2ad6297582b/t8iezj0zan7-alt-perfumery-always-right.webp | https://mtdlhxbwblrxtzsdjlav.supabase.co/storage/v1/object/public/perfume-images/cbcb4de6-be8a-4337-ac7e-f2ad6297582b/t8iezkyi5a9-alt-perfumery-always-right.webp","https://s.shopee.co.id/5q1qaEhAUF","honino-romeo-roses | layr-kyoto-jazz | scent-of-jarte-by-the-garden | mandalika-irresistible | voie-crave-for-vanilla","Alt Perfumery Always Right adalah Eau de Parfum beraroma floral amber yang segar di awal dan hangat di akhir, cocok untuk sore hingga malam di suasana santai.","https://cariparfum.com/parfum/alt-perfumery-always-right","","2026-10-06T13:25:44.928Z"
"Alt Perfumery","Baron","Eau de Parfum","284000","IDR","InStock","Lavender | Lemon | Cardamom","Cinnamon | Coffee | Mineral Note | Whiskey | Leather","Amber | Incense | Tonka Bean","Amber | Kering & Smoky","Tegas | Hangat","Masculine","","Malam | ️ Dingin","https://mtdlhxbwblrxtzsdjlav.supabase.co/storage/v1/object/public/perfume-images/7356b01f-0cc3-4f97-ae62-7c3ce0fc3975/t8atfti42x5-alt-perfumery-baron.jpg | https://mtdlhxbwblrxtzsdjlav.supabase.co/storage/v1/object/public/perfume-images/7356b01f-0cc3-4f97-ae62-7c3ce0fc3975/t8atfuef7ne-alt-perfumery-baron.jpg | https://mtdlhxbwblrxtzsdjlav.supabase.co/storage/v1/object/public/perfume-images/7356b01f-0cc3-4f97-ae62-7c3ce0fc3975/t8atfvrvlbs-alt-perfumery-baron.jpg","https://s.shopee.co.id/6puNlv92Jt","mandalika-24-hours | sonder-scents-255 | scensology-oranos | de-antoine-golden-mirage | whspr-ode-to-revenge","Alt Perfumery Baron adalah parfum dengan nuansa kopi, whiskey, dan leather yang bold, cocok untuk pecinta aroma malam yang hangat dan misterius.","https://cariparfum.com/parfum/alt-perfumery-baron","","2026-10-06T13:26:09.457Z"
"Alt Perfumery","Foxy","Eau de Parfum","284000","IDR","InStock","Grapefruit | Pineapple | Passion Fruit","Jasmine | Peony | Red Berry | Vanilla Orchid","Oakmoss | Woody | Musk","Fruity | Floral","Playful | Ringan | Menyegarkan","Masculine","","️ Siang | Sore | ️ Panas | ️ Hujan","https://mtdlhxbwblrxtzsdjlav.supabase.co/storage/v1/object/public/perfume-images/b7da2871-a4b1-44a7-818c-3c2a9ae24fdc/t8atcautqa5-alt-perfumery-foxy.jpg | https://mtdlhxbwblrxtzsdjlav.supabase.co/storage/v1/object/public/perfume-images/b7da2871-a4b1-44a7-818c-3c2a9ae24fdc/t8atcbmwqfk-alt-perfumery-foxy.jpg | https://mtdlhxbwblrxtzsdjlav.supabase.co/storage/v1/object/public/perfume-images/b7da2871-a4b1-44a7-818c-3c2a9ae24fdc/t8atccecwi7-alt-perfumery-foxy.jpg","https://s.shopee.co.id/60LGmSwN4y","saka-perfumery-nashville | honino-romeo-roses | sarcasm-fragrance-sigma | loco-scent-mocktail-in-the-garden | scuse-me-to-be-a-wallflower","Alt Perfumery Foxy menawarkan kombinasi fruity floral yang playful dan airy, cocok untuk sore santai atau hangout di cuaca panas tropis Indonesia.","https://cariparfum.com/parfum/alt-perfumery-foxy","","2026-10-06T13:26:15.809Z"
"Alt Perfumery","JOIE de VIVRE","Eau de Parfum","279000","IDR","InStock","Black Pepper | Pink Pepper | Coriander | Wild Cherry","Ginger | Cognac | Jasmine | Rose","Cedar | Patchouli | Tonka Bean | Cashmere Wood","Fruity | Amber","Playful | Hangat","Masculine","","Sore | Malam | ️ Dingin","https://mtdlhxbwblrxtzsdjlav.supabase.co/storage/v1/object/public/perfume-images/d765524a-b880-4def-887e-80aaa71323b4/t8if18j615l-alt-perfumery-joie-de-vivre.webp | https://mtdlhxbwblrxtzsdjlav.supabase.co/storage/v1/object/public/perfume-images/d765524a-b880-4def-887e-80aaa71323b4/t8if19v5bm8-alt-perfumery-joie-de-vivre.webp | https://mtdlhxbwblrxtzsdjlav.supabase.co/storage/v1/object/public/perfume-images/d765524a-b880-4def-887e-80aaa71323b4/t8if1achty5-alt-perfumery-joie-de-vivre.webp","https://s.shopee.co.id/W0KExWt0t","honor-perfume-denali | loco-scent-red-rhapsody | loco-scent-into-the-waves | honino-romeo-roses | sumu-legacy","Parfum JOIE de VIVRE dari Alt Perfumery memadukan cherry, rempah, floral, dan woody-tonka dalam satu komposisi modern yang unik dan cocok untuk suasana sore.","https://cariparfum.com/parfum/alt-perfumery-joie-de-vivre","","2026-10-06T13:25:30.381Z"
"Alt Perfumery","Manners Maketh","Eau de Parfum","217000","IDR","InStock","Cinnamon | Pink Pepper | Red Pepper","Smoky Note | Geranium | Saffron","Sandalwood | Benzoin | Musk","Amber | Kering & Smoky","Hangat | Tegas","Masculine","","Sore | Malam | ️ Dingin","https://mtdlhxbwblrxtzsdjlav.supabase.co/storage/v1/object/public/perfume-images/e7ec9290-0782-4464-9295-f79952095dff/t8iezmr2bdm-alt-perfumery-manners-maketh.webp | https://mtdlhxbwblrxtzsdjlav.supabase.co/storage/v1/object/public/perfume-images/e7ec9290-0782-4464-9295-f79952095dff/t8ieznpeap6-alt-perfumery-manners-maketh.webp | https://mtdlhxbwblrxtzsdjlav.supabase.co/storage/v1/object/public/perfume-images/e7ec9290-0782-4464-9295-f79952095dff/t8ieznays7p-alt-perfumery-manners-maketh.webp","https://s.shopee.co.id/9zrPXsazTd","loco-scent-smoke-on-top | sonder-scents-255 | evesol-jinggala | citizens-of-the-world-habanos | tempt-chleon","Parfum Manners Maketh dari Alt Perfumery menghadirkan aroma spicy smoky dengan sentuhan benzoin dan sandalwood, cocok untuk suasana malam yang hangat.","https://cariparfum.com/parfum/alt-perfumery-manners-maketh","","2026-10-06T13:24:58.717Z"
"Alt Perfumery","Martini in New York","Eau de Parfum","217000","IDR","InStock","Bulgarian Rose | Neroli","White Rose | Turkish Rose | Jasmine","Myrrh | Amyris | Musk","Floral | Amber","Elegan | Hangat","Masculine","","Sore | Malam | ️ Dingin | ️ Hujan","https://mtdlhxbwblrxtzsdjlav.supabase.co/storage/v1/object/public/perfume-images/a1ac5414-d8dd-4ce0-abbc-4ffeff23a7bd/t8atg9o0ze2-alt-perfumery-martini-in-new-york.jpg | https://mtdlhxbwblrxtzsdjlav.supabase.co/storage/v1/object/public/perfume-images/a1ac5414-d8dd-4ce0-abbc-4ffeff23a7bd/t8atgao8ect-alt-perfumery-martini-in-new-york.jpg | https://mtdlhxbwblrxtzsdjlav.supabase.co/storage/v1/object/public/perfume-images/a1ac5414-d8dd-4ce0-abbc-4ffeff23a7bd/t8atga1fb27-alt-perfumery-martini-in-new-york.jpg","https://s.shopee.co.id/AAApjwxsPr","loco-scent-red-rhapsody | honino-romeo-roses | mykonos-xoxo-rosy | de-antoine-secret-de-tilia | de-antoine-de-tilia","Alt Perfumery Martini in New York menghadirkan nuansa floral elegan dengan sentuhan hangat myrrh, cocok untuk malam santai di kota besar yang stylish.","https://cariparfum.com/parfum/alt-perfumery-martini-in-new-york","","2026-10-06T13:24:57.326Z"
"Alt Perfumery","Moroccan Sunset","Eau de Parfum","331000","IDR","InStock","Bergamot | Neroli | Red Fruit","Orange Blossom | Resin | Cinnamon | Jasmine","Cedarwood | Vanilla | Caramel | Musk","Gourmand | Floral","Hangat | Nyaman","Masculine","","Sore | Malam | ️ Dingin","https://mtdlhxbwblrxtzsdjlav.supabase.co/storage/v1/object/public/perfume-images/c5f4159a-d342-42ef-99e4-e8bc73def957/t8atcfsuu5p-alt-perfumery-moroccan-sunset.jpg | https://mtdlhxbwblrxtzsdjlav.supabase.co/storage/v1/object/public/perfume-images/c5f4159a-d342-42ef-99e4-e8bc73def957/t8atcgu9mct-alt-perfumery-moroccan-sunset.jpg | https://mtdlhxbwblrxtzsdjlav.supabase.co/storage/v1/object/public/perfume-images/c5f4159a-d342-42ef-99e4-e8bc73def957/t8atchlmrvg-alt-perfumery-moroccan-sunset.jpg","https://s.shopee.co.id/10wapJrqro","alt-perfumery-moroccan-sunset-intense | honino-romeo-roses | aamodini-kirana | reboura-living-montage | sighnil-cherry-on-date-night","Alt Perfumery Moroccan Sunset membawa nuansa sore di Maroko dengan aroma floral-fruity, vanilla, dan caramel yang hangat, cocok untuk malam santai.","https://cariparfum.com/parfum/alt-perfumery-moroccan-sunset","","2026-10-06T13:25:00.010Z"
"Alt Perfumery","Moroccan Sunset Intense","Extrait de Parfum","145000","IDR","InStock","Bergamot | Neroli | Red Fruit","Orange Blossom | Cinnamon | Jasmine | Gardenia","Vanilla | Caramel | Vetiver","Gourmand | Floral","Hangat | Nyaman","Masculine","","Sore | Malam | ️ Dingin | ️ Hujan","https://mtdlhxbwblrxtzsdjlav.supabase.co/storage/v1/object/public/perfume-images/25f21c21-fa4f-4d31-9ffa-58bd11cea69c/t8iezpzvui8-alt-perfumery-moroccan-sunset-intense.webp | https://mtdlhxbwblrxtzsdjlav.supabase.co/storage/v1/object/public/perfume-images/25f21c21-fa4f-4d31-9ffa-58bd11cea69c/t8iezqxs94o-alt-perfumery-moroccan-sunset-intense.webp | https://mtdlhxbwblrxtzsdjlav.supabase.co/storage/v1/object/public/perfume-images/25f21c21-fa4f-4d31-9ffa-58bd11cea69c/t8iezrn3qtx-alt-perfumery-moroccan-sunset-intense.webp","https://s.shopee.co.id/Lgu2ASB5Y","alt-perfumery-moroccan-sunset | the-body-tale-rosie-de-marrie | mykonos-caramel-fudge-cookie | mykonos-black-opera | hint-metaverse","Alt Perfumery Moroccan Sunset Intense menghadirkan suasana malam hangat penuh vanilla, caramel, dan bunga putih, cocok untuk momen intim dan santai.","https://cariparfum.com/parfum/alt-perfumery-moroccan-sunset-intense","","2026-10-06T13:25:57.242Z"
"Alt Perfumery","Pina Colada in Havana","Eau de Parfum","217000","IDR","InStock","Bergamot | Pink Pepper | Cardamom Guatemala | Mint | Violet Leaf","Orange Blossom | Cinnamon | Geranium | Clary Sage","Cedarwood | Patchouli | Tonka Bean | Cashmere Wood","Hijau Segar | Woody","Menyegarkan | Hangat","Masculine","","Sore | Malam | ️ Panas | ️ Dingin","https://mtdlhxbwblrxtzsdjlav.supabase.co/storage/v1/object/public/perfume-images/563dca58-4245-4f10-b8f3-348245617d1d/t8atc7tx206-alt-perfumery-pi-a-colada-in-havana.jpg | https://mtdlhxbwblrxtzsdjlav.supabase.co/storage/v1/object/public/perfume-images/563dca58-4245-4f10-b8f3-348245617d1d/t8atc7j655p-alt-perfumery-pi-a-colada-in-havana.jpg | https://mtdlhxbwblrxtzsdjlav.supabase.co/storage/v1/object/public/perfume-images/563dca58-4245-4f10-b8f3-348245617d1d/t8atc8aifwl-alt-perfumery-pi-a-colada-in-havana.jpg","https://s.shopee.co.id/9Uv8wzXPZS","argve-ardour | loco-scent-into-the-waves | world-of-make-scents-ermis-solid-perfume | honino-shower-song | saudade-olfactory-bonsai-we-kept","Alt Perfumery Pina Colada in Havana menghadirkan sensasi minty-fresh yang berpadu cashmere wood hangat, cocok untuk sore santai hingga malam di iklim tropis.","https://cariparfum.com/parfum/alt-perfumery-pina-colada-in-havana","","2026-10-06T13:25:07.697Z"
"Alt Perfumery","Reverie","Eau de Parfum","217000","IDR","InStock","White Flower | Tuberose","Blackcurrant | Davana","Myrrh | Vanilla","Floral | Gourmand","Sensual | Hangat | Nyaman","Masculine","","Sore | Malam | ️ Dingin","https://mtdlhxbwblrxtzsdjlav.supabase.co/storage/v1/object/public/perfume-images/5db096ff-1389-4aa4-8191-6d2ad33b47be/t8athtjai5d-alt-perfumery-reverie.jpg | https://mtdlhxbwblrxtzsdjlav.supabase.co/storage/v1/object/public/perfume-images/5db096ff-1389-4aa4-8191-6d2ad33b47be/t8athtfr3jv-alt-perfumery-reverie.jpg | https://mtdlhxbwblrxtzsdjlav.supabase.co/storage/v1/object/public/perfume-images/5db096ff-1389-4aa4-8191-6d2ad33b47be/t8athuidhn0-alt-perfumery-reverie.jpg","https://s.shopee.co.id/7AXEATqclM","house-of-medici-shakespeare-elegiac | satellite-of-glow-aura-ubud | scent-of-jarte-blank-space | mykonos-verve | laboratori-semplice-tuberose","Alt Perfumery Reverie menghadirkan sensasi floral manis dengan tuberose dan vanilla yang hangat, sempurna untuk sore hingga malam penuh kehangatan.","https://cariparfum.com/parfum/alt-perfumery-reverie","","2026-10-06T13:25:35.829Z"
"Alt Perfumery","SHFT Aurora","Eau de Parfum","274000","IDR","InStock","Ginger | Green Note | Citrus","Jasmine | Lily of the Valley","Amber | Woody Note | Musk","Sitrus Segar | Floral","Menyegarkan | Bersih","Masculine","","Pagi | ️ Siang | Sore | ️ Panas | ️ Hujan","https://mtdlhxbwblrxtzsdjlav.supabase.co/storage/v1/object/public/perfume-images/d030c614-3d4a-44ac-b5b2-33a113074c5a/t8if15fzgl0-alt-perfumery-shft-aurora.webp | https://mtdlhxbwblrxtzsdjlav.supabase.co/storage/v1/object/public/perfume-images/d030c614-3d4a-44ac-b5b2-33a113074c5a/t8if16a0qro-alt-perfumery-shft-aurora.webp | https://mtdlhxbwblrxtzsdjlav.supabase.co/storage/v1/object/public/perfume-images/d030c614-3d4a-44ac-b5b2-33a113074c5a/t8if16yy4f7-alt-perfumery-shft-aurora.webp","https://s.shopee.co.id/6Ky7BKO6T7","honino-romeo-roses | reboura-majestic-night | periodic-01-ivy | scentorium-fragrance-daylight-wander | saka-perfumery-nashville","Alt Perfumery SHFT Aurora adalah parfum EdP yang membawa nuansa citrus segar, floral lembut, dan woody ringan yang cocok untuk hari aktif di iklim tropis.","https://cariparfum.com/parfum/alt-perfumery-shft-aurora","","2026-10-06T13:25:53.759Z"
"Alt Perfumery","SHFT Evora","Eau de Parfum","274000","IDR","InStock","Cassis | Lemon | Apple","Bulgarian Rose | Chamomile | Geranium","Amberwood | Sandalwood | Musk","Fruity | Floral","Nyaman | Menyegarkan","Masculine","","Sore | Malam | ️ Panas | ️ Hujan","https://mtdlhxbwblrxtzsdjlav.supabase.co/storage/v1/object/public/perfume-images/b35fb276-72a1-41d2-9212-9a3303bdeeed/t8iezvgnzch-alt-perfumery-shft-evora.webp | https://mtdlhxbwblrxtzsdjlav.supabase.co/storage/v1/object/public/perfume-images/b35fb276-72a1-41d2-9212-9a3303bdeeed/t8iezwnoavi-alt-perfumery-shft-evora.webp | https://mtdlhxbwblrxtzsdjlav.supabase.co/storage/v1/object/public/perfume-images/b35fb276-72a1-41d2-9212-9a3303bdeeed/t8iezxldqtm-alt-perfumery-shft-evora.webp","https://s.shopee.co.id/143dimA76","loco-scent-red-rhapsody | honino-romeo-roses | world-of-make-scents-ermis-solid-perfume | merah-poetih-rayuan-pulau-kelapa | mykonos-xoxo-rosy","Alt Perfumery SHFT Evora adalah parfum fruity-floral dengan sentuhan sandalwood dan musk, menghadirkan nuansa cozy dan fresh yang cocok dipakai sore hingga.","https://cariparfum.com/parfum/alt-perfumery-shft-evora","","2026-10-06T13:25:02.560Z"
"Alt Perfumery","SHFT Hydra","Eau de Parfum","274000","IDR","InStock","Bergamot | Peach | Pomegranate","Bulgarian Rose | Jasmine | Peony","Sandalwood | Vanilla | Musk","Fruity | Floral","Playful | Hangat","Masculine","","Sore | Malam | ️ Panas | ️ Hujan","https://mtdlhxbwblrxtzsdjlav.supabase.co/storage/v1/object/public/perfume-images/f2b80449-631b-48fd-b0ab-febc264debe3/t8iezscrvb0-alt-perfumery-shft-hydra.webp | https://mtdlhxbwblrxtzsdjlav.supabase.co/storage/v1/object/public/perfume-images/f2b80449-631b-48fd-b0ab-febc264debe3/t8ieztlfvv6-alt-perfumery-shft-hydra.webp | https://mtdlhxbwblrxtzsdjlav.supabase.co/storage/v1/object/public/perfume-images/f2b80449-631b-48fd-b0ab-febc264debe3/t8iezu11x4z-alt-perfumery-shft-hydra.webp","https://s.shopee.co.id/7pmuyDf4vQ","honino-romeo-roses | loco-scent-red-rhapsody | evesol-jinggala | world-of-make-scents-kiko-crumbs-solid-perfume | de-antoine-secret-de-tilia","Parfum SHFT Hydra dari Alt Perfumery menghadirkan paduan fruity-floral yang segar dan creamy, dengan sentuhan musk dan vanilla, cocok untuk aktivitas di cuaca.","https://cariparfum.com/parfum/alt-perfumery-shft-hydra","","2026-10-06T13:26:37.423Z"
"Alt Perfumery","Tahiti Sunrise","Eau de Parfum","217000","IDR","InStock","Fruity Note | Coconut","Sea Salt | Solar Note","Amber | Vanilla | Musk","Fruity | Gourmand","Hangat","Masculine","","Sore | Malam | ️ Dingin | ️ Hujan","https://mtdlhxbwblrxtzsdjlav.supabase.co/storage/v1/object/public/perfume-images/08e26a19-7d7f-44d3-bb5b-38a0ed7770f7/t8atg2j2nct-alt-perfumery-tahiti-sunrise.jpg | https://mtdlhxbwblrxtzsdjlav.supabase.co/storage/v1/object/public/perfume-images/08e26a19-7d7f-44d3-bb5b-38a0ed7770f7/t8atg36lplg-alt-perfumery-tahiti-sunrise.jpg | https://mtdlhxbwblrxtzsdjlav.supabase.co/storage/v1/object/public/perfume-images/08e26a19-7d7f-44d3-bb5b-38a0ed7770f7/t8atg4wlfjw-alt-perfumery-tahiti-sunrise.jpg","https://s.shopee.co.id/AUng8ZrfO6","honino-romeo-roses | ouru-warm-whiskey | die-without-smell-soft-touch | botanical-essentials-solace | scent-of-jarte-peony-noel","Parfum Tahiti Sunrise dari Alt Perfumery menghadirkan aroma kelapa, sea salt, dan vanilla yang creamy, cocok untuk suasana tropis dan santai sepanjang hari.","https://cariparfum.com/parfum/alt-perfumery-tahiti-sunrise","","2026-10-06T13:26:13.377Z"
"Alt Perfumery","Teatime in Kyoto","Eau de Parfum","217000","IDR","InStock","Citrus | Jasmine | White Floral","Eucalyptus | Green Note","Sandalwood | Musk","Hijau Segar | Woody","Menyegarkan | Menenangkan","Masculine","","Pagi | ️ Siang | Sore | ️ Panas | ️ Hujan","https://mtdlhxbwblrxtzsdjlav.supabase.co/storage/v1/object/public/perfume-images/0bc02aec-84c0-4570-aac6-ab220ca56a3c/t8atc37rawg-alt-perfumery-teatime-in-kyoto.jpg | https://mtdlhxbwblrxtzsdjlav.supabase.co/storage/v1/object/public/perfume-images/0bc02aec-84c0-4570-aac6-ab220ca56a3c/t8atc350ik0-alt-perfumery-teatime-in-kyoto.jpg | https://mtdlhxbwblrxtzsdjlav.supabase.co/storage/v1/object/public/perfume-images/0bc02aec-84c0-4570-aac6-ab220ca56a3c/t8atc4twywl-alt-perfumery-teatime-in-kyoto.jpg","https://s.shopee.co.id/8zysLzfWny","notts-hatsukoi | honino-romeo-roses | saka-perfumery-sunward | die-without-smell-yes-honey | alt-perfumery-shft-aurora","Alt Perfumery Teatime in Kyoto memadukan citrus dan hijau segar dengan sentuhan sandalwood yang lembut, cocok untuk hari-hari aktif di iklim tropis.","https://cariparfum.com/parfum/alt-perfumery-teatime-in-kyoto","","2026-10-06T13:25:57.901Z"
"Alt Perfumery","Uptown","Eau de Parfum","284000","IDR","InStock","Red Apple | Strawberry | Citrus | Blackcurrant","Jasmine | Rose | Freesia | Sweet Pea","Amber | Sandalwood | Raspberry | Musk","Fruity | Floral","Playful | Hangat | Menyegarkan","Masculine","","️ Siang | Sore | ️ Panas | ️ Hujan","https://mtdlhxbwblrxtzsdjlav.supabase.co/storage/v1/object/public/perfume-images/d9a98c85-b6d6-47f4-b3a2-13376b960fa0/t8atfzzf975-alt-perfumery-uptown.jpg | https://mtdlhxbwblrxtzsdjlav.supabase.co/storage/v1/object/public/perfume-images/d9a98c85-b6d6-47f4-b3a2-13376b960fa0/t8atfzevvwl-alt-perfumery-uptown.jpg | https://mtdlhxbwblrxtzsdjlav.supabase.co/storage/v1/object/public/perfume-images/d9a98c85-b6d6-47f4-b3a2-13376b960fa0/t8atg0a7goa-alt-perfumery-uptown.jpg","https://s.shopee.co.id/6VHXNK5VAY","honino-romeo-roses | loco-scent-red-rhapsody | loco-scent-mocktail-in-the-garden | layr-velvet-dream | die-without-smell-you-name-it","Alt Perfumery Uptown menghadirkan aroma fruity-floral dengan sentuhan manis raspberry dan kayu sandalwood, cocok untuk suasana santai dan hangout sore di kota.","https://cariparfum.com/parfum/alt-perfumery-uptown","","2026-10-06T13:24:56.106Z"
"Altar Scents","Insomnus","Eau de Parfum","248000","IDR","InStock","Butter | Ube | Coconut Milk","Peach | Whipped Cream","Vanilla | Caramel | Musk","Gourmand | Fruity","Nyaman","Masculine","","Malam | ️ Dingin","https://mtdlhxbwblrxtzsdjlav.supabase.co/storage/v1/object/public/perfume-images/5ea06d09-a1c5-4268-b928-2064b7223dd5/t8aund1imxc-altar-scents-insomnus.webp | https://mtdlhxbwblrxtzsdjlav.supabase.co/storage/v1/object/public/perfume-images/5ea06d09-a1c5-4268-b928-2064b7223dd5/t8aunesc7is-altar-scents-insomnus.webp","https://s.shopee.co.id/gJkRLlYXq","world-of-make-scents-kiko-crumbs-solid-perfume | honino-romeo-roses | mykonos-caramel-fudge-cookie | house-of-medici-shakespeare-elegiac | mykonos-vanilla-clouds","Parfum Insomnus dari Altar Scents menghadirkan perpaduan ube, coconut milk, caramel, dan vanilla yang creamy manis, cocok untuk suasana santai di malam hari.","https://cariparfum.com/parfum/altar-scents-insomnus","","2026-10-06T13:26:05.565Z"
"Altar Scents","Maelstrom","Eau de Parfum","229000","IDR","InStock","Bergamot | Orange","Pink Pepper | Neroli | Lemon | Cardamom","Vetiver","Sitrus Segar | Woody","Energik | Menyegarkan","Masculine","","Pagi | ️ Siang | Sore | ️ Panas | ️ Hujan","https://mtdlhxbwblrxtzsdjlav.supabase.co/storage/v1/object/public/perfume-images/afe034b7-47ea-4dff-8f26-73952a008de5/t8aup2y6th2-altar-scents-maelstrom.webp | https://mtdlhxbwblrxtzsdjlav.supabase.co/storage/v1/object/public/perfume-images/afe034b7-47ea-4dff-8f26-73952a008de5/t8aup207lxo-altar-scents-maelstrom.webp","https://s.shopee.co.id/60LGnBiFXM","scents-of-pluto-the-active-project | compounded-by-akira | the-body-tale-rosie-de-marrie | mykonos-inception | astree-sunday-at-monaco","Parfum Maelstrom dari Altar Scents menonjolkan aroma citrus segar dengan aksen rempah dan vetiver yang bersih, cocok untuk suasana aktif di cuaca panas.","https://cariparfum.com/parfum/altar-scents-maelstrom","","2026-10-06T13:25:03.779Z"
"Altar Scents","Midas","Eau de Parfum","225000","IDR","InStock","Honey","Vanilla | Clove","Amber | Agarwood | Tonka Bean","Amber | Gourmand","Hangat | Nyaman | Misterius","Masculine","","Malam | ️ Dingin","https://mtdlhxbwblrxtzsdjlav.supabase.co/storage/v1/object/public/perfume-images/18f89453-66fc-497e-bf93-e0bcbf84f022/t8auoz05ob5-altar-scents-midas.webp | https://mtdlhxbwblrxtzsdjlav.supabase.co/storage/v1/object/public/perfume-images/18f89453-66fc-497e-bf93-e0bcbf84f022/t8aup07c6xr-altar-scents-midas.webp","https://s.shopee.co.id/3qGmDGBd1U","honino-romeo-roses | loco-scent-red-rhapsody | world-of-make-scents-kiko-crumbs-solid-perfume | ouru-warm-whiskey | ouru-vanilla-velvet-2-0","Altar Scents Midas adalah parfum honey-amber gourmand dengan sentuhan oud dan vanilla, menghadirkan nuansa hangat dan misterius untuk malam santai.","https://cariparfum.com/parfum/altar-scents-midas","","2026-10-06T13:25:06.525Z"
"Altar Scents","Nigredo","Eau de Parfum","237000","IDR","InStock","Bergamot | Black Cherry | Black Pepper | Coke","Ginger | Cognac | Jasmine","Indonesian Patchouli | Vanilla | Benzoin","Gourmand | Amber","Hangat","Masculine","","Malam | ️ Dingin","https://mtdlhxbwblrxtzsdjlav.supabase.co/storage/v1/object/public/perfume-images/f74be108-bea9-4323-b273-bd325b2d541b/t8aunocwkz3-altar-scents-nigredo.webp | https://mtdlhxbwblrxtzsdjlav.supabase.co/storage/v1/object/public/perfume-images/f74be108-bea9-4323-b273-bd325b2d541b/t8aunp64q90-altar-scents-nigredo.webp | https://mtdlhxbwblrxtzsdjlav.supabase.co/storage/v1/object/public/perfume-images/f74be108-bea9-4323-b273-bd325b2d541b/t8aunqhe3pe-altar-scents-nigredo.webp","https://s.shopee.co.id/5VP0CMYvia","house-of-medici-shakespeare-elegiac | fragrance-by-petals-arabian-nights | alt-perfumery-joie-de-vivre | mykonos-black-opera | layr-second-skin","Parfum Nigredo dari Altar Scents menghadirkan aroma kola, black cherry, cognac, dan vanilla dengan sentuhan patchouli Indonesia, menciptakan karakter gourmand.","https://cariparfum.com/parfum/altar-scents-nigredo","","2026-10-06T13:26:35.417Z"
"Altar Scents","Paradiso","Eau de Parfum","389000","IDR","InStock","Bergamot | Rhubarb | Water Jasmine | Kiwi","Lily | Peach | Cyclamen | Heliotrope","Amber | Sandalwood | Vanilla | Tonka Bean | Musk","Fruity | Amber","Playful | Hangat | Nyaman","Masculine","","Sore | Malam | ️ Dingin | ️ Hujan","https://mtdlhxbwblrxtzsdjlav.supabase.co/storage/v1/object/public/perfume-images/9dda9ba9-fcca-45b7-8c32-764b78bc5f17/t8aunkckebw-altar-scents-paradiso.webp | https://mtdlhxbwblrxtzsdjlav.supabase.co/storage/v1/object/public/perfume-images/9dda9ba9-fcca-45b7-8c32-764b78bc5f17/t8aunk20b2m-altar-scents-paradiso.webp | https://mtdlhxbwblrxtzsdjlav.supabase.co/storage/v1/object/public/perfume-images/9dda9ba9-fcca-45b7-8c32-764b78bc5f17/t8aunlo0250-altar-scents-paradiso.webp","https://s.shopee.co.id/60LGnKiwee","honino-romeo-roses | world-of-make-scents-kiko-crumbs-solid-perfume | layr-velvet-dream | sonder-scents-255 | evesol-jinggala","Altar Scents Paradiso memadukan nuansa buah segar, floral lembut, dan creamy vanilla sandalwood, cocok untuk hangout santai di sore hingga malam hari.","https://cariparfum.com/parfum/altar-scents-paradiso","","2026-10-06T13:25:56.092Z"
"Altar Scents","Passiflora","Eau de Parfum","381000","IDR","InStock","Papaya | Blackcurrant | Passion Fruit","Passionflower | Osmanthus | Rose","Sandalwood | Vanilla | Musk","Fruity | Floral","Playful","Masculine","","️ Siang | Sore | ️ Panas | ️ Hujan","https://mtdlhxbwblrxtzsdjlav.supabase.co/storage/v1/object/public/perfume-images/f79af5c4-8075-4c98-8a29-e0efa1becce5/t8auoubhb4l-altar-scents-passiflora.webp | https://mtdlhxbwblrxtzsdjlav.supabase.co/storage/v1/object/public/perfume-images/f79af5c4-8075-4c98-8a29-e0efa1becce5/t8auovaimqy-altar-scents-passiflora.webp","https://s.shopee.co.id/8APlNL9Yjg","honino-romeo-roses | loco-scent-red-rhapsody | mykonos-moroccan-vanilla | merah-poetih-rayuan-pulau-kelapa | die-without-smell-you-name-it","Parfum Passiflora dari Altar Scents menghadirkan aroma buah tropis dan floral lembut, berpadu vanilla dan sandalwood, cocok untuk suasana hangat dan ceria.","https://cariparfum.com/parfum/altar-scents-passiflora","","2026-10-06T13:26:36.679Z"
"Altar Scents","Pomona","Eau de Parfum","240000","IDR","InStock","Fig | Green Tomato","Patchouli | Geranium","Cedarwood | Oakmoss","Hijau Segar | Woody Lumut","Earthy | Menyegarkan","Masculine","","Pagi | ️ Siang | Sore | ️ Panas | ️ Hujan","https://mtdlhxbwblrxtzsdjlav.supabase.co/storage/v1/object/public/perfume-images/e105616c-edd1-4be2-897b-b3167ed280e4/t8avq51plm8-altar-scents-pomona.webp | https://mtdlhxbwblrxtzsdjlav.supabase.co/storage/v1/object/public/perfume-images/e105616c-edd1-4be2-897b-b3167ed280e4/t8avq6x428i-altar-scents-pomona.webp","https://s.shopee.co.id/AUng9eVLU8","honor-perfume-crimson | world-of-make-scents-ermis-solid-perfume | house-of-medici-baldassare-sprezzatura | compounded-by-ethan | maison-garnet-sounds-of-the-alps","Parfum Pomona dari Altar Scents menghadirkan aroma hijau tomat, fig, dan oakmoss yang segar dan earthy, cocok untuk pecinta parfum dengan karakter alami.","https://cariparfum.com/parfum/altar-scents-pomona","","2026-10-06T13:25:25.923Z"
"Altar Scents","Salvatio","Eau de Parfum","237000","IDR","InStock","Ozone | Yuzu","Jasmine | Mugane | Skin | Milk","Orcanox | Moss","Akuatik | Floral","Bersih","Masculine","","Pagi | ️ Siang | Sore | ️ Panas | ️ Hujan","https://mtdlhxbwblrxtzsdjlav.supabase.co/storage/v1/object/public/perfume-images/9472af63-0b32-4e15-b605-cf963f2a553c/t8auorfzn5j-altar-scents-salvatio.webp | https://mtdlhxbwblrxtzsdjlav.supabase.co/storage/v1/object/public/perfume-images/9472af63-0b32-4e15-b605-cf963f2a553c/t8auorfbwfv-altar-scents-salvatio.webp","https://s.shopee.co.id/9KbilXCyrU","speaks-to-me-by-the-beach | layr-kyoto-jazz | laboratori-semplice-jasmine | scuse-me-no-bees-were-harmed | personal-chemistry-memo","Parfum Salvatio dari Altar Scents menawarkan aroma ozon, yuzu, dan creamy moss yang airy dan modern, cocok untuk cuaca panas dan aktivitas harian di Indonesia.","https://cariparfum.com/parfum/altar-scents-salvatio","","2026-10-06T13:25:07.662Z"
"Altar Scents","Solarium","Eau de Parfum","229000","IDR","InStock","Bergamot | Green Tea","Petitgrain | Lemongrass","White Musk","Hijau Segar | Sitrus Segar","Menyegarkan | Bersih","Masculine","","Pagi | ️ Siang | ️ Panas | ️ Hujan","https://mtdlhxbwblrxtzsdjlav.supabase.co/storage/v1/object/public/perfume-images/5bf8f5fe-0b71-4325-8a56-a1a258399de7/t8auowii2cq-altar-scents-solariun.webp | https://mtdlhxbwblrxtzsdjlav.supabase.co/storage/v1/object/public/perfume-images/5bf8f5fe-0b71-4325-8a56-a1a258399de7/t8auoxseiqg-altar-scents-solariun.webp","https://s.shopee.co.id/5L5a0DvvIw","atsiri-1963 | scentnario-hidden-haven | laboratori-semplice-bergamot | diell-fragrance-capri-in-summer | sianc-iltsb","Altar Scents Solarium adalah parfum EdP segar dengan nuansa bergamot, green tea, dan white musk, cocok untuk hari panas dan aktivitas pagi yang aktif.","https://cariparfum.com/parfum/altar-scents-solarium","","2026-10-06T13:26:11.094Z"
"Altar Scents","Terranostra","Extrait de Parfum","245000","IDR","InStock","Rice Powder | Plum | Saffron","Hawthorn | Beetroot | Coffee","Sandalwood | Labdanum | Cashmere","Powdery | Amber","Hangat | Nyaman | Misterius","Masculine","","Sore | Malam | ️ Dingin | ️ Hujan","https://mtdlhxbwblrxtzsdjlav.supabase.co/storage/v1/object/public/perfume-images/1c94236e-9ece-45e3-9b24-77d56ecff89d/t8aunglgomb-altar-scents-terranostra.webp | https://mtdlhxbwblrxtzsdjlav.supabase.co/storage/v1/object/public/perfume-images/1c94236e-9ece-45e3-9b24-77d56ecff89d/t8aunhm4sog-altar-scents-terranostra.webp | https://mtdlhxbwblrxtzsdjlav.supabase.co/storage/v1/object/public/perfume-images/1c94236e-9ece-45e3-9b24-77d56ecff89d/t8aunht3zmu-altar-scents-terranostra.webp","https://s.shopee.co.id/9AIIZLsiR6","layr-kyoto-jazz | sonder-scents-255 | laboratori-semplice-labdanum | laboratori-semplice-sandalwood | reboura-bibliosmia","Altar Scents Terranostra menghadirkan perpaduan plum, kopi, dan kayu hangat, menawarkan sensasi cozy, powdery, dan sedikit misterius di waktu malam.","https://cariparfum.com/parfum/altar-scents-terranostra","","2026-10-06T13:24:52.544Z"
"Amthra","Bubble Trouble","Eau de Parfum","219000","IDR","InStock","Boba | Cardamom","Jasmine | Black Tea","Milk | Sugar","Gourmand | Floral","Playful | Nyaman","Masculine","","Sore | Malam | ️ Dingin | ️ Hujan","https://mtdlhxbwblrxtzsdjlav.supabase.co/storage/v1/object/public/perfume-images/6def2283-a616-4bb7-8c57-e3440cb13d71/t8avscegq22-amthra-bubble-trouble.webp","https://s.shopee.co.id/3LKVg8feuV","laboratori-semplice-jasmine | sumu-genesis | mykonos-chai-crema-latte | satellite-of-glow-kapadokya-mistik | scuse-me-jasmine-to-be","Amthra Bubble Trouble adalah parfum playful dan cozy dengan sentuhan milk tea, boba, dan jasmine, cocok untuk pecinta aroma gourmand kekinian.","https://cariparfum.com/parfum/amthra-bubble-trouble","","2026-10-06T13:25:24.066Z"
"Amthra","Hungry For Pistachio","Eau de Parfum","289000","IDR","InStock","Cassis | Pistachio | Hazelnut","Jasmine | Peony | Muguet","Vanilla | Maltol","Gourmand | Floral","Nyaman | Playful","Masculine","","Malam | ️ Dingin","https://mtdlhxbwblrxtzsdjlav.supabase.co/storage/v1/object/public/perfume-images/552a8c47-fbb8-4c4b-9f6e-2bb7b5e5c1bd/t8avqgoxo8u-amthra-hungry-for-pistachio.webp | https://mtdlhxbwblrxtzsdjlav.supabase.co/storage/v1/object/public/perfume-images/552a8c47-fbb8-4c4b-9f6e-2bb7b5e5c1bd/t8avqgbhw4s-amthra-hungry-for-pistachio.webp","https://s.shopee.co.id/10watssCbD","de-antoine-l-amour-toujours | mykonos-black-opera | anamcara-de-pistachio | hmns-o-hyper-bloom | scuse-me-to-be-a-wallflower","Amthra Hungry For Pistachio memadukan aroma pistachio, vanilla, dan bunga lembut, menghadirkan pengalaman gourmand yang cozy dan playful di malam santai.","https://cariparfum.com/parfum/amthra-hungry-for-pistachio","","2026-10-06T13:25:50.523Z"
"Amthra","Matcha Punch","Extrait de Parfum","228000","IDR","InStock","Clementine | Green Tea | Orange","Matcha | Jasmine | Magnolia | Milk | Ylang-Ylang","Vanilla | Benzoin | White Chocolate","Hijau Segar | Gourmand","Nyaman | Menenangkan | Menyegarkan","Masculine","","Sore | Malam | ️ Dingin | ️ Hujan","https://mtdlhxbwblrxtzsdjlav.supabase.co/storage/v1/object/public/perfume-images/75b9c364-2ad5-4d77-9cff-06ead28a2024/t8avsai211d-amthra-matcha-punch.webp","https://s.shopee.co.id/Lgu6ggJwP","honino-romeo-roses | maison-garnet-dawn-by-the-garden | house-of-medici-shakespeare-elegiac | mykonos-black-opera | reboura-flora-notes","Parfum Matcha Punch dari Amthra menghadirkan aroma green tea, citrus, dan creamy vanilla yang segar-gourmand, cocok untuk suasana santai di siang hari.","https://cariparfum.com/parfum/amthra-matcha-punch","","2026-10-06T13:25:34.308Z"
"Amthra","November Rain","Eau de Parfum","209000","IDR","InStock","Bergamot | Green Note | Pink Pepper","Watery Note | Jasmine | Rain Note | Rose","Pine Tree | Patchouli | Moss","Hijau Segar | Akuatik","Menyegarkan | Earthy","Masculine","","Pagi | ️ Siang | Sore | ️ Panas | ️ Hujan","https://mtdlhxbwblrxtzsdjlav.supabase.co/storage/v1/object/public/perfume-images/fca29181-fd15-4b22-9491-4b41e168e771/t8avqb0bpmo-amthra-november-rain.webp | https://mtdlhxbwblrxtzsdjlav.supabase.co/storage/v1/object/public/perfume-images/fca29181-fd15-4b22-9491-4b41e168e771/t8avqco0kfz-amthra-november-rain.webp","https://s.shopee.co.id/1BG16722jq","astree-whispering-wind | mykonos-xoxo-rosy | honino-romeo-roses | loco-scent-red-rhapsody | astree-villa-de-la-rose","Amthra November Rain menghadirkan sensasi segar dan earthy seperti hutan setelah hujan, dengan nuansa green, aquatic, dan sentuhan kayu yang menenangkan.","https://cariparfum.com/parfum/amthra-november-rain","","2026-10-06T13:26:35.245Z"
"Amthra","Orangelic","Extrait de Parfum","269000","IDR","InStock","Bergamot | Lemon","Rhubarb | Lotus | Patchouli","Amber | Moss","Sitrus Segar | Amber","Menyegarkan | Nyaman","Masculine","","Pagi | ️ Siang | Sore | ️ Panas | ️ Hujan","https://mtdlhxbwblrxtzsdjlav.supabase.co/storage/v1/object/public/perfume-images/d4d9907e-cf1e-4a5c-a3c6-76e4689b1e26/t8avtq1woh1-amthra-orangelic.webp | https://mtdlhxbwblrxtzsdjlav.supabase.co/storage/v1/object/public/perfume-images/d4d9907e-cf1e-4a5c-a3c6-76e4689b1e26/t8avtrqrhh1-amthra-orangelic.webp","https://s.shopee.co.id/9KbipGGfVx","scentnario-hidden-haven | scentalgia-fragrance-raw-morning-09-00am | world-of-make-scents-ermis-solid-perfume | speaks-to-me-by-the-beach | honino-romeo-roses","Amthra Orangelic adalah parfum segar citrus dengan sentuhan lotus dan moss, cocok untuk pagi hingga sore di iklim tropis, memberi kesan bersih dan cozy.","https://cariparfum.com/parfum/amthra-orangelic","","2026-10-06T13:24:43.261Z"
"Amthra","Red Lips","Eau de Parfum","219000","IDR","InStock","Orange Blossom | Bergamot | Black Pepper","Lavender | May Rose | Iris","Guaiac Wood | Patchouli | White Musk","Floral | Woody","Elegan | Ringan","Masculine","","Sore | Malam | ️ Panas | ️ Hujan","https://mtdlhxbwblrxtzsdjlav.supabase.co/storage/v1/object/public/perfume-images/596e56ca-9e53-47f2-89e4-f981a95bc927/t8avse0mskx-amthra-red-lips.webp","https://s.shopee.co.id/7KqeRc0mwq","loco-scent-red-rhapsody | scentalgia-fragrance-raw-morning-05-00am | honino-romeo-roses | astree-villa-de-la-rose | yn-perfumery-rose-in-september","Amthra Red Lips adalah parfum EdP floral woody modern dengan sentuhan iris dan white musk, terasa segar, elegan, dan pas untuk sore hingga malam hari.","https://cariparfum.com/parfum/amthra-red-lips","","2026-10-06T13:24:48.448Z"
"Amthra","Soaphisticated","Eau de Parfum","249000","IDR","InStock","Pink Peppercorn | Orange | Aldehydic | Cypress","White Flower | Orange Flower","Ambergris | Patchouli | Incense","Floral Lembut | Amber","Bersih | Hangat","Masculine","","Sore | Malam | ️ Dingin | ️ Hujan","https://mtdlhxbwblrxtzsdjlav.supabase.co/storage/v1/object/public/perfume-images/4f2d0259-5ffb-4cfa-9762-dea4525a4285/t8avq8dn2xr-amthra-soaphisticated.webp | https://mtdlhxbwblrxtzsdjlav.supabase.co/storage/v1/object/public/perfume-images/4f2d0259-5ffb-4cfa-9762-dea4525a4285/t8avq98sx91-amthra-soaphisticated.webp","https://s.shopee.co.id/40aCTDyDZ4","scent-of-jarte-golden-souffle | layr-velvet-dream | laboratori-semplice-patchouli | honor-perfume-denali | elaya-glimmer","Amthra Soaphisticated adalah parfum floral aldehydic yang bersih dan elegan, cocok untuk pecinta aroma clean dengan sentuhan hangat patchouli dan incense.","https://cariparfum.com/parfum/amthra-soaphisticated","","2026-10-06T13:25:40.895Z"
"Amthra","Tea Amo","Extrait de Parfum","229000","IDR","InStock","Jasmine | White Tea","Cempaka | Musk","Amber | Soft Wood","Hijau Segar | Floral","Ringan | Menenangkan","Masculine","","Pagi | ️ Siang | Sore | ️ Panas | ️ Hujan","https://mtdlhxbwblrxtzsdjlav.supabase.co/storage/v1/object/public/perfume-images/95c8bb24-a0a1-4f4e-9c9d-ff984c85ac39/t8avsghuh8w-amthra-tea-amo.webp","https://s.shopee.co.id/4VWT4CTxMe","honino-romeo-roses | mykonos-memoir-of-meri | avalanche-tidal-wave | sianc-iltsb | reboura-majestic-night","Amthra Tea Amo adalah parfum clean floral dengan sentuhan white tea yang airy dan musky, pas untuk suasana santai di sore tropis atau momen relaksasi.","https://cariparfum.com/parfum/amthra-tea-amo","","2026-10-06T13:25:30.420Z"
"Amthra","When I’m With You","Extrait de Parfum","249000","IDR","InStock","Bergamot | Pink Pepper | Blackcurrant","Rose | Geranium","Patchouli | Vetiver | Moss","Floral | Woody","Earthy | Elegan","Masculine","","Sore | Malam | ️ Hujan | ️ Dingin","https://mtdlhxbwblrxtzsdjlav.supabase.co/storage/v1/object/public/perfume-images/c8b51d06-a5d8-4b62-b299-a1f99c77f311/t8avqe1fc6u-amthra-when-i-m-with-you.webp | https://mtdlhxbwblrxtzsdjlav.supabase.co/storage/v1/object/public/perfume-images/c8b51d06-a5d8-4b62-b299-a1f99c77f311/t8avqeuqlz5-amthra-when-i-m-with-you.webp","https://s.shopee.co.id/7AXEFKVxFA","astree-villa-de-la-rose | world-of-make-scents-ambery | world-of-make-scents-ambery-solid-perfume | honino-baby-boomers | honino-romeo-roses","Amthra When I’m With You menyajikan sensasi floral-woody yang segar sekaligus earthy, cocok untuk sore hingga malam di suasana santai dan elegan.","https://cariparfum.com/parfum/amthra-when-im-with-you","","2026-10-06T13:26:31.328Z"
"Amthra","You Drive Me Nutty","Extrait de Parfum","230000","IDR","InStock","Almond Milk | Ambrette | Musk Mallow","Freesia | Iris","Vanilla | Tuberose | Tonka Bean | Musk","Gourmand | Floral Lembut","Nyaman | Hangat | Elegan","Masculine","","Sore | Malam | ️ Dingin | ️ Hujan","https://mtdlhxbwblrxtzsdjlav.supabase.co/storage/v1/object/public/perfume-images/274d2abf-6daa-4794-9a97-f7616655a51f/t8avs7gjcc3-amthra-you-drive-me-nutty.webp","https://s.shopee.co.id/Lgu6nhxgZ","aamo-luminara | honino-romeo-roses | loco-scent-dialogue-ivi | satellite-of-glow-santorini-omorfia | scuse-me-bella-donna","Amthra You Drive Me Nutty menghadirkan nuansa gourmand creamy yang hangat dan elegan, cocok untuk malam santai atau momen intim di cuaca sejuk.","https://cariparfum.com/parfum/amthra-you-drive-me-nutty","","2026-10-06T13:26:14.590Z"
"Anamcara","Coast","Extrait de Parfum","186000","IDR","InStock","Bergamot | Pear | Mandarin","Amber | Jasmine | Iris","Sandalwood | Musk","Sitrus Segar | Fruity","Menyegarkan | Bersih | Nyaman","Masculine","","Pagi | ️ Siang | Sore | ️ Panas | ️ Hujan","https://mtdlhxbwblrxtzsdjlav.supabase.co/storage/v1/object/public/perfume-images/b46975c5-8ab4-44e9-b38a-3b71bb6951c2/t8avtwhjlni-anamcara-coast.webp | https://mtdlhxbwblrxtzsdjlav.supabase.co/storage/v1/object/public/perfume-images/b46975c5-8ab4-44e9-b38a-3b71bb6951c2/t8avtxxj6bl-anamcara-coast.webp","https://s.shopee.co.id/1qVhtrCyeI","honino-romeo-roses | honino-glint-day | layr-kyoto-jazz | the-body-tale-portrait-of-kyoto | argve-ardour","Anamcara Coast adalah parfum XdP segar dengan sentuhan fruity-floral dan sandalwood lembut, cocok untuk cuaca panas dan momen santai sepanjang hari.","https://cariparfum.com/parfum/anamcara-coast","","2026-10-06T13:26:30.097Z"
"Anamcara","De Pistachio","Extrait de Parfum","186000","IDR","InStock","Ice Cream | Bergamot | Pistachio | Hazelnut","Pear | Jasmine | Peony | Lily of the Valley | Geranium","Sandalwood | Whipped Marshmallow | Tonka Bean","Gourmand | Floral","Playful | Nyaman","Masculine","","Sore | Malam | ️ Dingin","https://mtdlhxbwblrxtzsdjlav.supabase.co/storage/v1/object/public/perfume-images/f50004e9-3ba4-482e-a43b-4e64952cf0be/t8avu1aekhg-anamcara-de-pistachio.webp | https://mtdlhxbwblrxtzsdjlav.supabase.co/storage/v1/object/public/perfume-images/f50004e9-3ba4-482e-a43b-4e64952cf0be/t8avu20evla-anamcara-de-pistachio.webp","https://s.shopee.co.id/8fM22MFOEK","evesol-jinggala | world-of-make-scents-ermis-solid-perfume | fordive-majestic | reboura-flora-notes | de-antoine-l-amour-toujours","Anamcara De Pistachio adalah parfum gourmand-floral dengan aroma pistachio, marshmallow, dan sandalwood yang playful namun cozy, pas untuk malam santai.","https://cariparfum.com/parfum/anamcara-de-pistachio","","2026-10-06T13:25:49.213Z"
"Anamcara","La Rosa","Extrait de Parfum","186000","IDR","InStock","Pink Pepper | Rose","Sandalwood | Leather | Musk","Amber | Agarwood","Floral | Amber","Misterius | Hangat","Masculine","","Sore | Malam | ️ Dingin | ️ Hujan","https://mtdlhxbwblrxtzsdjlav.supabase.co/storage/v1/object/public/perfume-images/ed08ce4c-8070-4836-99d1-4e0c95356c63/t8avvc3twcf-anamcara-la-rosa.webp | https://mtdlhxbwblrxtzsdjlav.supabase.co/storage/v1/object/public/perfume-images/ed08ce4c-8070-4836-99d1-4e0c95356c63/t8avvdaf14s-anamcara-la-rosa.webp","https://s.shopee.co.id/1BG16eKXfy","loco-scent-red-rhapsody | honino-romeo-roses | mykonos-xoxo-rosy | loco-scent-smoke-on-top | tempt-chleon","Anamcara La Rosa menghadirkan aroma mawar yang spicy dan leathery, berpadu sandalwood dan amber untuk nuansa hangat misterius di malam penuh cerita.","https://cariparfum.com/parfum/anamcara-la-rosa","","2026-10-06T13:26:10.756Z"
"Anamcara","Lignara","Extrait de Parfum","198000","IDR","InStock","Pepper | Cardamom | Rosewood","Sandalwood | Agarwood | Vetiver","Amber | Vanilla | Tonka Bean","Woody | Amber","Hangat | Nyaman | Misterius","Masculine","","Sore | Malam | ️ Dingin","https://mtdlhxbwblrxtzsdjlav.supabase.co/storage/v1/object/public/perfume-images/8169ed23-79a3-4418-90c1-b049b7700f72/t8avtzhz6vg-anamcara-lignara.webp | https://mtdlhxbwblrxtzsdjlav.supabase.co/storage/v1/object/public/perfume-images/8169ed23-79a3-4418-90c1-b049b7700f72/t8avtzalf6u-anamcara-lignara.webp","https://s.shopee.co.id/8V2bq5WkLZ","layr-midnight-haze | honino-romeo-roses | loco-scent-red-rhapsody | world-of-make-scents-kiko-crumbs-solid-perfume | sonder-scents-255","Anamcara Lignara membawa nuansa kayu dan rempah hangat yang elegan, dengan sentuhan vanilla dan amber, sempurna untuk suasana malam santai atau intim.","https://cariparfum.com/parfum/anamcara-lignara","","2026-10-06T13:25:50.278Z"
"Anamcara","Solvere","Extrait de Parfum","198000","IDR","InStock","Mandarin | Pepper | Rosemary","Jasmine | Tuberose | Ylang-Ylang","Vanilla | Heliotrope | Musk","Floral Lembut | Powdery","Elegan | Hangat","Masculine","","Sore | Malam | ️ Dingin | ️ Hujan","https://mtdlhxbwblrxtzsdjlav.supabase.co/storage/v1/object/public/perfume-images/645d9127-f85a-4f6a-99e1-1c29eba08898/t8avtt5heth-anamcara-solvere.webp | https://mtdlhxbwblrxtzsdjlav.supabase.co/storage/v1/object/public/perfume-images/645d9127-f85a-4f6a-99e1-1c29eba08898/t8avturuf3a-anamcara-solvere.webp","https://s.shopee.co.id/4VWT4ex02T","honino-romeo-roses | saff-co-sotb | reboura-flora-notes | gioia-fragrances-siena | satellite-of-glow-aura-ubud","Anamcara Solvere adalah parfum floral creamy dengan nuansa musk dan vanilla yang lembut, cocok dipakai saat malam atau sore hari di ruangan ber-AC.","https://cariparfum.com/parfum/anamcara-solvere","","2026-10-06T13:25:18.261Z"
"And Or Studio","Dance Between The Lines","Eau de Parfum","350000","IDR","InStock","Roasted Macadamia | Plum","Bulgarian Rose | Incense | Leather","Amber | Sandalwood | Oud | Tobacco","Kering & Smoky | Amber","Misterius | Hangat | Tegas","Masculine","","Malam | ️ Dingin","https://mtdlhxbwblrxtzsdjlav.supabase.co/storage/v1/object/public/perfume-images/11fcd8ce-4f0b-45b6-afa5-5722034bebcc/t8avvg1si4y-and-or-studio-dance-between-the-lines.webp | https://mtdlhxbwblrxtzsdjlav.supabase.co/storage/v1/object/public/perfume-images/11fcd8ce-4f0b-45b6-afa5-5722034bebcc/t8avvgvbhzj-and-or-studio-dance-between-the-lines.webp | https://mtdlhxbwblrxtzsdjlav.supabase.co/storage/v1/object/public/perfume-images/11fcd8ce-4f0b-45b6-afa5-5722034bebcc/t8avvhn9z0k-and-or-studio-dance-between-the-lines.webp","https://s.shopee.co.id/9zrl62pj69","loco-scent-red-rhapsody | loco-scent-smoke-on-top | scentnario-adam-s-eden | honino-romeo-roses | mykonos-xoxo-rosy","And Or Studio Dance Between The Lines menawarkan aroma smoky, kayu, dan sentuhan mawar lembut yang cocok untuk suasana malam penuh kehangatan dan misteri.","https://cariparfum.com/parfum/and-or-studio-dance-between-the-lines","","2026-10-06T13:26:05.905Z"
"And Or Studio","Either One","Eau de Parfum","350000","IDR","InStock","Neroli | Orange","Lily | Ylang-Ylang","Sandalwood | Cashmeran | White Musk","Sitrus Segar | Floral","Bersih | Ringan","Masculine","","Pagi | ️ Siang | Sore | ️ Panas | ️ Hujan","https://mtdlhxbwblrxtzsdjlav.supabase.co/storage/v1/object/public/perfume-images/ee22bc16-ccae-41ba-ad6c-99bdce22a8fd/t8avvjdw74j-and-or-studio-either-one.webp | https://mtdlhxbwblrxtzsdjlav.supabase.co/storage/v1/object/public/perfume-images/ee22bc16-ccae-41ba-ad6c-99bdce22a8fd/t8avvkqqpk3-and-or-studio-either-one.webp","https://s.shopee.co.id/AUo1gz4wtM","royal-fragrance-symphony-of-yogyakarta | aoera-majestic | reboura-bibliosmia | scensology-scentium | scent-of-jarte-fragnos","And Or Studio Either One adalah Eau de Parfum floral citrus yang clean dan airy, sempurna untuk suasana cerah, kantor, atau momen santai sepanjang hari.","https://cariparfum.com/parfum/and-or-studio-either-one","","2026-10-06T13:25:12.846Z"
"Anntumma","ANNTUMMA","Extrait de Parfum","349000","IDR","InStock","Bergamot | Coffee | Cardamom","Ginger | Cinnamon | Nutmeg | Tobacco","Vanilla | Patchouli | Caramel | Agarwood","Gourmand | Kering & Smoky","Hangat | Nyaman | Misterius","Masculine","","Malam | ️ Dingin","https://mtdlhxbwblrxtzsdjlav.supabase.co/storage/v1/object/public/perfume-images/aab5043c-f1c8-4567-a461-0c1c4e87cc8e/t8avvozia5y-anntumma-anntumma.webp | https://mtdlhxbwblrxtzsdjlav.supabase.co/storage/v1/object/public/perfume-images/aab5043c-f1c8-4567-a461-0c1c4e87cc8e/t8avvp3ebde-anntumma-anntumma.webp","https://s.shopee.co.id/3qGmI69EjA","scensology-oranos | world-of-make-scents-kiko-crumbs-solid-perfume | mykonos-conquer | sonder-scents-255 | mykonos-caramel-fudge-cookie","Anntumma ANNTUMMA membawa aroma kopi-rempah dan manis vanilla-caramel yang hangat, pas untuk malam santai atau momen intim penuh kehangatan.","https://cariparfum.com/parfum/anntumma-anntumma","","2026-10-06T13:26:29.631Z"
"Anntumma","HUKAMA","Extrait de Parfum","349000","IDR","InStock","Cognac | Saffron","Amber | Cinnamon | Musk","Agarwood (Oud) | Vanilla | Candied Almond | Tonka Bean","Amber | Woody","Hangat | Mewah | Sensual","Masculine","","Sore | Malam | ️ Dingin","https://mtdlhxbwblrxtzsdjlav.supabase.co/storage/v1/object/public/perfume-images/df01fd40-f889-4b84-ae6b-55ee5c51b743/t8avxaff91b-anntumma-hukama.webp | https://mtdlhxbwblrxtzsdjlav.supabase.co/storage/v1/object/public/perfume-images/df01fd40-f889-4b84-ae6b-55ee5c51b743/t8avxaf81ew-anntumma-hukama.webp","https://s.shopee.co.id/10wauuSDD8","honino-romeo-roses | loco-scent-red-rhapsody | sonder-scents-255 | gioia-fragrances-jenny | world-of-make-scents-kiko-crumbs-solid-perfume","Anntumma HUKAMA adalah parfum XdP bernuansa amber-woody dengan sentuhan cognac dan oud, cocok untuk malam hangat atau momen istimewa yang intim.","https://cariparfum.com/parfum/anntumma-hukama","","2026-10-06T13:25:44.600Z"
"Anntumma","HUMARA","Extrait de Parfum","349000","IDR","InStock","Peach | Blackcurrant | White Tea | Lily of the Valley | Saffron","Rose","Amber | Sandalwood | Vanilla | Patchouli","Floral | Amber","Ringan | Hangat | Nyaman","Masculine","","Sore | Malam | ️ Dingin | ️ Hujan","https://mtdlhxbwblrxtzsdjlav.supabase.co/storage/v1/object/public/perfume-images/df6ec6f5-fb24-4160-a4dd-8db03fcba577/t8avvmqqhd9-anntumma-humara.webp | https://mtdlhxbwblrxtzsdjlav.supabase.co/storage/v1/object/public/perfume-images/df6ec6f5-fb24-4160-a4dd-8db03fcba577/t8avvmo02xf-anntumma-humara.webp","https://s.shopee.co.id/9zrPdSgYLJ","honino-romeo-roses | loco-scent-red-rhapsody | layr-velvet-dream | mykonos-moroccan-vanilla | yn-perfumery-on-cloud-nine","Anntumma HUMARA adalah parfum floral-amber yang airy, warm, dan feminin, cocok untuk sore atau malam hari di cuaca sejuk, memberi kesan bersih dan nyaman.","https://cariparfum.com/parfum/anntumma-humara","","2026-10-06T13:25:14.426Z"
"Aoera","Classy","Eau de Parfum","209000","IDR","InStock","Ginger | Almond","Figolide | Orcanox | Tonka Bean | Orris","Vanilla | Sandalwood Cream","Powdery | Gourmand","Nyaman | Hangat","Masculine","","Sore | Malam | ️ Dingin | ️ Hujan","https://mtdlhxbwblrxtzsdjlav.supabase.co/storage/v1/object/public/perfume-images/7bf85999-54ec-46f6-a1d2-08c63c522f20/t8atklt3rb6-aoera-classy.webp | https://mtdlhxbwblrxtzsdjlav.supabase.co/storage/v1/object/public/perfume-images/7bf85999-54ec-46f6-a1d2-08c63c522f20/t8atkmqrm13-aoera-classy.webp | https://mtdlhxbwblrxtzsdjlav.supabase.co/storage/v1/object/public/perfume-images/7bf85999-54ec-46f6-a1d2-08c63c522f20/t8atknct5k4-aoera-classy.webp","https://s.shopee.co.id/1447jubY0","botanical-essentials-in-the-clouds | world-of-make-scents-kiko-crumbs-solid-perfume | hint-velvet | scensology-oranos | scuse-me-bella-donna","Aoera Classy adalah parfum EdP dengan sentuhan orris dan vanilla creamy, cocok untuk malam santai atau momen intim yang butuh kenyamanan ekstra.","https://cariparfum.com/parfum/aoera-classy","","2026-10-06T13:26:00.526Z"
"Aoera","Fantasy","Eau de Parfum","149000","IDR","InStock","Amber | Cedarwood","Oakmoss | Caramel","Vanilla | Tonka Bean","Gourmand | Woody","Hangat | Nyaman","Masculine","","Sore | Malam | ️ Dingin","https://mtdlhxbwblrxtzsdjlav.supabase.co/storage/v1/object/public/perfume-images/2490ad3a-5908-48d9-8c50-408e171b3373/t8atjifgjeu-aoera-fantasy.webp | https://mtdlhxbwblrxtzsdjlav.supabase.co/storage/v1/object/public/perfume-images/2490ad3a-5908-48d9-8c50-408e171b3373/t8atjjfe3xb-aoera-fantasy.webp | https://mtdlhxbwblrxtzsdjlav.supabase.co/storage/v1/object/public/perfume-images/2490ad3a-5908-48d9-8c50-408e171b3373/t8atjjmebwy-aoera-fantasy.webp","https://s.shopee.co.id/2qOFUlX90p","honino-romeo-roses | mykonos-caramel-fudge-cookie | world-of-make-scents-kiko-crumbs-solid-perfume | speaks-to-me-slow-sunset | ouru-warm-whiskey","Aoera Fantasy adalah parfum EdP gourmand woody dengan aksen caramel dan vanilla hangat, cocok untuk malam santai dan suasana intim yang nyaman.","https://cariparfum.com/parfum/aoera-fantasy","","2026-10-06T13:26:20.677Z"
"Aoera","Loving Cherry","Eau de Parfum","149000","IDR","InStock","Raspberry | Cherry","Pink Pepper | Rose","Amber | Creamy Vanilla | Vetiver | Musk","Fruity | Amber","Playful | Hangat","Masculine","","Sore | Malam | ️ Hujan | ️ Dingin","https://mtdlhxbwblrxtzsdjlav.supabase.co/storage/v1/object/public/perfume-images/a855564c-f3a7-472b-a4d5-c40a14378482/t8ati1z3rpm-aoera-loving-cherry.webp | https://mtdlhxbwblrxtzsdjlav.supabase.co/storage/v1/object/public/perfume-images/a855564c-f3a7-472b-a4d5-c40a14378482/t8ati15wyoj-aoera-loving-cherry.webp | https://mtdlhxbwblrxtzsdjlav.supabase.co/storage/v1/object/public/perfume-images/a855564c-f3a7-472b-a4d5-c40a14378482/t8ati2muef0-aoera-loving-cherry.webp","https://s.shopee.co.id/AKUGQe1cPe","honino-romeo-roses | loco-scent-red-rhapsody | mykonos-xoxo-rosy | mykonos-moroccan-vanilla | loco-scent-smoke-on-top","Aoera Loving Cherry adalah parfum EdP fruity-floral dengan sentuhan cherry juicy dan creamy vanilla, cocok untuk sore hingga malam yang playful dan hangat.","https://cariparfum.com/parfum/aoera-loving-cherry","","2026-10-06T13:26:01.648Z"
"Aoera","Majestic","Eau de Parfum","159000","IDR","InStock","Mandarin | Peach | Orange","Tropicalone | Tuberose | Ylang-Ylang | Coconut","Cedarwood | Sandalwood | Vanilla | White Musk","Fruity | Floral Lembut","Playful | Sensual | Hangat","Masculine","","Sore | Malam | ️ Panas | ️ Hujan","https://mtdlhxbwblrxtzsdjlav.supabase.co/storage/v1/object/public/perfume-images/3c35ba5c-00b7-49e2-859b-68df52a5f5d9/t8atje4x852-aoera-majestic.webp | https://mtdlhxbwblrxtzsdjlav.supabase.co/storage/v1/object/public/perfume-images/3c35ba5c-00b7-49e2-859b-68df52a5f5d9/t8atjf08fwq-aoera-majestic.webp | https://mtdlhxbwblrxtzsdjlav.supabase.co/storage/v1/object/public/perfume-images/3c35ba5c-00b7-49e2-859b-68df52a5f5d9/t8atjguc7cp-aoera-majestic.webp","https://s.shopee.co.id/AAAqECAq2z","gioia-fragrances-siena | evesol-jinggala | layr-velvet-dream | elvicto-beach-club | unspoken-timber","Aoera Majestic adalah parfum fruity-floral tropis dengan sentuhan creamy dan musky, cocok untuk kamu yang suka aroma playful namun tetap lembut dan elegan.","https://cariparfum.com/parfum/aoera-majestic","","2026-10-06T13:26:18.169Z"
"Aoera","Mango Again","Eau de Parfum","149000","IDR","InStock","Yuzu | Mango | Blackcurrant","Jasmine | Gardenia | Ylang-Ylang","Vanilla | Sugar | Musk","Fruity | Floral","Playful | Nyaman","Masculine","","Sore | Malam | ️ Hujan | ️ Dingin","https://mtdlhxbwblrxtzsdjlav.supabase.co/storage/v1/object/public/perfume-images/d1d77571-7b3d-4185-b075-1059cf15bd31/t8atj8dg0x4-aoera-mango-again.webp | https://mtdlhxbwblrxtzsdjlav.supabase.co/storage/v1/object/public/perfume-images/d1d77571-7b3d-4185-b075-1059cf15bd31/t8atj9m1kw4-aoera-mango-again.webp","https://s.shopee.co.id/6AehSyV0zs","honino-romeo-roses | mykonos-moroccan-vanilla | reboura-flora-notes | satellite-of-glow-aura-ubud | scent-of-jarte-blank-space","Aoera Mango Again adalah parfum fruity-floral yang playful dan creamy, cocok untuk kamu yang suka aroma manis segar dengan sentuhan musky vanilla yang awet.","https://cariparfum.com/parfum/aoera-mango-again","","2026-10-06T13:25:06.867Z"
"Aoera","Nanalicious","Eau de Parfum","149000","IDR","InStock","Banana","Jasmine | Freesia","Sandalwood | Vanilla | Cream","Fruity | Gourmand","Playful | Nyaman","Masculine","","Sore | Malam | ️ Dingin | ️ Hujan","https://mtdlhxbwblrxtzsdjlav.supabase.co/storage/v1/object/public/perfume-images/e6cb3431-e503-49ff-b034-e513515a76c3/t8ati7n5g9t-aoera-nanalicious.webp | https://mtdlhxbwblrxtzsdjlav.supabase.co/storage/v1/object/public/perfume-images/e6cb3431-e503-49ff-b034-e513515a76c3/t8ati7k2ztj-aoera-nanalicious.webp | https://mtdlhxbwblrxtzsdjlav.supabase.co/storage/v1/object/public/perfume-images/e6cb3431-e503-49ff-b034-e513515a76c3/t8ati879uy6-aoera-nanalicious.webp","https://s.shopee.co.id/BNUJyewvk","de-antoine-velvet-garden | speaks-to-me-at-home | blackstag-bright | evesol-jinggala | elaya-imperfection","Aoera Nanalicious menghadirkan aroma pisang creamy, bunga lembut, dan vanilla yang cozy, cocok untuk momen santai sore hingga malam di Indonesia.","https://cariparfum.com/parfum/aoera-nanalicious","","2026-10-06T13:25:03.745Z"
"Aoera","Prestige","Eau de Parfum","149000","IDR","InStock","Basil | Lemon | Juniper Berry | Cardamom","White Flower | Nutmeg | Floral | Anise","Cedarwood | Patchouli | Incense | Musk","Woody | Aromatik","Hangat | Elegan","Masculine","","Sore | Malam | ️ Dingin | ️ Hujan","https://mtdlhxbwblrxtzsdjlav.supabase.co/storage/v1/object/public/perfume-images/823ac407-6046-472a-89d1-5c059f20d27d/t8atjmeqpvv-aoera-prestige.webp | https://mtdlhxbwblrxtzsdjlav.supabase.co/storage/v1/object/public/perfume-images/823ac407-6046-472a-89d1-5c059f20d27d/t8atjm4jtsu-aoera-prestige.webp | https://mtdlhxbwblrxtzsdjlav.supabase.co/storage/v1/object/public/perfume-images/823ac407-6046-472a-89d1-5c059f20d27d/t8atjnc6s8e-aoera-prestige.webp","https://s.shopee.co.id/9KbjEjXqNR","loco-scent-into-the-waves | world-of-make-scents-ermis-solid-perfume | honor-perfume-denali | elaya-choose-you | blanc-odor-ivory-shirt","Aoera Prestige menghadirkan aroma citrus-herbal yang segar lalu berubah jadi woody-musky hangat, cocok untuk sore dan malam hari di suasana santai.","https://cariparfum.com/parfum/aoera-prestige","","2026-10-06T13:25:12.241Z"
"Aoera","Pretty","Eau de Parfum","169000","IDR","InStock","Strawberry | Plum | Lemon | Orange","Raspberry | White Flower | Rose","Praline | Vanilla | Ambery | Musk","Fruity | Gourmand","Playful | Nyaman","Masculine","","Sore | Malam | ️ Dingin | ️ Hujan","https://mtdlhxbwblrxtzsdjlav.supabase.co/storage/v1/object/public/perfume-images/d8a59fd4-2a84-4266-a53c-5937e0351ce9/t8atjb1793s-aoera-pretty.webp | https://mtdlhxbwblrxtzsdjlav.supabase.co/storage/v1/object/public/perfume-images/d8a59fd4-2a84-4266-a53c-5937e0351ce9/t8atjbvxtjm-aoera-pretty.webp | https://mtdlhxbwblrxtzsdjlav.supabase.co/storage/v1/object/public/perfume-images/d8a59fd4-2a84-4266-a53c-5937e0351ce9/t8atjcvex1q-aoera-pretty.webp","https://s.shopee.co.id/8KjC2wRmDo","honino-romeo-roses | mykonos-moroccan-vanilla | loco-scent-red-rhapsody | loco-scent-mocktail-in-the-garden | layr-velvet-dream","Aoera Pretty adalah parfum fruity floral gourmand yang playful dan hangat, cocok untuk hangout sore hingga malam atau momen santai bersama orang terdekat.","https://cariparfum.com/parfum/aoera-pretty","","2026-10-06T13:24:58.501Z"
"Aoera","Royale","Eau de Parfum","149000","IDR","InStock","Pear | Cassis | Peach | Raspberry | Passion Fruit","Heliotrope | Muguet","Amber | Sandalwood | Vanilla | Patchouli | Woody | Musk","Fruity | Woody","Playful | Nyaman","Masculine","","Sore | Malam | ️ Panas | ️ Hujan","https://mtdlhxbwblrxtzsdjlav.supabase.co/storage/v1/object/public/perfume-images/c2c67f1a-b845-44fb-abfa-81ad5c348553/t8athx6vu7t-aoera-royale.webp | https://mtdlhxbwblrxtzsdjlav.supabase.co/storage/v1/object/public/perfume-images/c2c67f1a-b845-44fb-abfa-81ad5c348553/t8athyrx7y9-aoera-royale.webp | https://mtdlhxbwblrxtzsdjlav.supabase.co/storage/v1/object/public/perfume-images/c2c67f1a-b845-44fb-abfa-81ad5c348553/t8athzmd87w-aoera-royale.webp","https://s.shopee.co.id/8fM2RXZmPb","honino-romeo-roses | layr-velvet-dream | die-without-smell-you-name-it | layr-kyoto-jazz | royal-fragrance-sunset-passion","Aoera Royale adalah parfum fruity-floral dengan sentuhan creamy woody, cocok untuk hangout sore hingga malam dan bikin suasana terasa playful sekaligus cozy.","https://cariparfum.com/parfum/aoera-royale","","2026-10-06T13:24:54.169Z"
"Aoera","Signature","Eau de Parfum","159000","IDR","InStock","Lavender | Nutmeg | Saffron","Maderal | Oud | Tobacco | Leather","Patchouli | Moss | Driftwood | Musk","Kering & Smoky | Woody","Tegas | Misterius","Masculine","","Malam | ️ Dingin","https://mtdlhxbwblrxtzsdjlav.supabase.co/storage/v1/object/public/perfume-images/cb9181c4-51b0-43e2-bfd3-533432be9e2d/t8atkpsbhq9-aoera-signature.webp | https://mtdlhxbwblrxtzsdjlav.supabase.co/storage/v1/object/public/perfume-images/cb9181c4-51b0-43e2-bfd3-533432be9e2d/t8atkr600hh-aoera-signature.webp","https://s.shopee.co.id/7AXEelfcSZ","loco-scent-red-rhapsody | loco-scent-smoke-on-top | layr-get-naked | oaken-lab-batavia-barber | tempt-pantheon","Aoera Signature adalah parfum EdP beraroma leather, tembakau, dan oud yang bold, cocok untuk malam hari dan momen spesial penuh karakter.","https://cariparfum.com/parfum/aoera-signature","","2026-10-06T13:26:17.092Z"
"Aoera","Sweet Coconut","Eau de Parfum","149000","IDR","InStock","Bergamot | Cassis | Coconut","Jasmine | Rose | Orris","Cedarwood | Vanilla | Musk","Gourmand | Floral","Nyaman | Playful","Masculine","","Sore | Malam | ️ Dingin | ️ Hujan","https://mtdlhxbwblrxtzsdjlav.supabase.co/storage/v1/object/public/perfume-images/0424079e-09a2-494d-b1cb-6c13151cc175/t8ati4lqwj7-aoera-sweet-coconut.webp | https://mtdlhxbwblrxtzsdjlav.supabase.co/storage/v1/object/public/perfume-images/0424079e-09a2-494d-b1cb-6c13151cc175/t8ati4k9eap-aoera-sweet-coconut.webp | https://mtdlhxbwblrxtzsdjlav.supabase.co/storage/v1/object/public/perfume-images/0424079e-09a2-494d-b1cb-6c13151cc175/t8ati5jcxo1-aoera-sweet-coconut.webp","https://s.shopee.co.id/6VHXrdfwKu","honino-romeo-roses | loco-scent-red-rhapsody | sighnil-cherry-on-date-night | de-antoine-velvet-garden | mykonos-moroccan-vanilla","Aoera Sweet Coconut adalah parfum gourmand floral yang creamy dan playful, dengan sentuhan coconut dan vanilla, cocok untuk pecinta aroma manis lembut.","https://cariparfum.com/parfum/aoera-sweet-coconut","","2026-10-06T13:24:52.571Z"
"ARGVE","Ardour","Eau de Parfum","215000","IDR","InStock","Coriander Leaf | Aldehyde | Bergamot | Mandarin | Pink Pepper | Lemon","Jasmine | Lavender | Geranium | Violet Leaf | Clary Sage | Orris","Amber | Cedarwood | Sandalwood | Patchouli | Olibanum | Musk","Aromatik | Woody","Energik | Menenangkan | Bersih","Masculine","","Pagi | ️ Siang | Sore | ️ Panas | ️ Hujan","https://mtdlhxbwblrxtzsdjlav.supabase.co/storage/v1/object/public/perfume-images/7a921992-be55-457c-a0e9-060c9df5523b/t8avxmrgjzh-argve-ardour.webp | https://mtdlhxbwblrxtzsdjlav.supabase.co/storage/v1/object/public/perfume-images/7a921992-be55-457c-a0e9-060c9df5523b/t8avxnc90ti-argve-ardour.webp | https://mtdlhxbwblrxtzsdjlav.supabase.co/storage/v1/object/public/perfume-images/7a921992-be55-457c-a0e9-060c9df5523b/t8avxnm0owb-argve-ardour.webp","https://s.shopee.co.id/AUnge8xLw1","loco-scent-into-the-waves | honino-romeo-roses | honor-perfume-denali | world-of-make-scents-ermis-solid-perfume | evesol-jinggala","ARGVE Ardour adalah parfum EdP dengan karakter citrus segar, herba, dan kayu hangat yang cocok dipakai pagi sampai sore di iklim tropis Indonesia.","https://cariparfum.com/parfum/argve-ardour","","2026-10-06T13:25:58.142Z"
"ARGVE","Daybreak","Eau de Parfum","189000","IDR","InStock","Ginger | Clove | Lemon","Pineapple Leaf | Lavender | Rosemary","Guaiac Wood | Patchouli | Moss","Aromatik | Woody Lumut","Energik | Earthy","Masculine","","Pagi | ️ Siang | Sore | ️ Panas | ️ Hujan","https://mtdlhxbwblrxtzsdjlav.supabase.co/storage/v1/object/public/perfume-images/be184173-3a7c-43a7-b1e7-822c98a62174/t8avxdz7fdf-argve-daybreak.webp | https://mtdlhxbwblrxtzsdjlav.supabase.co/storage/v1/object/public/perfume-images/be184173-3a7c-43a7-b1e7-822c98a62174/t8avxeienky-argve-daybreak.webp | https://mtdlhxbwblrxtzsdjlav.supabase.co/storage/v1/object/public/perfume-images/be184173-3a7c-43a7-b1e7-822c98a62174/t8avxe2vr7c-argve-daybreak.webp","https://s.shopee.co.id/20p8WSZrfO","saudade-olfactory-bonsai-we-kept | honor-perfume-crimson | loco-scent-into-the-waves | reboura-majestic-night | world-of-make-scents-ermis-solid-perfume","ARGVE Daybreak adalah parfum EdP dengan aroma segar herbal dan kayu lembap, cocok dipakai saat pagi hingga sore di cuaca panas atau setelah hujan.","https://cariparfum.com/parfum/argve-daybreak","","2026-10-06T13:25:43.400Z"
"ARGVE","Tarawangsa Puspa Melati","Eau de Parfum","198000","IDR","InStock","Orange Blossom | Bergamot | Coconut","Amber | Jasmine | Marine Note","Cedarwood | Sandalwood | Vanilla","Floral | Amber","Nyaman | Menenangkan | Menyegarkan","Masculine","","Sore | Malam | ️ Panas | ️ Hujan","https://mtdlhxbwblrxtzsdjlav.supabase.co/storage/v1/object/public/perfume-images/e2821b0b-7a17-4451-9fa7-2b69718cb4f7/t8avxhqmdr3-argve-tarawangsa-puspa-melati.webp | https://mtdlhxbwblrxtzsdjlav.supabase.co/storage/v1/object/public/perfume-images/e2821b0b-7a17-4451-9fa7-2b69718cb4f7/t8avxi9c6lr-argve-tarawangsa-puspa-melati.webp | https://mtdlhxbwblrxtzsdjlav.supabase.co/storage/v1/object/public/perfume-images/e2821b0b-7a17-4451-9fa7-2b69718cb4f7/t8avxjyrp7g-argve-tarawangsa-puspa-melati.webp","https://s.shopee.co.id/2LRyv9AN4G","honino-romeo-roses | loco-scent-into-the-waves | wonderlust-fragrance-philia | scent-of-jarte-by-the-garden | mandalika-irresistible","ARGVE Tarawangsa Puspa Melati menghadirkan aroma creamy floral dengan sentuhan kelapa, jasmine, dan kayu yang menenangkan, cocok untuk sore santai dan malam.","https://cariparfum.com/parfum/argve-tarawangsa-puspa-melati","","2026-10-06T13:24:50.170Z"
"Astree","1750","Eau de Parfum","369000","IDR","InStock","Moon Flower","Chamomile","White Musk","Floral | Floral Lembut","Menenangkan | Bersih","Masculine","","️ Siang | Sore | ️ Panas | ️ Hujan","https://mtdlhxbwblrxtzsdjlav.supabase.co/storage/v1/object/public/perfume-images/5a843955-b58c-4856-98e5-89e093e59c0f/t8avxroerop-astree-1750.webp | https://mtdlhxbwblrxtzsdjlav.supabase.co/storage/v1/object/public/perfume-images/5a843955-b58c-4856-98e5-89e093e59c0f/t8avxpjcyw5-astree-1750.webp | https://mtdlhxbwblrxtzsdjlav.supabase.co/storage/v1/object/public/perfume-images/5a843955-b58c-4856-98e5-89e093e59c0f/t8avxrp1hw9-astree-1750.webp | https://mtdlhxbwblrxtzsdjlav.supabase.co/storage/v1/object/public/perfume-images/5a843955-b58c-4856-98e5-89e093e59c0f/t8avxs8bl9y-astree-1750.webp","https://s.shopee.co.id/2g4pKZcXU2","","Astree 1750 adalah Eau de Parfum floral-musky yang lembut dengan nuansa chamomile dan white musk, cocok untuk kamu yang suka aroma bersih dan menenangkan.","https://cariparfum.com/parfum/astree-1750","","2026-10-06T13:24:40.417Z"
"Astree","A Day At The Park","Eau de Parfum","361000","IDR","InStock","Ambrette (Musk)","Fig | Poppy | Orris","Barley | Heliotrope | Tonka Bean","Powdery | Floral Lembut","Nyaman | Menenangkan","Masculine","","Sore | Malam | ️ Dingin | ️ Hujan","https://mtdlhxbwblrxtzsdjlav.supabase.co/storage/v1/object/public/perfume-images/5f31b012-8a86-4896-8e7e-88f57fbad53c/t8aw01x2tit-astree-a-day-at-the-park.webp | https://mtdlhxbwblrxtzsdjlav.supabase.co/storage/v1/object/public/perfume-images/5f31b012-8a86-4896-8e7e-88f57fbad53c/t8aw01sqqj1-astree-a-day-at-the-park.webp | https://mtdlhxbwblrxtzsdjlav.supabase.co/storage/v1/object/public/perfume-images/5f31b012-8a86-4896-8e7e-88f57fbad53c/t8aw05nhjig-astree-a-day-at-the-park.webp","https://s.shopee.co.id/6puOIBMmy5","sonder-scents-213 | loco-scent-dialogue-ivi | amthra-you-drive-me-nutty | hindsight-muskmallow | hindsight-tangelo","Astree A Day At The Park membawa suasana taman yang tenang dengan nuansa fig creamy, iris powdery, dan tonka hangat yang cozy untuk momen santai.","https://cariparfum.com/parfum/astree-a-day-at-the-park","","2026-10-06T13:25:10.602Z"
"Astree","Date Night In Prague","Eau de Parfum","369000","IDR","InStock","Rum | Prune","Chestnut | Almond | Hazelnut","Sandalwood | Dark Chocolate | Tonka Bean","Gourmand | Amber","Hangat | Nyaman | Sensual","Masculine","","Malam | ️ Dingin","https://mtdlhxbwblrxtzsdjlav.supabase.co/storage/v1/object/public/perfume-images/1623c15a-003d-4d76-89a9-b7cf2bea2043/t8avz3wvub4-astree-date-night-in-prague.webp | https://mtdlhxbwblrxtzsdjlav.supabase.co/storage/v1/object/public/perfume-images/1623c15a-003d-4d76-89a9-b7cf2bea2043/t8avz4paj1g-astree-date-night-in-prague.webp","https://s.shopee.co.id/9Uv9TIOuqA","laboratori-semplice-sandalwood | loco-scent-red-rhapsody | loco-scent-saturday-cheers | astree-diaries-of-a-farmhouse | anamcara-de-pistachio","Astree Date Night In Prague menggabungkan nuansa rum, kacang, dan dark chocolate, menciptakan aroma hangat dan sensual yang cocok untuk momen malam penuh.","https://cariparfum.com/parfum/astree-date-night-in-prague","","2026-10-06T13:26:17.899Z"
"Astree","Diaries Of A Farmhouse","Eau de Parfum","369000","IDR","InStock","Plum | Cardamom","Rum | Honey | Cinnamon | Muguet | Orris","Amber | Sandalwood | Tonka Bean","Amber | Fruity","Nyaman | Hangat","Masculine","","Sore | Malam | ️ Dingin | ️ Hujan","https://mtdlhxbwblrxtzsdjlav.supabase.co/storage/v1/object/public/perfume-images/6b60125e-3a1e-48d3-a3a6-aeb7537c3dca/t8avytgd6zy-astree-diaries-of-a-farmhouse.webp | https://mtdlhxbwblrxtzsdjlav.supabase.co/storage/v1/object/public/perfume-images/6b60125e-3a1e-48d3-a3a6-aeb7537c3dca/t8avyuluqw3-astree-diaries-of-a-farmhouse.webp","https://s.shopee.co.id/30hfjJu2MM","sonder-scents-255 | loco-scent-saturday-cheers | reboura-bibliosmia | whspr-ode-to-revenge | readyset-the-witch","Astree Diaries Of A Farmhouse adalah parfum hangat dengan aroma plum, madu, dan sandalwood, cocok untuk malam santai dan suasana intim yang penuh kehangatan.","https://cariparfum.com/parfum/astree-diaries-of-a-farmhouse","","2026-10-06T13:25:42.207Z"
"Astree","Garden In A Bouquet","Eau de Parfum","369000","IDR","InStock","Bergamot | Pear | Lemon | Apple","White Rose | Southern Magnolia | Neroli | Honey Rose","Indonesian Vanilla | Heliotrope | Ambrette (Musk)","Floral | Fruity","Menyegarkan | Playful","Masculine","","Pagi | ️ Siang | Sore | ️ Panas | ️ Hujan","https://mtdlhxbwblrxtzsdjlav.supabase.co/storage/v1/object/public/perfume-images/c6c30544-38e4-4bed-823c-c220a5fd62c0/t8aw1t5mfw0-astree-garden-in-a-bouquet.webp | https://mtdlhxbwblrxtzsdjlav.supabase.co/storage/v1/object/public/perfume-images/c6c30544-38e4-4bed-823c-c220a5fd62c0/t8aw1urya66-astree-garden-in-a-bouquet.webp","https://s.shopee.co.id/qdB9NiRYo","mykonos-moroccan-vanilla | loco-scent-red-rhapsody | honino-romeo-roses | honino-shower-song | merah-poetih-rayuan-pulau-kelapa","Astree Garden In A Bouquet adalah parfum EdP dengan aroma floral-fresh yang menyegarkan dan lembut, sempurna untuk menemani hari-harimu di suasana tropis.","https://cariparfum.com/parfum/astree-garden-in-a-bouquet","","2026-10-06T13:25:18.339Z"
"Astree","Ocean Breeze","Eau de Parfum","369000","IDR","InStock","Sea Salt | Grapefruit","Sage","Seaweed | Musk","Akuatik | Sitrus Segar","Menyegarkan | Bersih","Masculine","","Pagi | ️ Siang | ️ Panas | ️ Hujan","https://mtdlhxbwblrxtzsdjlav.supabase.co/storage/v1/object/public/perfume-images/27607c9c-8566-4d58-a924-cd2d6c3f6768/t8aw0f4lihw-astree-ocean-breeze.webp | https://mtdlhxbwblrxtzsdjlav.supabase.co/storage/v1/object/public/perfume-images/27607c9c-8566-4d58-a924-cd2d6c3f6768/t8aw0gpit6y-astree-ocean-breeze.webp | https://mtdlhxbwblrxtzsdjlav.supabase.co/storage/v1/object/public/perfume-images/27607c9c-8566-4d58-a924-cd2d6c3f6768/t8aw0gqrzjp-astree-ocean-breeze.webp","https://s.shopee.co.id/3fxMWUNIJm","sianc-11-am | ataraksia-semilir-bayang-mangata | honino-romeo-roses | royal-fragrance-sage | saka-perfumery-etherwave","Astree Ocean Breeze adalah parfum EdP bernuansa fresh aquatic dengan sentuhan sea salt dan grapefruit, menawarkan sensasi segar bersih seperti pagi di pantai.","https://cariparfum.com/parfum/astree-ocean-breeze","","2026-10-06T13:25:59.683Z"
"Astree","Once Upon A Time In The West","Eau de Parfum","369000","IDR","InStock","Myrrh | Incense | White Sage","Amber | Leather | Musk","Cedarwood | Sandalwood | Ebony | Tobacco","Kering & Smoky | Woody","Tegas | Misterius | Hangat","Masculine","","Malam | ️ Dingin","https://mtdlhxbwblrxtzsdjlav.supabase.co/storage/v1/object/public/perfume-images/5e50b3f1-7d9b-4e5c-913f-558968990b71/t8avz05ju0b-astree-once-upon-a-time-in-the-west.webp | https://mtdlhxbwblrxtzsdjlav.supabase.co/storage/v1/object/public/perfume-images/5e50b3f1-7d9b-4e5c-913f-558968990b71/t8avz13u575-astree-once-upon-a-time-in-the-west.webp","https://s.shopee.co.id/6Ky7hSSqnW","honino-romeo-roses | loco-scent-smoke-on-top | layr-get-naked | scentnario-adam-s-eden | mykonos-aphrodite","Astree Once Upon A Time In The West adalah parfum EdP berkarakter smoky woody dengan sentuhan leather dan resin, pas untuk malam penuh kesan maskulin misterius.","https://cariparfum.com/parfum/astree-once-upon-a-time-in-the-west","","2026-10-06T13:26:09.117Z"
"Astree","Somewhere In Shanghai","Eau de Parfum","369000","IDR","InStock","Bergamot | Osmanthus","Silver Needle (White Tea) | Green Tea | Jasmine Tea","Cedarwood | Ambrette (Musk)","Hijau Segar | Woody","Menenangkan | Bersih","Masculine","","Pagi | ️ Siang | Sore | ️ Panas | ️ Hujan","https://mtdlhxbwblrxtzsdjlav.supabase.co/storage/v1/object/public/perfume-images/001fda17-7007-48c5-8d4d-7a5dc3c645b2/t8aw0cq2lxv-astree-somewhere-in-shanghai.webp | https://mtdlhxbwblrxtzsdjlav.supabase.co/storage/v1/object/public/perfume-images/001fda17-7007-48c5-8d4d-7a5dc3c645b2/t8aw0dvk784-astree-somewhere-in-shanghai.webp","https://s.shopee.co.id/7fTVHr2zJN","satellite-of-glow-santorini-omorfia | mine-perfumery-narcotique | saka-perfumery-teaphoria | laboratori-semplice-osmanthus | laboratori-semplice-bergamot","Astree Somewhere In Shanghai adalah parfum EdP yang menghadirkan sensasi green tea dan osmanthus, segar sekaligus menenangkan untuk aktivitas harian di iklim.","https://cariparfum.com/parfum/astree-somewhere-in-shanghai","","2026-10-06T13:25:54.225Z"
"Astree","Summer By The Pool","Eau de Parfum","369000","IDR","InStock","Apricot | Peach | Raspberry | Orange","Plumeria | Lily of the Valley | Sparkling Wine","Amber | Rum | Vanilla | Wood","Fruity | Floral","Playful | Hangat","Masculine","","️ Siang | Sore | ️ Panas | ️ Hujan","https://mtdlhxbwblrxtzsdjlav.supabase.co/storage/v1/object/public/perfume-images/ea8abdec-bc2d-43b8-bb5a-3d98f1cd8399/t8avyw7usel-astree-summer-by-the-pool.webp | https://mtdlhxbwblrxtzsdjlav.supabase.co/storage/v1/object/public/perfume-images/ea8abdec-bc2d-43b8-bb5a-3d98f1cd8399/t8avyxnewh9-astree-summer-by-the-pool.webp | https://mtdlhxbwblrxtzsdjlav.supabase.co/storage/v1/object/public/perfume-images/ea8abdec-bc2d-43b8-bb5a-3d98f1cd8399/t8avyy27y0d-astree-summer-by-the-pool.webp","https://s.shopee.co.id/2B8YjlJGAV","honino-romeo-roses | layr-velvet-dream | aoera-royale | whspr-ode-to-revenge | ouru-warm-whiskey","Astree Summer By The Pool adalah Eau de Parfum fruity-floral dengan sentuhan sparkling wine dan vanilla hangat, cocok untuk sore santai dan suasana kasual.","https://cariparfum.com/parfum/astree-summer-by-the-pool","","2026-10-06T13:25:20.312Z"
"Astree","Sunday At Monaco","Eau de Parfum","369000","IDR","InStock","Bergamot | Mandarin | Lemon | Orange","Clove | Tolu (Resin) | Ylang-Ylang","Cedarwood | Myrrh | Incense | Vetiver","Woody | Sitrus Segar","Hangat | Elegan","Masculine","","Sore | Malam | ️ Dingin | ️ Hujan","https://mtdlhxbwblrxtzsdjlav.supabase.co/storage/v1/object/public/perfume-images/f9b81c85-719e-43ad-9e14-1a7b1ecf6426/t8avyphppb2-astree-sunday-at-monaco.webp | https://mtdlhxbwblrxtzsdjlav.supabase.co/storage/v1/object/public/perfume-images/f9b81c85-719e-43ad-9e14-1a7b1ecf6426/t8avyq1ackl-astree-sunday-at-monaco.webp | https://mtdlhxbwblrxtzsdjlav.supabase.co/storage/v1/object/public/perfume-images/f9b81c85-719e-43ad-9e14-1a7b1ecf6426/t8avyr8vm3u-astree-sunday-at-monaco.webp","https://s.shopee.co.id/3qGmipz6c5","kitraka-meridian | saudade-olfactory-bonsai-we-kept | mykonos-down-to-earth | satellite-of-glow-cielo | scent-of-jarte-by-the-garden","Astree Sunday At Monaco memadukan kesegaran citrus dengan nuansa woody dan resin, menciptakan aroma unik yang hangat dan santai, cocok untuk momen sore hingga.","https://cariparfum.com/parfum/astree-sunday-at-monaco","","2026-10-06T13:25:55.648Z"
"Astree","Villa De La Rose","Eau de Parfum","369000","IDR","InStock","Black Pepper | Magnolia","Damask Rose | May Rose | Geranium","Amberwood | Patchouli | Rose | Moss","Floral | Woody Lumut","Elegan | Hangat","Masculine","","Sore | Malam | ️ Dingin | ️ Hujan","https://mtdlhxbwblrxtzsdjlav.supabase.co/storage/v1/object/public/perfume-images/f74e3354-f5cb-4c33-8fae-1a8260761bc5/t8aw1xwmjqo-astree-villa-de-la-rose.webp | https://mtdlhxbwblrxtzsdjlav.supabase.co/storage/v1/object/public/perfume-images/f74e3354-f5cb-4c33-8fae-1a8260761bc5/t8aw1ygojnn-astree-villa-de-la-rose.webp | https://mtdlhxbwblrxtzsdjlav.supabase.co/storage/v1/object/public/perfume-images/f74e3354-f5cb-4c33-8fae-1a8260761bc5/t8aw1zqatmm-astree-villa-de-la-rose.webp","https://s.shopee.co.id/7KqetDE4Qj","loco-scent-red-rhapsody | layr-get-naked | honino-romeo-roses | citizens-of-the-world-cafe-du-monde | unspoken-timber","Astree Villa De La Rose menghadirkan kehangatan floral rose dan sentuhan earthy patchouli, cocok untuk momen santai atau acara formal di sore dan malam hari.","https://cariparfum.com/parfum/astree-villa-de-la-rose","","2026-10-06T13:25:11.876Z"
"Astree","Wednesday Morning","Eau de Parfum","369000","IDR","InStock","Bergamot | Grapefruit","Mineral Accord","Amber | Dry Wood | Moss","Sitrus Segar | Woody Lumut","Menyegarkan | Earthy","Masculine","","Pagi | ️ Siang | Sore | ️ Panas | ️ Hujan","https://mtdlhxbwblrxtzsdjlav.supabase.co/storage/v1/object/public/perfume-images/68e1f095-8b75-4c8a-be25-faa27feac7c8/t8aw07yznfy-astree-wednesday-morning.webp | https://mtdlhxbwblrxtzsdjlav.supabase.co/storage/v1/object/public/perfume-images/68e1f095-8b75-4c8a-be25-faa27feac7c8/t8aw07d3k7l-astree-wednesday-morning.webp","https://s.shopee.co.id/qdB9OeffG","wonderlust-fragrance-philia | wonderlust-fragrance-flaneur | voie-kyoto-dewberry | speaks-to-me-by-the-beach | honino-romeo-roses","Astree Wednesday Morning menawarkan sensasi citrus segar dan nuansa mineral yang unik, berpadu dengan kayu kering dan moss untuk aroma yang fresh dan earthy.","https://cariparfum.com/parfum/astree-wednesday-morning","","2026-10-06T13:25:27.358Z"
"Astree","Whispering Wind","Eau de Parfum","369000","IDR","InStock","Bergamot | Green Note | Pepper","Turkish Rose | Water | Jasmine | Rain","Pine Tree | Patchouli | Moss","Hijau Segar | Akuatik","Menyegarkan | Bersih | Earthy","Masculine","","Pagi | ️ Siang | Sore | ️ Panas | ️ Hujan","https://mtdlhxbwblrxtzsdjlav.supabase.co/storage/v1/object/public/perfume-images/928ad8d1-5b27-4a35-a608-68e3ab2f952e/t8aw09nrgm5-astree-whispering-wind.webp | https://mtdlhxbwblrxtzsdjlav.supabase.co/storage/v1/object/public/perfume-images/928ad8d1-5b27-4a35-a608-68e3ab2f952e/t8aw0a1lp7a-astree-whispering-wind.webp | https://mtdlhxbwblrxtzsdjlav.supabase.co/storage/v1/object/public/perfume-images/928ad8d1-5b27-4a35-a608-68e3ab2f952e/t8aw0ajacls-astree-whispering-wind.webp","https://s.shopee.co.id/6puOIGty08","amthra-november-rain | honino-romeo-roses | mykonos-xoxo-rosy | loco-scent-red-rhapsody | astree-villa-de-la-rose","Astree Whispering Wind adalah parfum EdP dengan nuansa fresh green dan aquatic, menghadirkan aroma sejuk alami yang cocok untuk hari-hari aktif di iklim tropis.","https://cariparfum.com/parfum/astree-whispering-wind","","2026-10-06T13:26:27.561Z"
"Ataraksia","Apotheosis of Arictocrat","Eau de Parfum","427000","IDR","InStock","Cardamom","Burnt Jasmine","Smoke | Ambroxan | Vanilla | Incense","Amber | Kering & Smoky","Misterius | Hangat","Masculine","","Malam | ️ Dingin","https://mtdlhxbwblrxtzsdjlav.supabase.co/storage/v1/object/public/perfume-images/5cb7e283-da6e-4c6a-b27c-bc031cfa9ec5/t8awi4ajnkz-ataraksia-apotheosis-of-arictocrat.webp | https://mtdlhxbwblrxtzsdjlav.supabase.co/storage/v1/object/public/perfume-images/5cb7e283-da6e-4c6a-b27c-bc031cfa9ec5/t8awi5kjsz7-ataraksia-apotheosis-of-arictocrat.webp","https://s.shopee.co.id/5VP0iBTcFD","fragrance-by-petals-arabian-nights | mykonos-black-opera | wonderlust-fragrance-gunnen | satellite-of-glow-kapadokya-mistik | voie-crave-for-vanilla","Ataraksia Apotheosis of Arictocrat menghadirkan aroma smoky incense, jasmine, dan vanilla yang hangat misterius, cocok untuk malam penuh refleksi atau suasana.","https://cariparfum.com/parfum/ataraksia-apotheosis-of-arictocrat","","2026-10-06T13:26:24.419Z"
"Ataraksia","Between Liberation & Tyranism","Eau de Parfum","427000","IDR","InStock","Gunpowder | Wine | Turmeric","Virginia Cedarwood | Cinnamon | Olibanum | Iris | Saffron","Smoke | Amber | Sandalwood | Incense | Musk","Amber | Kering & Smoky","Misterius | Tegas","Masculine","","Sore | Malam | ️ Dingin | ️ Hujan","https://mtdlhxbwblrxtzsdjlav.supabase.co/storage/v1/object/public/perfume-images/c70d6122-ebe2-4305-b1ed-74e7150b34ae/t8awi8fmhdk-ataraksia-between-liberation-tyranism.webp | https://mtdlhxbwblrxtzsdjlav.supabase.co/storage/v1/object/public/perfume-images/c70d6122-ebe2-4305-b1ed-74e7150b34ae/t8awi8azi48-ataraksia-between-liberation-tyranism.webp","https://s.shopee.co.id/30hfjcpWaU","honino-romeo-roses | sonder-scents-255 | loco-scent-red-rhapsody | layr-velvet-dream | blanc-odor-ivory-shirt","Ataraksia Between Liberation & Tyranism menghadirkan aroma wine, smoke, dan incense yang hangat, membuat setiap malam terasa penuh karakter dan misteri.","https://cariparfum.com/parfum/ataraksia-between-liberation-tyranism","","2026-10-06T13:24:44.771Z"
"Ataraksia","Gowok Chamber","Extrait de Parfum","367000","IDR","InStock","Ginger | Mandarin Orange | Lemon | Coriander | Java Cardamom","Rum | Bulgarian Rose | Davana | Geranium","Incense | Oud","Amber | Woody","Misterius | Hangat | Tegas","Masculine","","Sore | Malam | ️ Dingin","https://mtdlhxbwblrxtzsdjlav.supabase.co/storage/v1/object/public/perfume-images/cf7131c5-971c-4e99-b9c5-312edb9ced05/t8aw26l36pz-ataraksia-gowok-chamber.webp | https://mtdlhxbwblrxtzsdjlav.supabase.co/storage/v1/object/public/perfume-images/cf7131c5-971c-4e99-b9c5-312edb9ced05/t8aw26lhu58-ataraksia-gowok-chamber.webp","https://s.shopee.co.id/8fM2U3ptFj","loco-scent-red-rhapsody | mykonos-moroccan-vanilla | loco-scent-into-the-waves | scentnario-adam-s-eden | house-of-medici-devil-in-a-new-dress","Ataraksia Gowok Chamber adalah parfum bold dengan sentuhan citrus, rum, mawar, dan oud yang hangat, cocok untuk malam penuh nuansa misterius dan elegan.","https://cariparfum.com/parfum/ataraksia-gowok-chamber","","2026-10-06T13:25:17.952Z"
"Ataraksia","Kembang Aubade","Extrait de Parfum","367000","IDR","InStock","Bergamot | Jasmine","Dew Drop | Osmanthus | Hedione | Gardenia","Musk","Floral | Akuatik","Bersih | Menenangkan","Masculine","","Pagi | ️ Siang | Sore | ️ Panas | ️ Hujan","https://mtdlhxbwblrxtzsdjlav.supabase.co/storage/v1/object/public/perfume-images/b88e3951-925e-482f-8a0d-1a70ca5cb3e4/t8awg2jh5b5-ataraksia-kembang-aubade.webp | https://mtdlhxbwblrxtzsdjlav.supabase.co/storage/v1/object/public/perfume-images/b88e3951-925e-482f-8a0d-1a70ca5cb3e4/t8awg23twnr-ataraksia-kembang-aubade.webp","https://s.shopee.co.id/8APltBhqpo","honino-romeo-roses | project-1945-bamboe-roencing | loco-scent-harvest-feast | sianc-iltsb | reboura-majestic-night","Ataraksia Kembang Aubade menghadirkan sensasi bunga putih segar dan embun pagi, cocok untuk kamu yang ingin wangi clean dan menenangkan di suasana tropis.","https://cariparfum.com/parfum/ataraksia-kembang-aubade","","2026-10-06T13:26:35.885Z"
"Ataraksia","Kembang Edelweiss","Eau de Parfum","379000","IDR","InStock","Bergamot | Mountain Air","Sun Accord | Sunflower | Chamomile | Daisy | Baby Breath Flower Accord","Cedarwood | Patchouli | Moss","Hijau Segar | Floral","Ringan | Menenangkan","Masculine","","Pagi | ️ Siang | Sore | ️ Panas | ️ Hujan","https://mtdlhxbwblrxtzsdjlav.supabase.co/storage/v1/object/public/perfume-images/37660ca4-93bd-4645-8086-ee2967718547/t8awgbjzcsw-ataraksia-kembang-edelweiss.webp | https://mtdlhxbwblrxtzsdjlav.supabase.co/storage/v1/object/public/perfume-images/37660ca4-93bd-4645-8086-ee2967718547/t8awgc4fng3-ataraksia-kembang-edelweiss.webp","https://s.shopee.co.id/4fptimpckV","hint-ultimate | personal-chemistry-memo | botanical-essentials-after-hours | mandalika-hypnotized | world-of-make-scents-ermis-solid-perfume","Ataraksia Kembang Edelweiss menghadirkan sensasi udara pegunungan dan bunga liar dengan sentuhan kayu lembut, sempurna untuk hari-hari segar di Indonesia.","https://cariparfum.com/parfum/ataraksia-kembang-edelweiss","","2026-10-06T13:25:22.812Z"
"Ataraksia","Kembang Jelita","Eau de Parfum","379000","IDR","InStock","Calla Lily | Green Stem Accord","Tuberose | Milk | Heliotrope","Musk","Floral Lembut | Powdery","Elegan | Nyaman","Masculine","","Sore | Malam | ️ Hujan | ️ Dingin","https://mtdlhxbwblrxtzsdjlav.supabase.co/storage/v1/object/public/perfume-images/725f6f6d-c074-43d8-ba36-a36d28bd7e31/t8awedhk0gz-ataraksia-kembang-jelita.webp | https://mtdlhxbwblrxtzsdjlav.supabase.co/storage/v1/object/public/perfume-images/725f6f6d-c074-43d8-ba36-a36d28bd7e31/t8awee55qkp-ataraksia-kembang-jelita.webp","https://s.shopee.co.id/2LRywWpJP5","honino-romeo-roses | honino-teddys-blanket | laboratori-semplice-tuberose | byfrags-pleasure-of-jo | mykonos-chai-crema-latte","Ataraksia Kembang Jelita menghadirkan aroma floral lembut dan creamy, cocok untuk pecinta parfum elegan yang ingin kesan tenang tapi tetap hidup.","https://cariparfum.com/parfum/ataraksia-kembang-jelita","","2026-10-06T13:26:14.618Z"
"Ataraksia","Kembang Juwita","Eau de Parfum","367000","IDR","InStock","Pepper | Light Spice Accord","Eucalyptus | Metallic Accord | Jasmine","Incense | Watery Accord | Musk","Floral | Akuatik","Bersih | Misterius","Masculine","","Sore | Malam | ️ Panas | ️ Hujan","https://mtdlhxbwblrxtzsdjlav.supabase.co/storage/v1/object/public/perfume-images/1f8ebc1c-b0a1-4dcf-a5a6-de94dec3d339/t8awea8ojf8-ataraksia-kembang-juwita.webp | https://mtdlhxbwblrxtzsdjlav.supabase.co/storage/v1/object/public/perfume-images/1f8ebc1c-b0a1-4dcf-a5a6-de94dec3d339/t8awebiv3qm-ataraksia-kembang-juwita.webp","https://s.shopee.co.id/2B8YkFXKky","honino-romeo-roses | elvicto-las-vegas | hint-dragon | scent-of-jarte-tulip-valley | the-body-tale-portrait-of-kyoto","Ataraksia Kembang Juwita memadukan jasmine segar, eucalyptus dingin, dan incense musk yang clean, menciptakan aroma floral-aquatic modern dan misterius.","https://cariparfum.com/parfum/ataraksia-kembang-juwita","","2026-10-06T13:24:50.292Z"
"Ataraksia","Kembang Sandyakala","Eau de Parfum","379000","IDR","InStock","Champagne | Fruit Punch","Apricot | Powdery Note | Rose","Woody Note","Fruity | Powdery","Playful | Elegan","Masculine","","Sore | Malam | ️ Panas | ️ Hujan","https://mtdlhxbwblrxtzsdjlav.supabase.co/storage/v1/object/public/perfume-images/64fdd1ea-e1d3-4f11-bf4d-2a98c55d41cc/t8aw3j80x2n-ataraksia-kembang-sandyakala.webp | https://mtdlhxbwblrxtzsdjlav.supabase.co/storage/v1/object/public/perfume-images/64fdd1ea-e1d3-4f11-bf4d-2a98c55d41cc/t8aw3k0xrgs-ataraksia-kembang-sandyakala.webp","https://s.shopee.co.id/2LRywbVlKJ","loco-scent-red-rhapsody | mykonos-xoxo-rosy | honino-romeo-roses | laboratori-semplice-rose | vlagio-perfume-velove","Ataraksia Kembang Sandyakala menghadirkan nuansa sore tropis yang playful dan lembut, dengan sentuhan buah, mawar, dan kayu powdery yang elegan.","https://cariparfum.com/parfum/ataraksia-kembang-sandyakala","","2026-10-06T13:25:26.885Z"
"Ataraksia","Kembang Sinantara","Eau de Parfum","379000","IDR","InStock","Lemongrass Accord","Magnolia | Musk","Woody Note","Floral | Woody","Menyegarkan | Menenangkan","Masculine","","Pagi | ️ Siang | Sore | ️ Panas | ️ Hujan","https://mtdlhxbwblrxtzsdjlav.supabase.co/storage/v1/object/public/perfume-images/7bb724ad-f957-430a-b216-c5675c2c1392/t8awegef5r8-ataraksia-kembang-sinantara.webp | https://mtdlhxbwblrxtzsdjlav.supabase.co/storage/v1/object/public/perfume-images/7bb724ad-f957-430a-b216-c5675c2c1392/t8awegxtak9-ataraksia-kembang-sinantara.webp","https://s.shopee.co.id/1LZRkn3gkv","honino-romeo-roses | hint-delicate | wonderlust-fragrance-philia | wonderlust-fragrance-flaneur | scentalgia-fragrance-the-kiss","Ataraksia Kembang Sinantara adalah parfum EdP segar floral woody dengan nuansa lemongrass dan magnolia, cocok untuk aktivitas pagi hingga sore di cuaca tropis.","https://cariparfum.com/parfum/ataraksia-kembang-sinantara","","2026-10-06T13:25:53.327Z"
"Ataraksia","Kembang Sunyi","Extrait de Parfum","367000","IDR","InStock","Saffron","Jasmine | Rose | Iris","Suede Leather | Patchouli | Incense","Floral | Kering & Smoky","Misterius | Hangat | Elegan","Masculine","","Sore | Malam | ️ Dingin | ️ Hujan","https://mtdlhxbwblrxtzsdjlav.supabase.co/storage/v1/object/public/perfume-images/060f4fc1-44b0-488c-9af6-4a4dcc8e7a45/t8awge2pgeu-ataraksia-kembang-sunyi.webp | https://mtdlhxbwblrxtzsdjlav.supabase.co/storage/v1/object/public/perfume-images/060f4fc1-44b0-488c-9af6-4a4dcc8e7a45/t8awgefbowo-ataraksia-kembang-sunyi.webp","https://s.shopee.co.id/AKUGTMUtQG","loco-scent-red-rhapsody | honino-romeo-roses | house-of-medici-devil-in-a-new-dress | mykonos-xoxo-rosy | astree-villa-de-la-rose","Ataraksia Kembang Sunyi membawa aroma floral smoky yang misterius dan hangat, cocok untuk malam-malam tenang atau momen intim penuh refleksi.","https://cariparfum.com/parfum/ataraksia-kembang-sunyi","","2026-10-06T13:26:05.623Z"
"Ataraksia","Nasi Vanilla","Eau de Parfum","367000","IDR","InStock","Light Nutty Accord | Star Anise","Powdery Note | Steam Accord","Vanilla | Nasi Accord","Gourmand | Powdery","Nyaman | Hangat","Masculine","","Malam | ️ Dingin | ️ Hujan","https://mtdlhxbwblrxtzsdjlav.supabase.co/storage/v1/object/public/perfume-images/36b228d9-a435-4502-b0a7-19cab53000bb/t8awg832s16-ataraksia-nasi-vanilla.webp | https://mtdlhxbwblrxtzsdjlav.supabase.co/storage/v1/object/public/perfume-images/36b228d9-a435-4502-b0a7-19cab53000bb/t8awg9u96wo-ataraksia-nasi-vanilla.webp","https://s.shopee.co.id/30hfjuVSzb","house-of-medici-shakespeare-elegiac | mykonos-vanilla-clouds | mykonos-moroccan-vanilla | mandalika-only-the-brave | world-of-make-scents-kiko-crumbs-solid-perfume","Ataraksia Nasi Vanilla menghadirkan kehangatan nasi pulen berpadu vanilla manis yang lembut, aroma cozy dan unik yang pas untuk malam santai di rumah.","https://cariparfum.com/parfum/ataraksia-nasi-vanilla","","2026-10-06T13:25:36.537Z"
"Ataraksia","Peri Gandamayit","Extrait de Parfum","367000","IDR","InStock","Melati | Sedap Malam","Mawar Putih | Bunga Kenanga | Bunga Tanjung | Cempaka Putih","Sandalwood | Incense | Musk","Floral | Amber Lembut","Misterius | Hangat","Masculine","","Sore | Malam | ️ Dingin | ️ Hujan","https://mtdlhxbwblrxtzsdjlav.supabase.co/storage/v1/object/public/perfume-images/80aff5bd-1173-4059-9395-210efbe17acc/t8awe7ey2vl-ataraksia-peri-gandamayit.webp | https://mtdlhxbwblrxtzsdjlav.supabase.co/storage/v1/object/public/perfume-images/80aff5bd-1173-4059-9395-210efbe17acc/t8awe8nwe75-ataraksia-peri-gandamayit.webp","https://s.shopee.co.id/6fay6gZ7k2","loco-scent-red-rhapsody | honino-romeo-roses | mykonos-xoxo-rosy | de-antoine-secret-de-tilia | de-antoine-de-tilia","Ataraksia Peri Gandamayit adalah parfum floral dengan nuansa incense dan sandalwood, menghadirkan suasana malam yang syahdu dan hangat penuh misteri.","https://cariparfum.com/parfum/ataraksia-peri-gandamayit","","2026-10-06T13:24:56.190Z"
"Ataraksia","Portrait of A Slave","Eau de Parfum","427000","IDR","InStock","Rose | Clary Sage | Cypress","Geranium","Amber | Oakmoss | Patchouli | Cypriol Oil | Incense","Amber | Kering & Smoky","Misterius | Hangat","Masculine","","Sore | Malam | ️ Dingin | ️ Hujan","https://mtdlhxbwblrxtzsdjlav.supabase.co/storage/v1/object/public/perfume-images/09b9dcd5-b222-4ae9-9eee-f43888d251e4/t8awia8wrom-ataraksia-portrait-of-a-slave.webp | https://mtdlhxbwblrxtzsdjlav.supabase.co/storage/v1/object/public/perfume-images/09b9dcd5-b222-4ae9-9eee-f43888d251e4/t8awibubuhi-ataraksia-portrait-of-a-slave.webp","https://s.shopee.co.id/30hfjxlzW4","honino-romeo-roses | loco-scent-red-rhapsody | mykonos-xoxo-rosy | mykonos-sparkling-rose | loco-scent-smoke-on-top","Ataraksia Portrait of A Slave menggabungkan mawar, kayu, dan incense dengan nuansa smoky-earthy, cocok untuk malam sejuk dan momen introspektif.","https://cariparfum.com/parfum/ataraksia-portrait-of-a-slave","","2026-10-06T13:25:55.288Z"
"Ataraksia","Priyayi Mood","Extrait de Parfum","337000","IDR","InStock","Licorice | Green Atmosphere Accord","Resin | Tobacco | Cashmere Wood","Incense | Oud","Kering & Smoky | Amber","Misterius | Hangat | Tegas","Masculine","","Malam | ️ Dingin","https://mtdlhxbwblrxtzsdjlav.supabase.co/storage/v1/object/public/perfume-images/c23fe54c-ab4a-499c-b7b4-a089a81a2d5b/t8awjrn2jiu-ataraksia-priyayi-mood.webp | https://mtdlhxbwblrxtzsdjlav.supabase.co/storage/v1/object/public/perfume-images/c23fe54c-ab4a-499c-b7b4-a089a81a2d5b/t8awjs5r0v2-ataraksia-priyayi-mood.webp","https://s.shopee.co.id/2LRywxisEy","blanc-odor-jeans-jacket | scentnario-adam-s-eden | loco-scent-red-rhapsody | loco-scent-smoke-on-top | ataraksia-roro-mendut","Ataraksia Priyayi Mood adalah parfum malam yang memadukan nuansa resin, tembakau, dan oud, menghadirkan suasana misterius sekaligus hangat di setiap semprotan.","https://cariparfum.com/parfum/ataraksia-priyayi-mood","","2026-10-06T13:26:04.751Z"
"Ataraksia","Pulau Tuak","Extrait de Parfum","367000","IDR","InStock","Cedarwood | Rum | Tamarind Leaf","Patchouli | Nutmeg","Amber | Vanilla | Musk","Amber | Woody","Hangat | Misterius","Masculine","","Sore | Malam | ️ Dingin | ️ Hujan","https://mtdlhxbwblrxtzsdjlav.supabase.co/storage/v1/object/public/perfume-images/f202a828-4df8-4543-99aa-c249d7f52056/t8aweiiu5mr-ataraksia-pulau-tuak.webp | https://mtdlhxbwblrxtzsdjlav.supabase.co/storage/v1/object/public/perfume-images/f202a828-4df8-4543-99aa-c249d7f52056/t8awej11ev6-ataraksia-pulau-tuak.webp","https://s.shopee.co.id/W0KlOY9UJ","honino-romeo-roses | speaks-to-me-slow-sunset | ouru-warm-whiskey | layr-velvet-dream | sonder-scents-255","Ataraksia Pulau Tuak menghadirkan suasana malam tropis dengan aroma rum, kayu, dan vanilla yang hangat, cocok untuk momen intim dan santai.","https://cariparfum.com/parfum/ataraksia-pulau-tuak","","2026-10-06T13:25:09.321Z"
"Ataraksia","Raden Saleh Callenberg","Extrait de Parfum","367000","IDR","InStock","Bergamot | Lavender | Wormwood | Mint | Orange Flower","Patchouli | Rose | Geranium","Amber | Vanilla Spice | Oakmoss | Tonka Bean","Amber | Aromatik","Hangat | Misterius","Masculine","","Sore | Malam | ️ Dingin | ️ Hujan","https://mtdlhxbwblrxtzsdjlav.supabase.co/storage/v1/object/public/perfume-images/c47e9b3e-d43d-4ff8-af09-55975268295d/t8aw3a4o9yq-ataraksia-raden-saleh-callenberg.webp | https://mtdlhxbwblrxtzsdjlav.supabase.co/storage/v1/object/public/perfume-images/c47e9b3e-d43d-4ff8-af09-55975268295d/t8aw3b52954-ataraksia-raden-saleh-callenberg.webp","https://s.shopee.co.id/70DoVMVCxV","honino-romeo-roses | loco-scent-red-rhapsody | loco-scent-smoke-on-top | atsiri-rayu | world-of-make-scents-ermis-solid-perfume","Ataraksia Raden Saleh Callenberg memadukan kesegaran citrus, floral, dan nuansa hangat amber-oakmoss yang elegan, cocok untuk sore hingga malam hari.","https://cariparfum.com/parfum/ataraksia-raden-saleh-callenberg","","2026-10-06T13:24:51.537Z"
"Ataraksia","Roro Mendut","Extrait de Parfum","367000","IDR","InStock","Ginger | Blood Orange | Lemon | Cardamom","Spice | Tea | Tobacco","Myrrh | Resin | Vanilla | Patchouli | Incense","Kering & Smoky | Amber","Hangat | Misterius","Masculine","","Sore | Malam | ️ Dingin | ️ Hujan","https://mtdlhxbwblrxtzsdjlav.supabase.co/storage/v1/object/public/perfume-images/433273ea-754c-46ed-867e-ea44c7188817/t8aw3diuhl6-ataraksia-roro-mendut.webp | https://mtdlhxbwblrxtzsdjlav.supabase.co/storage/v1/object/public/perfume-images/433273ea-754c-46ed-867e-ea44c7188817/t8aw3d9xi8m-ataraksia-roro-mendut.webp","https://s.shopee.co.id/5AmAK1fqcs","mykonos-moroccan-vanilla | anntumma-anntumma | whspr-ode-to-revenge | mykonos-conquer | house-of-medici-shakespeare-elegiac","Ataraksia Roro Mendut membawa aroma tembakau, teh, dan resin yang smoky dengan sentuhan citrus pedas, pas untuk malam sejuk dan suasana intimate.","https://cariparfum.com/parfum/ataraksia-roro-mendut","","2026-10-06T13:25:11.758Z"
"Ataraksia","Royal Shower","Eau de Parfum","379000","IDR","InStock","Soap | Cotton Flower","Milk | Heliotrope | Musk","Sandalwood","Floral Lembut | Powdery","Bersih | Nyaman | Menenangkan","Masculine","","️ Siang | Sore | Malam | ️ Panas | ️ Hujan","https://mtdlhxbwblrxtzsdjlav.supabase.co/storage/v1/object/public/perfume-images/a22eb2cf-06e5-4225-91a3-c63244c91d29/t8aw2157a0d-ataraksia-royal-shower.webp | https://mtdlhxbwblrxtzsdjlav.supabase.co/storage/v1/object/public/perfume-images/a22eb2cf-06e5-4225-91a3-c63244c91d29/t8aw224sovg-ataraksia-royal-shower.webp","https://s.shopee.co.id/20p8YEM5hY","byfrags-pleasure-of-jo | de-antoine-secret-de-tilia | de-antoine-de-tilia | honino-romeo-roses | layr-velvet-dream","Ataraksia Royal Shower adalah parfum clean creamy yang memadukan kesan sabun, cotton flower, dan sandalwood, menciptakan nuansa fresh cozy untuk hari-hari.","https://cariparfum.com/parfum/ataraksia-royal-shower","","2026-10-06T13:24:55.604Z"
"Ataraksia","Sarang Gandharwa","Extrait de Parfum","367000","IDR","InStock","Animal Note Accord | Incense","Castoreum | Rose","Amber | Patchouli | Musk","Amber | Kering & Smoky","Sensual | Misterius | Tegas","Masculine","","Malam | ️ Dingin","https://mtdlhxbwblrxtzsdjlav.supabase.co/storage/v1/object/public/perfume-images/36f776e4-4c75-486c-b130-c7a4728c73a8/t8aw3774o44-ataraksia-sarang-gandharwa.webp | https://mtdlhxbwblrxtzsdjlav.supabase.co/storage/v1/object/public/perfume-images/36f776e4-4c75-486c-b130-c7a4728c73a8/t8aw37186el-ataraksia-sarang-gandharwa.webp","https://s.shopee.co.id/20p8YFmdRj","honino-romeo-roses | loco-scent-red-rhapsody | mykonos-xoxo-rosy | mykonos-hawaiian-crush | mykonos-sparkling-rose","Ataraksia Sarang Gandharwa adalah parfum XdP dengan sentuhan animalic, incense, dan patchouli yang sensual dan misterius, cocok untuk malam spesial.","https://cariparfum.com/parfum/ataraksia-sarang-gandharwa","","2026-10-06T13:26:00.824Z"
"Ataraksia","Semilir Bayang Mangata","Extrait de Parfum","367000","IDR","InStock","Seaweed | Pepper | Sea Breeze Accord","Sea Note | Salt | Driftwood","Musk","Akuatik | Woody","Menyegarkan | Ringan | Menenangkan","Masculine","","Pagi | ️ Siang | Sore | ️ Panas | ️ Hujan","https://mtdlhxbwblrxtzsdjlav.supabase.co/storage/v1/object/public/perfume-images/10dbc0bd-2874-4f0c-aacf-dbc653c13035/t8aw3h3uso9-ataraksia-semilir-bayang-mangata.webp | https://mtdlhxbwblrxtzsdjlav.supabase.co/storage/v1/object/public/perfume-images/10dbc0bd-2874-4f0c-aacf-dbc653c13035/t8aw3ix9bn2-ataraksia-semilir-bayang-mangata.webp","https://s.shopee.co.id/gJkxomUla","saka-perfumery-etherwave | honino-romeo-roses | bali-surfers-blue-point-for-him | astree-ocean-breeze | oaken-lab-narikela","Ataraksia Semilir Bayang Mangata menghadirkan aroma laut dan driftwood yang segar, cocok untuk penyuka parfum aquatic dengan nuansa modern yang bersih.","https://cariparfum.com/parfum/ataraksia-semilir-bayang-mangata","","2026-10-06T13:25:18.457Z"
"Ataraksia","Societeit Harmonie","Extrait de Parfum","367000","IDR","InStock","Ginger | Caraway | Cinnamon | Saffron | Turmeric","Orange Blossom | Jasmine | Clove | Tuberose | Tobacco","Sandalwood | Incense | Benzoin | Vetiver","Amber | Woody","Hangat | Misterius","Masculine","","Sore | Malam | ️ Dingin","https://mtdlhxbwblrxtzsdjlav.supabase.co/storage/v1/object/public/perfume-images/115dbeef-6b47-4d2c-adb0-2c3a92fabaae/t8awg5qo11f-ataraksia-societeit-harmonie.webp | https://mtdlhxbwblrxtzsdjlav.supabase.co/storage/v1/object/public/perfume-images/115dbeef-6b47-4d2c-adb0-2c3a92fabaae/t8awg6kzv0q-ataraksia-societeit-harmonie.webp","https://s.shopee.co.id/8V2cIEifVW","loco-scent-smoke-on-top | hint-metaverse | citizens-of-the-world-habanos | ataraksia-between-liberation-tyranism | wonderlust-fragrance-gunnen","Ataraksia Societeit Harmonie menghadirkan aroma rempah hangat, bunga putih, dan sandalwood dengan sentuhan incense misterius untuk malam penuh karakter.","https://cariparfum.com/parfum/ataraksia-societeit-harmonie","","2026-10-06T13:24:56.956Z"
"Ataraksia","Telaga Sritanjung","Extrait de Parfum","367000","IDR","InStock","Bergamot | Lemon | Cemara","Incense | Pine","Amber | Sandalwood","Woody | Amber","Hangat | Menenangkan","Masculine","","Sore | Malam | ️ Dingin | ️ Hujan","https://mtdlhxbwblrxtzsdjlav.supabase.co/storage/v1/object/public/perfume-images/8385e8c3-d842-4a42-a9ba-b5ab5090bde6/t8aw236dnx4-ataraksia-telaga-sritanjung.webp | https://mtdlhxbwblrxtzsdjlav.supabase.co/storage/v1/object/public/perfume-images/8385e8c3-d842-4a42-a9ba-b5ab5090bde6/t8aw2496o0x-ataraksia-telaga-sritanjung.webp","https://s.shopee.co.id/LguZFdozZ","honor-perfume-denali | loco-scent-into-the-waves | world-of-make-scents-ermis-solid-perfume | speaks-to-me-by-the-beach | elvicto-old-money","Ataraksia Telaga Sritanjung adalah parfum woody-amber dengan sentuhan citrus dan incense, menawarkan sensasi hangat, menenangkan, dan cocok untuk sore hingga.","https://cariparfum.com/parfum/ataraksia-telaga-sritanjung","","2026-10-06T13:26:26.998Z"
"ATSIRI","1941","Eau de Parfum","449000","IDR","InStock","Bergamot | Cinnamon","Cocoa | Jasmine | Clove","Amber | Vanilla Cream | Patchouli | Coffee","Amber | Gourmand","Hangat | Nyaman","Masculine","","Malam | ️ Dingin","https://mtdlhxbwblrxtzsdjlav.supabase.co/storage/v1/object/public/perfume-images/9eb68020-20bc-4c16-b0fc-2bf47b0da930/t8abun98az1-atsiri-1941.png | https://mtdlhxbwblrxtzsdjlav.supabase.co/storage/v1/object/public/perfume-images/9eb68020-20bc-4c16-b0fc-2bf47b0da930/t8abuqif8hq-atsiri-1941.png | https://mtdlhxbwblrxtzsdjlav.supabase.co/storage/v1/object/public/perfume-images/9eb68020-20bc-4c16-b0fc-2bf47b0da930/t8abuu0cjro-atsiri-1941.png","https://s.shopee.co.id/8V2dG663mD","honino-romeo-roses | reboura-majestic-night | elvicto-10-pm | mykonos-black-opera | scent-of-jarte-by-the-garden","ATSIRI 1941 adalah parfum EdP bernuansa gourmand-amber yang creamy, spicy, dan hangat, cocok untuk malam santai atau momen intim yang ingin terasa spesial.","https://cariparfum.com/parfum/atsiri-1941","","2026-10-06T13:26:16.560Z"
"ATSIRI","1963","Eau de Parfum","449000","IDR","InStock","Bergamot | Lemon | Lemongrass","Ginger | Green Tea | Jasmine | Clove","Amber | Oakmoss | White Musk","Sitrus Segar | Hijau Segar","Menyegarkan | Bersih","Masculine","","Pagi | ️ Siang | Sore | ️ Panas | ️ Hujan","https://mtdlhxbwblrxtzsdjlav.supabase.co/storage/v1/object/public/perfume-images/3f1c3f2b-5fa3-47e8-9924-96ef8c636aa6/t8abv2k2y05-atsiri-1963.png | https://mtdlhxbwblrxtzsdjlav.supabase.co/storage/v1/object/public/perfume-images/3f1c3f2b-5fa3-47e8-9924-96ef8c636aa6/t8abv5md9ew-atsiri-1963.png | https://mtdlhxbwblrxtzsdjlav.supabase.co/storage/v1/object/public/perfume-images/3f1c3f2b-5fa3-47e8-9924-96ef8c636aa6/t8abv8nh7r7-atsiri-1963.png","https://s.shopee.co.id/8APmraqoul","scentnario-hidden-haven | honor-perfume-denali | unspoken-timber | loco-scent-into-the-waves | sianc-iltsb","ATSIRI 1963 adalah Eau de Parfum segar dengan sentuhan lemongrass dan green tea, cocok untuk kamu yang mencari aroma clean dan menyegarkan di hari panas.","https://cariparfum.com/parfum/atsiri-1963","","2026-10-06T13:25:16.509Z"
"ATSIRI","2015 Bersama Tuku","Eau de Parfum","100000","IDR","InStock","Strawberry | Lemon | Orange | Roasted Black Coffee","Blueberry | Waffle","Vanilla | Caramel | Oud | Musk","Gourmand | Fruity","Nyaman | Playful","Masculine","","Sore | Malam | ️ Dingin","https://mtdlhxbwblrxtzsdjlav.supabase.co/storage/v1/object/public/perfume-images/59d29b12-7f5d-43f5-8514-6737efc58346/t8abw6xtdqi-atsiri-2015.png | https://mtdlhxbwblrxtzsdjlav.supabase.co/storage/v1/object/public/perfume-images/59d29b12-7f5d-43f5-8514-6737efc58346/t8abwagrkny-atsiri-2015.png | https://mtdlhxbwblrxtzsdjlav.supabase.co/storage/v1/object/public/perfume-images/59d29b12-7f5d-43f5-8514-6737efc58346/t8abwcrn0v3-atsiri-2015.png","https://s.shopee.co.id/4VWUUyBAB6","world-of-make-scents-kiko-crumbs-solid-perfume | honino-romeo-roses | mykonos-caramel-fudge-cookie | mykonos-moroccan-vanilla | aoera-pretty","ATSIRI 2015 Bersama Tuku menghadirkan nuansa hangat kopi, buah citrus, dan caramel vanilla yang playful, pas untuk pecinta aroma manis yang cozy dan unik.","https://cariparfum.com/parfum/atsiri-2015-bersama-tuku","","2026-10-06T13:25:21.135Z"
"ATSIRI","Beksan","Eau de Parfum","449000","IDR","InStock","Ginger | Pink Peppercorn | Bergamot | Cardamom","Jasmine | Rose | Ylang-Ylang | Geranium","Cedarwood | Sandalwood | Olibanum | Vetiver","Floral | Woody","Hangat | Elegan","Masculine","","Sore | Malam | ️ Dingin | ️ Hujan","https://mtdlhxbwblrxtzsdjlav.supabase.co/storage/v1/object/public/perfume-images/275c70e9-4528-4a93-86d2-e5c72bdf0d84/t8abvpnj1uw-atsiri-beksan.jpg | https://mtdlhxbwblrxtzsdjlav.supabase.co/storage/v1/object/public/perfume-images/275c70e9-4528-4a93-86d2-e5c72bdf0d84/t8abvqd3bi8-atsiri-beksan.jpg | https://mtdlhxbwblrxtzsdjlav.supabase.co/storage/v1/object/public/perfume-images/275c70e9-4528-4a93-86d2-e5c72bdf0d84/t8abvsraj71-atsiri-beksan.jpg","https://s.shopee.co.id/8pfTeqJMcC","botanical-essentials-sanctuary | honino-romeo-roses | evesol-jinggala | loco-scent-red-rhapsody | loco-scent-into-the-waves","ATSIRI Beksan membawa aroma rempah segar, floral, dan kayu yang hangat untuk suasana sore hingga malam, cocok bagi pencinta nuansa hangat dan dewasa.","https://cariparfum.com/parfum/atsiri-beksan","","2026-10-06T13:24:46.915Z"
"ATSIRI","Buai","Eau de Parfum","449000","IDR","InStock","Cinnamon Leaves | Mimosa | Cinnamon | Cardamom","Orange Blossom | Cinnamon Bark | Lavender | Benzoin","Sandalwood | Vanilla Bean | Tonka Bean | Musk","Amber | Gourmand","Hangat | Nyaman","Masculine","","Sore | Malam | ️ Dingin | ️ Hujan","https://mtdlhxbwblrxtzsdjlav.supabase.co/storage/v1/object/public/perfume-images/c5757643-5959-4c8c-b6c3-9d230f5105a3/t8abvwrfbef-atsiri-buai.png | https://mtdlhxbwblrxtzsdjlav.supabase.co/storage/v1/object/public/perfume-images/c5757643-5959-4c8c-b6c3-9d230f5105a3/t8abvzkpszn-atsiri-buai.png | https://mtdlhxbwblrxtzsdjlav.supabase.co/storage/v1/object/public/perfume-images/c5757643-5959-4c8c-b6c3-9d230f5105a3/t8abw2w84ax-atsiri-buai.png","https://s.shopee.co.id/3VdxIwSY3n","sonder-scents-255 | loco-scent-saturday-cheers | layr-midnight-haze | scensology-oranos | gioia-fragrances-siena","ATSIRI Buai adalah Eau de Parfum hangat dengan nuansa rempah manis, vanilla, dan sandalwood, cocok untuk malam santai di iklim tropis Indonesia.","https://cariparfum.com/parfum/atsiri-buai","","2026-10-06T13:26:10.732Z"
"ATSIRI","Kembang Setaman Jasmine","Eau de Parfum","449000","IDR","InStock","Bergamot | Green Pear | Sampaguita | Blackcurrant","Orange Blossom | Jasmine | Rose | Tuberose","Sandalwood | Iris | Musk","Floral | Fruity","Menyegarkan | Elegan","Masculine","","️ Siang | Sore | ️ Panas | ️ Hujan","https://mtdlhxbwblrxtzsdjlav.supabase.co/storage/v1/object/public/perfume-images/79b86123-7469-4467-a0e6-9462d9ad6a2e/t8abvl5q725-atsiri-kembang-setaman-jasmine.jpg | https://mtdlhxbwblrxtzsdjlav.supabase.co/storage/v1/object/public/perfume-images/79b86123-7469-4467-a0e6-9462d9ad6a2e/t8abvlobz7f-atsiri-kembang-setaman-jasmine.jpg | https://mtdlhxbwblrxtzsdjlav.supabase.co/storage/v1/object/public/perfume-images/79b86123-7469-4467-a0e6-9462d9ad6a2e/t8abvn8k94i-atsiri-kembang-setaman-jasmine.jpg","https://s.shopee.co.id/8pfTf0NVNy","atsiri-kembang-setaman-tuberose | honino-romeo-roses | loco-scent-red-rhapsody | reboura-flora-notes | de-antoine-secret-de-tilia","ATSIRI Kembang Setaman Jasmine adalah parfum floral segar yang memadukan jasmine dan sandalwood, cocok untuk suasana tropis dan momen spesial sehari-hari.","https://cariparfum.com/parfum/atsiri-kembang-setaman-jasmine","","2026-10-06T13:26:26.040Z"
"ATSIRI","Kembang Setaman Tuberose","Eau de Parfum","449000","IDR","InStock","Bergamot | Green Pear | Sampaguita | Blackcurrant","Orange Blossom | Jasmine | Rose | Tuberose","Sandalwood | Iris | Musk","Floral | Powdery","Elegan | Sensual","Masculine","","Sore | Malam | ️ Hujan | ️ Panas","https://mtdlhxbwblrxtzsdjlav.supabase.co/storage/v1/object/public/perfume-images/c97dc01f-2a9f-43f6-a810-71c995c414b8/t8abuxrxoa2-atsiri-kembang-setaman-tuberose.jpg | https://mtdlhxbwblrxtzsdjlav.supabase.co/storage/v1/object/public/perfume-images/c97dc01f-2a9f-43f6-a810-71c995c414b8/t8abuzh3ttj-atsiri-kembang-setaman-tuberose.jpg | https://mtdlhxbwblrxtzsdjlav.supabase.co/storage/v1/object/public/perfume-images/c97dc01f-2a9f-43f6-a810-71c995c414b8/t8abv0tsztb-atsiri-kembang-setaman-tuberose.jpg","https://s.shopee.co.id/3LKX6raest","atsiri-kembang-setaman-jasmine | honino-romeo-roses | loco-scent-red-rhapsody | reboura-flora-notes | de-antoine-secret-de-tilia","ATSIRI Kembang Setaman Tuberose adalah Eau de Parfum floral elegan dengan nuansa tuberose creamy dan sentuhan powdery, cocok untuk sore hingga malam.","https://cariparfum.com/parfum/atsiri-kembang-setaman-tuberose","","2026-10-06T13:24:42.131Z"
"ATSIRI","Rayu","Eau de Parfum","449000","IDR","InStock","Bergamot | Lavandin | Mint","Lavender | Rose | Geranium","Sandalwood | Patchouli | Tonka Bean","Aromatik | Woody","Menenangkan | Hangat","Masculine","","Sore | Malam | ️ Panas | ️ Dingin","https://mtdlhxbwblrxtzsdjlav.supabase.co/storage/v1/object/public/perfume-images/a6c64957-66c2-4200-aef6-c7832ce7a531/t8abvbryymw-atsiri-rayu.png | https://mtdlhxbwblrxtzsdjlav.supabase.co/storage/v1/object/public/perfume-images/a6c64957-66c2-4200-aef6-c7832ce7a531/t8abvevfyq6-atsiri-rayu.png | https://mtdlhxbwblrxtzsdjlav.supabase.co/storage/v1/object/public/perfume-images/a6c64957-66c2-4200-aef6-c7832ce7a531/t8abvhinfi6-atsiri-rayu.png","https://s.shopee.co.id/9fEaeKH80f","loco-scent-red-rhapsody | ataraksia-raden-saleh-callenberg | world-of-make-scents-ermis-solid-perfume | layr-get-naked | speaks-to-me-at-the-speakeasy","ATSIRI Rayu adalah Eau de Parfum dengan nuansa lavender-mint yang segar dan sentuhan woody floral, cocok untuk sore santai di iklim tropis Indonesia.","https://cariparfum.com/parfum/atsiri-rayu","","2026-10-06T13:25:31.800Z"
"Avalanche","Blooming Desert","Extrait de Parfum","279000","IDR","InStock","Bergamot | Incense | Saffron","Cedar | Cinnamon | Cashmere Wood","Amber | Vanilla | Patchouli","Amber | Woody","Hangat | Nyaman | Misterius","Masculine","","Sore | Malam | ️ Dingin | ️ Hujan","https://mtdlhxbwblrxtzsdjlav.supabase.co/storage/v1/object/public/perfume-images/5a923a8a-33b5-42d6-8de3-dce718700dda/t878j98xwhd-avalanche-blooming-desert.webp | https://mtdlhxbwblrxtzsdjlav.supabase.co/storage/v1/object/public/perfume-images/5a923a8a-33b5-42d6-8de3-dce718700dda/t878jagpcel-avalanche-blooming-desert.webp","https://s.shopee.co.id/BNVLE4CQc","sonder-scents-255 | honino-romeo-roses | gioia-fragrances-jenny | speaks-to-me-slow-sunset | honor-perfume-crimson","Avalanche Blooming Desert adalah parfum XdP bernuansa hangat, woody, dan spicy, cocok untuk malam santai atau momen intim dalam suasana sejuk.","https://cariparfum.com/parfum/avalanche-blooming-desert","","2026-10-06T13:25:33.065Z"
"Avalanche","Cosmic Pull","Extrait de Parfum","279000","IDR","InStock","Mandarin Orange | Petitgrain | Pink Pepper | Elemi | Nutmeg","Cedarwood | Fig Nectar | Peach | Lavender | Neroli | Lily of the Valley | Dry Amber","Vanilla | Iris | Tobacco | Tonka Bean | Orchid | Musk","Amber | Fruity","Hangat | Nyaman | Misterius","Masculine","","Sore | Malam | ️ Dingin | ️ Hujan","https://mtdlhxbwblrxtzsdjlav.supabase.co/storage/v1/object/public/perfume-images/d1ad7376-dba6-474a-bbbf-56213dafbe12/t88t5odqi0d-avalanche-cosmic-pull.webp | https://mtdlhxbwblrxtzsdjlav.supabase.co/storage/v1/object/public/perfume-images/d1ad7376-dba6-474a-bbbf-56213dafbe12/t88t5pj9ocn-avalanche-cosmic-pull.webp","https://s.shopee.co.id/7pmwTEU60O","honino-romeo-roses | loco-scent-red-rhapsody | layr-midnight-haze | mandalika-irresistible | fragrance-by-petals-elysian-bloom","Avalanche Cosmic Pull memadukan aroma buah, floral, dan vanilla-tobacco yang creamy, cocok untuk malam santai atau momen spesial di cuaca dingin tropis.","https://cariparfum.com/parfum/avalanche-cosmic-pull","","2026-10-06T13:24:58.636Z"
"Avalanche","Interview Room","Extrait de Parfum","389000","IDR","InStock","Rhubarb | Grapefruit | Lemon | Daisy","Cedar | Jasmine | Patchouli | Nagarmotha | Orris","Amber | Sandalwood | Guaiac Wood | Raspberry | Labdanum | Leather | Tonka Bean | Musk","Amber | Woody","Hangat | Misterius","Masculine","","Sore | Malam | ️ Dingin | ️ Hujan","https://mtdlhxbwblrxtzsdjlav.supabase.co/storage/v1/object/public/perfume-images/1210eb8b-d211-4ab4-8f3a-3f5ed648552a/t8abbw8cjri-avalanche-interview-room.webp","https://s.shopee.co.id/2B8Zj1B9Pf","world-of-make-scents-ermis-solid-perfume | honino-romeo-roses | layr-velvet-dream | sonder-scents-255 | honor-perfume-denali","Avalanche Interview Room menghadirkan aroma woody-amber yang hangat, sedikit misterius, dengan sentuhan citrus segar di awal dan nuansa leather-raspberry.","https://cariparfum.com/parfum/avalanche-interview-room","","2026-10-06T13:25:36.182Z"
"Avalanche","Still Garden","Extrait de Parfum","329000","IDR","InStock","Fig | Grapefruit | Rose","Jasmine | Iris | Leather | Coconut | Sencha","Amber | Cedarwood | Hinoki | Patchouli","Hijau Segar | Woody","Menenangkan | Misterius","Masculine","","Sore | Malam | ️ Panas | ️ Hujan","https://mtdlhxbwblrxtzsdjlav.supabase.co/storage/v1/object/public/perfume-images/8f5c0c12-abb3-4456-994c-4493f652f0c1/t88t5sn6aub-avalanche-still-garden.webp","https://s.shopee.co.id/7AXFg7Q1dS","honino-romeo-roses | loco-scent-red-rhapsody | mandalika-forbidden-temptation | avalanche-interview-room | vlagio-perfume-medina","Avalanche Still Garden adalah parfum XdP dengan aroma green-woody yang menenangkan dan sedikit misterius, cocok untuk sore hingga malam di cuaca tropis.","https://cariparfum.com/parfum/avalanche-still-garden","","2026-10-06T13:25:11.901Z"
"Avalanche","Sunpetal","Extrait de Parfum","329000","IDR","InStock","Aldehydes | Mimosa","Lavender | Cardamom | Violet Leaf","Cedarwood | Heliotrope | Moss | Musk","Floral Lembut | Woody","Bersih | Ringan | Elegan","Masculine","","Pagi | ️ Siang | Sore | ️ Panas | ️ Hujan","https://mtdlhxbwblrxtzsdjlav.supabase.co/storage/v1/object/public/perfume-images/7ebfb1c0-9097-4eed-a64c-de3b76acca2c/t88t5wpm33l-avalanche-sunpetal.webp | https://mtdlhxbwblrxtzsdjlav.supabase.co/storage/v1/object/public/perfume-images/7ebfb1c0-9097-4eed-a64c-de3b76acca2c/t88t5vcs6k3-avalanche-sunpetal.webp","https://s.shopee.co.id/4Ate6cwpok","argve-ardour | house-of-medici-baldassare-sprezzatura | honino-romeo-roses | sonder-scents-213 | sonder-scents-255","Avalanche Sunpetal adalah parfum floral-woody dengan kesan clean dan airy, cocok untuk kamu yang ingin tampil segar dan elegan di suasana kasual maupun formal.","https://cariparfum.com/parfum/avalanche-sunpetal","","2026-10-06T13:25:38.396Z"
"Avalanche","The Host","Extrait de Parfum","389000","IDR","InStock","Daisy","Nagarmotha","Amber | White Wood | Musk","Amber | Woody","Hangat | Nyaman","Masculine","","Sore | Malam | ️ Dingin | ️ Hujan","https://mtdlhxbwblrxtzsdjlav.supabase.co/storage/v1/object/public/perfume-images/5da93ee8-8f81-48b8-b8be-279f09cea9a1/t8abbybyq6b-avalanche-the-host.webp","https://s.shopee.co.id/9pY0r83plA","honino-romeo-roses | avalanche-interview-room | ouru-warm-whiskey | elvicto-haluu | hint-delicate","Avalanche The Host menghadirkan kombinasi musk, amber, dan white wood yang hangat dengan sentuhan daisy dan nagarmotha, cocok untuk malam santai dan momen.","https://cariparfum.com/parfum/avalanche-the-host","","2026-10-06T13:26:13.734Z"
"Avalanche","Tidal Wave","Extrait de Parfum","279000","IDR","InStock","Sandalwood | Violet | Ambergris | Jasmine","Powdery Musk | Coconut Milk","Dry Amber | Moss | Musk","Powdery | Amber","Nyaman | Menenangkan","Masculine","","Sore | Malam | ️ Dingin | ️ Hujan","https://mtdlhxbwblrxtzsdjlav.supabase.co/storage/v1/object/public/perfume-images/d9903604-80bf-4007-96d2-3a0c9d2f1ee6/t8abc1dtvj0-avalanche-tidal-wave.webp | https://mtdlhxbwblrxtzsdjlav.supabase.co/storage/v1/object/public/perfume-images/d9903604-80bf-4007-96d2-3a0c9d2f1ee6/t8abc1k3xeh-avalanche-tidal-wave.webp","https://s.shopee.co.id/14595A90j","honino-romeo-roses | notts-monet-s-garden | world-of-make-scents-ermis-solid-perfume | de-antoine-velvet-garden | layr-kyoto-jazz","Avalanche Tidal Wave menghadirkan aroma creamy kelapa, bunga lembut, dan sentuhan powdery, cocok untuk sore-malam santai atau momen relaksasi di suasana tropis.","https://cariparfum.com/parfum/avalanche-tidal-wave","","2026-10-06T13:25:02.025Z"
"Bali Surfers","Bali Cliff","Eau de Parfum","213000","IDR","InStock","Bergamot | Pink Pepper | Cardamom | Apple","Cinnamon | Oakmoss | Lavender","Cedarwood | Vanilla | Chestnut","Woody | Gourmand","Hangat | Nyaman","Masculine","","Sore | Malam | ️ Dingin","https://mtdlhxbwblrxtzsdjlav.supabase.co/storage/v1/object/public/perfume-images/c927d08b-e6f8-431b-a3eb-db7ca8586ec1/t8awjxezj8p-bali-surfers-bali-cliff.webp | https://mtdlhxbwblrxtzsdjlav.supabase.co/storage/v1/object/public/perfume-images/c927d08b-e6f8-431b-a3eb-db7ca8586ec1/t8awjxfsqrb-bali-surfers-bali-cliff.webp","https://s.shopee.co.id/50Sl6bERo0","honor-perfume-crimson | sonder-scents-255 | mandalika-24-hours | honor-perfume-royce | layr-midnight-haze","Bali Surfers Bali Cliff adalah Eau de Parfum yang memadukan nuansa segar rempah dan buah dengan kehangatan woody-vanilla, ideal untuk sore hingga malam santai.","https://cariparfum.com/parfum/bali-surfers-bali-cliff","","2026-10-06T13:26:09.427Z"
"Bali Surfers","Blue Point For Him","Eau de Parfum","213000","IDR","InStock","Oceanic | Citrus | Fruity","Warm Spicy | Floral | Marine","Musky | Woody","Akuatik | Sitrus Segar","Menyegarkan | Energik","Masculine","","Pagi | ️ Siang | Sore | ️ Panas | ️ Hujan","https://mtdlhxbwblrxtzsdjlav.supabase.co/storage/v1/object/public/perfume-images/adc1f6fc-0560-4901-a40f-b8e6b9eedc6e/t8awjuzskp4-bali-surfers-blue-point.webp | https://mtdlhxbwblrxtzsdjlav.supabase.co/storage/v1/object/public/perfume-images/adc1f6fc-0560-4901-a40f-b8e6b9eedc6e/t8awjvjd2q8-bali-surfers-blue-point.webp","https://s.shopee.co.id/BNVLnU8kF","ataraksia-semilir-bayang-mangata | botanical-essentials-solace | honino-romeo-roses | saka-perfumery-etherwave | vlagio-perfume-malika","Bali Surfers Blue Point For Him membawa aroma citrus oceanic yang segar dan maskulin, cocok untuk aktivitas outdoor di cuaca panas Indonesia.","https://cariparfum.com/parfum/bali-surfers-blue-point-for-him","","2026-10-06T13:26:29.656Z"
"Blackstag","Bright","Extrait de Parfum","479000","IDR","InStock","Pear | Banana | Caramel","Jasmine | Cream | Coconut","Amber | Vanilla | Cypriol","Gourmand | Fruity","Playful | Nyaman | Hangat","Masculine","","Sore | Malam | ️ Dingin","https://mtdlhxbwblrxtzsdjlav.supabase.co/storage/v1/object/public/perfume-images/8a3a70fe-5174-4361-8326-3ed947955412/t9fn1n0vu3j-blackstag-bright.webp | https://mtdlhxbwblrxtzsdjlav.supabase.co/storage/v1/object/public/perfume-images/8a3a70fe-5174-4361-8326-3ed947955412/t9fn1o03dbu-blackstag-bright.webp","https://s.shopee.co.id/5q2ald3E9c","honino-romeo-roses | reboura-living-montage | mykonos-caramel-fudge-cookie | mykonos-paradise | hmns-o-hyper-bloom","Blackstag Bright menghadirkan aroma banana-caramel creamy yang playful dan cozy, pas untuk momen santai sore hingga malam, cocok jadi teman hangout di udara.","https://cariparfum.com/parfum/blackstag-bright","","2026-10-06T13:24:53.807Z"
"Blackstag","Maison Al Oud","Extrait de Parfum","380000","IDR","InStock","Honey | Saffron","Rose","Vanilla | Patchouli | Oud","Amber | Woody","Hangat | Mewah | Misterius","Masculine","","Malam | ️ Dingin","https://mtdlhxbwblrxtzsdjlav.supabase.co/storage/v1/object/public/perfume-images/b428703e-ccc7-47c3-814e-5ff895e3c515/t8awl2xehl3-blackstag-maison-al-oud.webp | https://mtdlhxbwblrxtzsdjlav.supabase.co/storage/v1/object/public/perfume-images/b428703e-ccc7-47c3-814e-5ff895e3c515/t8awl32vpd5-blackstag-maison-al-oud.webp | https://mtdlhxbwblrxtzsdjlav.supabase.co/storage/v1/object/public/perfume-images/b428703e-ccc7-47c3-814e-5ff895e3c515/t8awl4q76u5-blackstag-maison-al-oud.webp","https://s.shopee.co.id/50Sl6la7P7","loco-scent-red-rhapsody | honino-romeo-roses | house-of-medici-devil-in-a-new-dress | mykonos-moroccan-vanilla | whspr-spellbound","Blackstag Maison Al Oud menghadirkan aroma mawar-honey yang mewah, dibalut oud dan vanilla, cocok untuk malam hari penuh kehangatan dan misteri.","https://cariparfum.com/parfum/blackstag-maison-al-oud","","2026-10-06T13:26:30.001Z"
"Blackstag","Nightfall","Extrait de Parfum","380000","IDR","InStock","Eucalyptus | Bergamot | Mandarin | Lemon","Jasmine | Tea | Litsea Cubeba | Freesia","Amber | Cedarwood | Fig Tree Wood | Musk","Sitrus Segar | Woody","Nyaman | Menyegarkan","Masculine","","Sore | Malam | ️ Panas | ️ Hujan","https://mtdlhxbwblrxtzsdjlav.supabase.co/storage/v1/object/public/perfume-images/7d5e6f41-9364-4e70-a132-bc770f2e253c/t8awjzfs4vz-blackstag-nightfall.webp | https://mtdlhxbwblrxtzsdjlav.supabase.co/storage/v1/object/public/perfume-images/7d5e6f41-9364-4e70-a132-bc770f2e253c/t8awk0ica1h-blackstag-nightfall.webp | https://mtdlhxbwblrxtzsdjlav.supabase.co/storage/v1/object/public/perfume-images/7d5e6f41-9364-4e70-a132-bc770f2e253c/t8awk0d54tq-blackstag-nightfall.webp","https://s.shopee.co.id/9zrR3yuCzh","honino-romeo-roses | argve-ardour | hint-dragon | de-antoine-boise | vlagio-perfume-matcha","Blackstag Nightfall adalah parfum XdP dengan nuansa citrus, green, dan woody yang modern, menghadirkan kesan cozy sekaligus segar untuk malam dan sore.","https://cariparfum.com/parfum/blackstag-nightfall","","2026-10-06T13:25:34.329Z"
"Blackstag","Oakshade","Extrait de Parfum","390000","IDR","InStock","Black Pepper | Plum | Rose","Tonka Bean | Amber Rum | Oak Wood","Sandalwood | Wood | Vetiver","Woody | Amber","Hangat | Misterius","Masculine","","Sore | Malam | ️ Dingin | ️ Hujan","https://mtdlhxbwblrxtzsdjlav.supabase.co/storage/v1/object/public/perfume-images/9b8e4c86-ee3b-4446-971d-dba509b8371e/t8awl6y1pdm-blackstag-oakshade.webp | https://mtdlhxbwblrxtzsdjlav.supabase.co/storage/v1/object/public/perfume-images/9b8e4c86-ee3b-4446-971d-dba509b8371e/t8awl7mqer4-blackstag-oakshade.webp | https://mtdlhxbwblrxtzsdjlav.supabase.co/storage/v1/object/public/perfume-images/9b8e4c86-ee3b-4446-971d-dba509b8371e/t8awl7grpmh-blackstag-oakshade.webp","https://s.shopee.co.id/8APmsd9Rit","loco-scent-red-rhapsody | honino-romeo-roses | mykonos-xoxo-rosy | mykonos-sparkling-rose | layr-slow-dance","Blackstag Oakshade adalah parfum XdP bernuansa woody-amber, memadukan hangatnya rum dan kayu dengan sentuhan plum serta black pepper yang misterius.","https://cariparfum.com/parfum/blackstag-oakshade","","2026-10-06T13:25:08.561Z"
"Blackstag","Pulse","Extrait de Parfum","479000","IDR","InStock","Mandarin Orange | Violet","Lily of the Valley | Orris","Cedarwood | Sandalwood | Musk","Floral | Woody","Bersih | Nyaman","Masculine","","️ Siang | Sore | Malam | ️ Panas | ️ Hujan","https://mtdlhxbwblrxtzsdjlav.supabase.co/storage/v1/object/public/perfume-images/0b44da63-02e8-424b-9819-db75d2297773/t9fmczp6mre-blackstag-pulse.webp | https://mtdlhxbwblrxtzsdjlav.supabase.co/storage/v1/object/public/perfume-images/0b44da63-02e8-424b-9819-db75d2297773/t9fmczqpfp9-blackstag-pulse.webp","https://s.shopee.co.id/9KcSwKnZb8","world-of-make-scents-ermis-solid-perfume | de-antoine-velvet-garden | evesol-jinggala | mykonos-baby-love | hint-leather","Blackstag Pulse menghadirkan sensasi floral woody yang bersih dan hangat, cocok untuk kamu yang butuh aroma nyaman dan versatile sepanjang hari.","https://cariparfum.com/parfum/blackstag-pulse","","2026-10-06T13:26:09.888Z"
"Blackstag","Wolfgang","Extrait de Parfum","380000","IDR","InStock","Cooked Sugar | Lemon","Vanilla | Rose","Amber | Benzoin | Musk","Amber | Gourmand","Hangat | Nyaman","Masculine","","Malam | ️ Dingin","https://mtdlhxbwblrxtzsdjlav.supabase.co/storage/v1/object/public/perfume-images/df976762-d6c2-4638-9f39-b3d83687b2cb/t8awk2p7yom-blackstag-wolfgang.webp | https://mtdlhxbwblrxtzsdjlav.supabase.co/storage/v1/object/public/perfume-images/df976762-d6c2-4638-9f39-b3d83687b2cb/t8awk30g72t-blackstag-wolfgang.webp | https://mtdlhxbwblrxtzsdjlav.supabase.co/storage/v1/object/public/perfume-images/df976762-d6c2-4638-9f39-b3d83687b2cb/t8awk44z2o2-blackstag-wolfgang.webp","https://s.shopee.co.id/1qVjL0kHbM","honino-romeo-roses | mykonos-moroccan-vanilla | loco-scent-red-rhapsody | mykonos-xoxo-rosy | ouru-warm-whiskey","Blackstag Wolfgang adalah parfum gourmand amber hangat dengan sentuhan lemon segar, cocok untuk malam santai atau momen intim yang terasa hangat dan nyaman.","https://cariparfum.com/parfum/blackstag-wolfgang","","2026-10-06T13:26:01.158Z"
"Blanc Odor","Awakening","Eau de Parfum","303000","IDR","InStock","Aromatic Note | Yuzu","Geranium | Sage","Woody Note | Metallic Note | Musk","Sitrus Segar | Woody","Energik | Bersih","Masculine","","Pagi | ️ Siang | Sore | ️ Panas | ️ Hujan","https://mtdlhxbwblrxtzsdjlav.supabase.co/storage/v1/object/public/perfume-images/b77171b8-3b9e-47f7-b6c5-e4b11b2d2ba0/t8if6dymqhi-blanc-odor-awakening.webp | https://mtdlhxbwblrxtzsdjlav.supabase.co/storage/v1/object/public/perfume-images/b77171b8-3b9e-47f7-b6c5-e4b11b2d2ba0/t8if6elgljn-blanc-odor-awakening.webp | https://mtdlhxbwblrxtzsdjlav.supabase.co/storage/v1/object/public/perfume-images/b77171b8-3b9e-47f7-b6c5-e4b11b2d2ba0/t8if6en7330-blanc-odor-awakening.webp","https://s.shopee.co.id/7AXFh2oqb3","scuse-me-beauty-and-the-freeze | de-antoine-homme-fatale | honino-romeo-roses | elaya-choose-you | hint-mintea","Blanc Odor Awakening menggabungkan yuzu segar, herbal, dan woody-metallic yang clean, menciptakan aroma energik untuk kamu yang suka suasana pagi modern.","https://cariparfum.com/parfum/blanc-odor-awakening","","2026-10-06T13:26:30.095Z"
"Blanc Odor","Ballet Slippers","Eau de Parfum","303000","IDR","InStock","Strawberry | Pink Pepper","White Lily | Jasmine | Tuberose","Blond Wood","Floral | Fruity","Playful | Ringan","Masculine","","Sore | Malam | ️ Panas | ️ Hujan","https://mtdlhxbwblrxtzsdjlav.supabase.co/storage/v1/object/public/perfume-images/9c8c2ce9-48ed-4f98-9720-bc1911710640/t8if6b5ysuh-blanc-odor-ballet-slippers.webp","https://s.shopee.co.id/9zrR4EDzvv","laboratori-semplice-tuberose | house-of-medici-gabriella-the-white-beams | laboratori-semplice-jasmine | the-body-tale-diana | mykonos-black-opera","Blanc Odor Ballet Slippers menghadirkan aroma floral-fruity yang lembut dan playful, sempurna untuk sore santai atau hangout di cuaca panas tropis.","https://cariparfum.com/parfum/blanc-odor-ballet-slippers","","2026-10-06T13:25:40.474Z"
"Blanc Odor","Ivory Shirt","Eau de Parfum","303000","IDR","InStock","Lemon | Juniper Berry | Cardamom","Cedarwood | Rose | Iris","Amber | Sandalwood | Musk","Sitrus Segar | Woody","Bersih | Elegan","Masculine","","Pagi | ️ Siang | Sore | ️ Panas | ️ Hujan","https://mtdlhxbwblrxtzsdjlav.supabase.co/storage/v1/object/public/perfume-images/e0fd7285-bfd1-4d8a-a2cd-89a3144ffa90/t8if699y7ef-blanc-odor-ivory-shirt.webp","https://s.shopee.co.id/7VA65bxvvg","honino-romeo-roses | loco-scent-red-rhapsody | botanical-essentials-sanctuary | world-of-make-scents-ermis-solid-perfume | mykonos-xoxo-rosy","Blanc Odor Ivory Shirt adalah parfum EdP dengan nuansa citrus-woody yang clean dan elegan, cocok untuk pagi hingga sore hari di iklim tropis Indonesia.","https://cariparfum.com/parfum/blanc-odor-ivory-shirt","","2026-10-06T13:25:16.719Z"
"Blanc Odor","Jeans Jacket","Eau de Parfum","303000","IDR","InStock","Cannabis | Green Note","Woody Note | Resin | Coffee | Tobacco","Incense | Oud","Woody | Kering & Smoky","Misterius | Tegas","Masculine","","Sore | Malam | ️ Dingin | ️ Hujan","https://mtdlhxbwblrxtzsdjlav.supabase.co/storage/v1/object/public/perfume-images/2774089f-58d2-4d3e-8210-f73451d19aea/t8if6wahnrh-blanc-odor-jeans-jacket.webp","https://s.shopee.co.id/9pY0s2BwTy","ataraksia-priyayi-mood | wonderlust-fragrance-gunnen | scentnario-adam-s-eden | loco-scent-red-rhapsody | loco-scent-smoke-on-top","Blanc Odor Jeans Jacket menghadirkan aroma woody-smoky dengan sentuhan resin, kopi, dan oud, cocok untuk malam santai atau hangout penuh karakter di ruangan.","https://cariparfum.com/parfum/blanc-odor-jeans-jacket","","2026-10-06T13:26:20.788Z"
"Botanical Essentials","After Hours","Eau de Parfum","359000","IDR","InStock","Bergamot | Pepper | Grapefruit","Rose | Gardenia","Cedarwood | Patchouli | Tree Moss | Vetiver","Woody | Sitrus Segar","Misterius | Earthy","Masculine","","Sore | Malam | ️ Dingin | ️ Hujan","https://mtdlhxbwblrxtzsdjlav.supabase.co/storage/v1/object/public/perfume-images/7401b2b4-41b9-41b0-a737-5d0d9b62e2b8/td32fujn7hj-botanical-essentials-after-hours.jpg | https://mtdlhxbwblrxtzsdjlav.supabase.co/storage/v1/object/public/perfume-images/7401b2b4-41b9-41b0-a737-5d0d9b62e2b8/td32fvdue6x-botanical-essentials-after-hours.jpg","https://s.shopee.co.id/7KuAl81nft","honino-romeo-roses | honino-shower-song | maison-garnet-alhambra-rose | elvicto-las-vegas | byfrags-pleasure-of-jo","Botanical Essentials After Hours adalah parfum EDP dengan karakter citrus segar yang berpadu earthy woody, sempurna untuk malam hari dan momen spesial.","https://cariparfum.com/parfum/botanical-essentials-after-hours","","2026-10-06T13:25:33.638Z"
"Botanical Essentials","Desert Sunset","Eau de Parfum","359000","IDR","InStock","Bergamot | Pepper | Ylang-Ylang | Sage","Cream | Tuberose | Jasmine Sambac","Sandalwood | Cocoa | Caramel | Musk","Floral | Gourmand","Sensual | Nyaman","Masculine","","Sore | Malam | ️ Dingin","https://mtdlhxbwblrxtzsdjlav.supabase.co/storage/v1/object/public/perfume-images/a48c58c2-c18f-4527-818c-5ca3635f42f9/td32frgdlv1-botanical-essentials-desert-sunset.jpg | https://mtdlhxbwblrxtzsdjlav.supabase.co/storage/v1/object/public/perfume-images/a48c58c2-c18f-4527-818c-5ca3635f42f9/td32fsy8sck-botanical-essentials-desert-sunset.jpg","https://s.shopee.co.id/40din10PDA","reboura-flora-notes | layr-kyoto-jazz | gioia-fragrances-siena | scuse-me-bella-donna | scent-of-jarte-by-the-garden","Botanical Essentials Desert Sunset adalah parfum edp yang memadukan floral creamy dan gourmand hangat, cocok untuk suasana santai di malam hari tropis.","https://cariparfum.com/parfum/botanical-essentials-desert-sunset","","2026-10-06T13:25:45.930Z"
"Botanical Essentials","In The Clouds","Eau de Parfum","359000","IDR","InStock","Bergamot | Elemi | Freesia","Cedarwood | Almond | Orris","Vanilla | Tonka Bean | Musk","Floral Lembut | Gourmand","Ringan | Hangat | Nyaman","Masculine","","Sore | Malam | ️ Dingin | ️ Hujan","https://mtdlhxbwblrxtzsdjlav.supabase.co/storage/v1/object/public/perfume-images/3c3a06a4-2692-4fad-a7d8-621be6f28f03/td32fowzfc4-botanical-essentials-in-the-clouds.jpg | https://mtdlhxbwblrxtzsdjlav.supabase.co/storage/v1/object/public/perfume-images/3c3a06a4-2692-4fad-a7d8-621be6f28f03/td32fpm6jso-botanical-essentials-in-the-clouds.jpg","https://s.shopee.co.id/7AakYkCQfK","de-antoine-velvet-garden | speaks-to-me-slow-sunset | hint-cotton | wonderlust-fragrance-philia | scuse-me-bella-donna","Botanical Essentials In The Clouds adalah EDP yang membawa nuansa airy, hangat, dan lembut, cocok untuk pecinta aroma cozy namun tetap ringan di cuaca tropis.","https://cariparfum.com/parfum/botanical-essentials-in-the-clouds","","2026-10-06T13:25:53.070Z"
"Botanical Essentials","Sanctuary","Eau de Parfum","359000","IDR","InStock","Pink Peppercorn | Bergamot | Juniper Berry | Clary Sage","Rose | Geranium","Amber | Cedarwood | Sandalwood | Musk","Woody | Amber","Nyaman | Menenangkan","Masculine","","Sore | Malam | ️ Panas | ️ Hujan","https://mtdlhxbwblrxtzsdjlav.supabase.co/storage/v1/object/public/perfume-images/3fb11171-481e-447c-b188-02ff6ed4a86c/td32fh6472m-botanical-essentials-sanctuary.jpg | https://mtdlhxbwblrxtzsdjlav.supabase.co/storage/v1/object/public/perfume-images/3fb11171-481e-447c-b188-02ff6ed4a86c/td32firup56-botanical-essentials-sanctuary.jpg","https://s.shopee.co.id/6pxuACC59Y","honino-romeo-roses | loco-scent-red-rhapsody | world-of-make-scents-ermis-solid-perfume | argve-ardour | blanc-odor-ivory-shirt","Botanical Essentials Sanctuary memadukan kesegaran herbal dan floral dengan dasar woody amber yang cozy, cocok untuk sore hingga malam di iklim tropis.","https://cariparfum.com/parfum/botanical-essentials-sanctuary","","2026-10-06T13:26:38.507Z"
"Botanical Essentials","Solace","Eau de Parfum","359000","IDR","InStock","Bergamot | Neroli | Lemon","Woody Note | Freesia | Ylang-Ylang | Marine Note","Amber | Vanilla | Tonka Bean | Musk","Sitrus Segar | Amber","Nyaman | Energik","Masculine","","Sore | Malam | ️ Dingin | ️ Hujan","https://mtdlhxbwblrxtzsdjlav.supabase.co/storage/v1/object/public/perfume-images/22e40ca7-3352-4ec1-beef-13283e7e8472/td32g0u0ecn-botanical-essentials-solace.jpg | https://mtdlhxbwblrxtzsdjlav.supabase.co/storage/v1/object/public/perfume-images/22e40ca7-3352-4ec1-beef-13283e7e8472/td32g1ytkl8-botanical-essentials-solace.jpg","https://s.shopee.co.id/60OnAc7sCO","honino-romeo-roses | loco-scent-dialogue-ivi | speaks-to-me-slow-sunset | wonderlust-fragrance-philia | botanical-essentials-in-the-clouds","Botanical Essentials Solace adalah parfum EDP yang menggabungkan kesegaran citrus dengan floral creamy dan base hangat amber vanilla, cocok untuk sore santai.","https://cariparfum.com/parfum/botanical-essentials-solace","","2026-10-06T13:24:44.280Z"
"Botanical Essentials","Summer Fling","Eau de Parfum","359000","IDR","InStock","Bergamot | Lemon","Spice | Clary Sage","Amber | French Vetiver | Oakmoss | Musk","Sitrus Segar | Woody Lumut","Energik | Earthy","Masculine","","Sore | Malam | ️ Hujan | ️ Dingin","https://mtdlhxbwblrxtzsdjlav.supabase.co/storage/v1/object/public/perfume-images/2e3fd118-f084-4ab1-add1-05d922e82558/td32fxief4d-botanical-essentials-summer-fling.jpg | https://mtdlhxbwblrxtzsdjlav.supabase.co/storage/v1/object/public/perfume-images/2e3fd118-f084-4ab1-add1-05d922e82558/td32fybq9qm-botanical-essentials-summer-fling.jpg","https://s.shopee.co.id/3B4bnV99hA","honino-romeo-roses | argve-ardour | botanical-essentials-solace | botanical-essentials-sanctuary | mandalika-morning-grass","Botanical Essentials Summer Fling memadukan citrus segar dan nuansa earthy yang elegan, cocok untuk sore hingga malam di iklim tropis Indonesia.","https://cariparfum.com/parfum/botanical-essentials-summer-fling","","2026-10-06T13:26:11.262Z"
"Botanical Essentials","Where It Begins","Eau de Parfum","359000","IDR","InStock","Lemon | Lime | Angelica | Sage","Akigalawood | Patchouli | Orris","Amber | Cedarwood | Musk","Woody | Sitrus Segar","Menyegarkan | Bersih","Masculine","","Pagi | ️ Siang | Sore | ️ Panas | ️ Hujan","https://mtdlhxbwblrxtzsdjlav.supabase.co/storage/v1/object/public/perfume-images/27f7228b-2667-4607-af94-195e69a34516/td32fkhi861-botanical-essentials-where-it-begins.jpg | https://mtdlhxbwblrxtzsdjlav.supabase.co/storage/v1/object/public/perfume-images/27f7228b-2667-4607-af94-195e69a34516/td32fmc9kw5-botanical-essentials-where-it-begins.jpg","https://s.shopee.co.id/1qZECvQKZg","honino-romeo-roses | world-of-make-scents-ermis-solid-perfume | argve-ardour | avalanche-interview-room | elvicto-old-money","Botanical Essentials Where It Begins menghadirkan aroma citrus-herbal segar yang berpadu kayu dan musk, cocok untuk pagi santai atau aktivitas harian penuh.","https://cariparfum.com/parfum/botanical-essentials-where-it-begins","","2026-10-06T13:25:37.167Z"
"Byfrags","Bizael","Eau de Parfum","195000","IDR","InStock","Bergamot | Lavender | Cardamom","Dry Wood | Leathery Accord","Amber | Cedarwood | Patchouli","Woody | Amber","Tegas | Hangat","Masculine","","Sore | Malam | ️ Dingin","https://mtdlhxbwblrxtzsdjlav.supabase.co/storage/v1/object/public/perfume-images/29e729ac-7b64-4295-a8a5-7e7ce45e78fd/t8if5cr6bah-byfrags-bizael.webp | https://mtdlhxbwblrxtzsdjlav.supabase.co/storage/v1/object/public/perfume-images/29e729ac-7b64-4295-a8a5-7e7ce45e78fd/t8if5cue4p0-byfrags-bizael.webp | https://mtdlhxbwblrxtzsdjlav.supabase.co/storage/v1/object/public/perfume-images/29e729ac-7b64-4295-a8a5-7e7ce45e78fd/t8if5dbqw07-byfrags-bizael.webp","https://s.shopee.co.id/8APmt80qGn","sonder-scents-255 | argve-ardour | hint-epitome | reboura-majestic-night | wonderlust-fragrance-philia","Byfrags Bizael adalah parfum woody-amber dengan sentuhan lavender dan cardamom, sempurna untuk suasana malam tropis yang tenang dan penuh karakter.","https://cariparfum.com/parfum/byfrags-bizael","","2026-10-06T13:25:00.033Z"
"Byfrags","Bregas","Eau de Parfum","215000","IDR","InStock","Bergamot | Black Tea | Lavender | Lemon","Honey | Cinnamon | Cashmeran | Jasmine Sambac","Vanilla | Tonka Bean | Tobacco Leaf","Amber | Kering & Smoky","Hangat | Nyaman","Masculine","","Sore | Malam | ️ Dingin","https://mtdlhxbwblrxtzsdjlav.supabase.co/storage/v1/object/public/perfume-images/828963d0-9036-4240-8e44-b9b6d3e97255/t8if51exv1h-byfrags-bregas.webp | https://mtdlhxbwblrxtzsdjlav.supabase.co/storage/v1/object/public/perfume-images/828963d0-9036-4240-8e44-b9b6d3e97255/t8if528ppv6-byfrags-bregas.webp | https://mtdlhxbwblrxtzsdjlav.supabase.co/storage/v1/object/public/perfume-images/828963d0-9036-4240-8e44-b9b6d3e97255/t8if53y5c3v-byfrags-bregas.webp","https://s.shopee.co.id/2LRzwULmmU","loco-scent-dialogue-ivi | satellite-of-glow-cielo | sonder-scents-255 | honor-perfume-crimson | mykonos-moroccan-vanilla","Byfrags Bregas adalah parfum malam yang memadukan black tea, madu, dan tembakau, menghadirkan aroma hangat dan cozy khas suasana santai menjelang malam.","https://cariparfum.com/parfum/byfrags-bregas","","2026-10-06T13:25:44.154Z"
"Byfrags","Gori","Extrait de Parfum","215000","IDR","InStock","Spice | Labdanum | Incense","Woody Note | Patchouli Leaf","Amber | Guaiac Wood | Vanilla | White Musk","Amber | Woody","Hangat | Misterius","Masculine","","Sore | Malam | ️ Dingin","https://mtdlhxbwblrxtzsdjlav.supabase.co/storage/v1/object/public/perfume-images/ec82ec31-02b4-4527-a756-72e0dc8b1480/t8if66mizqm-byfrags-gori.webp | https://mtdlhxbwblrxtzsdjlav.supabase.co/storage/v1/object/public/perfume-images/ec82ec31-02b4-4527-a756-72e0dc8b1480/t8if66e8bi2-byfrags-gori.webp | https://mtdlhxbwblrxtzsdjlav.supabase.co/storage/v1/object/public/perfume-images/ec82ec31-02b4-4527-a756-72e0dc8b1480/t8if683sj75-byfrags-gori.webp","https://s.shopee.co.id/9pY0sJZfOs","honino-romeo-roses | mine-perfumery-toxique-vanille | ouru-warm-whiskey | layr-velvet-dream | mykonos-vanilla-clouds","Byfrags Gori adalah parfum XdP dengan aroma incense dan kayu yang hangat, cocok untuk suasana malam yang intim dan penuh misteri.","https://cariparfum.com/parfum/byfrags-gori","","2026-10-06T13:26:34.078Z"
"Byfrags","Johan Malik","Eau de Parfum","191000","IDR","InStock","Spicy Note | Tobacco Leaf","Vanilla | Cacao | Tonka Bean","Woody Note | Dried Fruit","Kering & Smoky | Gourmand","Hangat | Nyaman | Misterius","Masculine","","Malam | ️ Dingin","https://mtdlhxbwblrxtzsdjlav.supabase.co/storage/v1/object/public/perfume-images/eda43914-f9c9-4219-b1cb-86ee21e1d30b/t8if62xjtei-byfrags-johan-malik.webp | https://mtdlhxbwblrxtzsdjlav.supabase.co/storage/v1/object/public/perfume-images/eda43914-f9c9-4219-b1cb-86ee21e1d30b/t8if63dnh4p-byfrags-johan-malik.webp | https://mtdlhxbwblrxtzsdjlav.supabase.co/storage/v1/object/public/perfume-images/eda43914-f9c9-4219-b1cb-86ee21e1d30b/t8if63to6mv-byfrags-johan-malik.webp","https://s.shopee.co.id/1BG2YI1evx","scuse-me-bella-donna | botanical-essentials-solace | world-of-make-scents-kiko-crumbs-solid-perfume | mykonos-verve | house-of-medici-shakespeare-elegiac","Byfrags Johan Malik membawa aroma tembakau hangat, vanilla, dan sentuhan woody yang cocok untuk malam santai dan momen penuh keintiman.","https://cariparfum.com/parfum/byfrags-johan-malik","","2026-10-06T13:26:34.682Z"
"Byfrags","Namu","Extrait de Parfum","215000","IDR","InStock","Lemon | Pineapple | Saffron","Galbanum | Jasmine | Iris","Cedarwood | Cashmeran | Amber Dry Note","Fruity | Amber","Hangat | Elegan","Masculine","","Sore | Malam | ️ Dingin | ️ Hujan","https://mtdlhxbwblrxtzsdjlav.supabase.co/storage/v1/object/public/perfume-images/7f647b6b-e26f-4a49-9a8c-bc1a062c58d2/t8if4ywambe-byfrags-namu.webp | https://mtdlhxbwblrxtzsdjlav.supabase.co/storage/v1/object/public/perfume-images/7f647b6b-e26f-4a49-9a8c-bc1a062c58d2/t8if4zailbf-byfrags-namu.webp | https://mtdlhxbwblrxtzsdjlav.supabase.co/storage/v1/object/public/perfume-images/7f647b6b-e26f-4a49-9a8c-bc1a062c58d2/t8if4zb27eu-byfrags-namu.webp","https://s.shopee.co.id/AUnhfVdiAD","honino-romeo-roses | elaya-state-of-grace | citizens-of-the-world-malaga | scent-of-jarte-by-the-garden | mandalika-irresistible","Byfrags Namu adalah parfum fruity-woody dengan sentuhan green dan amber, menciptakan nuansa hangat dan modern untuk sore hingga malam di Indonesia.","https://cariparfum.com/parfum/byfrags-namu","","2026-10-06T13:26:38.026Z"
"Byfrags","Numa","Extrait de Parfum","199000","IDR","InStock","Mandarin | Grapefruit | Orange","Nectarine | Mango | Blackcurrant","Peach | Musk","Fruity | Sitrus Segar","Playful | Menyegarkan","Masculine","","️ Siang | Sore | ️ Panas | ️ Hujan","https://mtdlhxbwblrxtzsdjlav.supabase.co/storage/v1/object/public/perfume-images/7b055d00-f717-4e20-83a5-7a3cd72a6f37/t8if59ka56s-byfrags-numa.webp | https://mtdlhxbwblrxtzsdjlav.supabase.co/storage/v1/object/public/perfume-images/7b055d00-f717-4e20-83a5-7a3cd72a6f37/t8if59vtwsd-byfrags-numa.webp | https://mtdlhxbwblrxtzsdjlav.supabase.co/storage/v1/object/public/perfume-images/7b055d00-f717-4e20-83a5-7a3cd72a6f37/t8if5afdha2-byfrags-numa.webp","https://s.shopee.co.id/gJlxPRupl","elvicto-beach-club | voie-mistinguett | honino-shower-song | layr-velvet-dream | satellite-of-glow-aura-ubud","Byfrags Numa adalah parfum fruity-citrus dengan nuansa mangga dan peach yang playful, cocok untuk hari cerah dan suasana santai di Indonesia.","https://cariparfum.com/parfum/byfrags-numa","","2026-10-06T13:25:30.576Z"
"Byfrags","Pleasure of Jo","Eau de Parfum","195000","IDR","InStock","Bergamot | Pepper | Clove | Rose | Fruity Accord","Cedarwood | Sandalwood | Patchouli | Milk | Heliotrope | Iris","Praline | Vanilla | Benzoin | Tonka Bean | Musk","Gourmand | Woody","Hangat | Nyaman | Playful","Masculine","","Malam | ️ Dingin","https://mtdlhxbwblrxtzsdjlav.supabase.co/storage/v1/object/public/perfume-images/099653d1-db55-4ae4-87f5-e5c001cf65ee/t8if565twne-byfrags-pleasure-of-jo.webp | https://mtdlhxbwblrxtzsdjlav.supabase.co/storage/v1/object/public/perfume-images/099653d1-db55-4ae4-87f5-e5c001cf65ee/t8if56q61a2-byfrags-pleasure-of-jo.webp | https://mtdlhxbwblrxtzsdjlav.supabase.co/storage/v1/object/public/perfume-images/099653d1-db55-4ae4-87f5-e5c001cf65ee/t8if57qiiev-byfrags-pleasure-of-jo.webp","https://s.shopee.co.id/9pY0sIaCy9","honino-romeo-roses | loco-scent-red-rhapsody | speaks-to-me-at-the-speakeasy | world-of-make-scents-ermis-solid-perfume | speaks-to-me-slow-sunset","Byfrags Pleasure of Jo adalah parfum gourmand woody dengan sentuhan creamy dan spicy, cocok untuk malam santai atau momen intim di ruangan ber-AC.","https://cariparfum.com/parfum/byfrags-pleasure-of-jo","","2026-10-06T13:26:00.069Z"
"Citizens of The World","AV. MONTAIGNE","Eau de Parfum","189000","IDR","InStock","Orange Blossom | Bergamot","Jasmine | Tuberose","Madagascar Vanilla | White Musk | Virginia Cedar","Floral | Gourmand","Hangat | Sensual","Masculine","","Sore | Malam | ️ Dingin | ️ Hujan","https://mtdlhxbwblrxtzsdjlav.supabase.co/storage/v1/object/public/perfume-images/cff357cc-9cba-4863-817d-817d404cd46f/t8if1f9y09f-citizens-of-the-world-av-montaigne.webp | https://mtdlhxbwblrxtzsdjlav.supabase.co/storage/v1/object/public/perfume-images/cff357cc-9cba-4863-817d-817d404cd46f/t8if1fwuojp-citizens-of-the-world-av-montaigne.webp | https://mtdlhxbwblrxtzsdjlav.supabase.co/storage/v1/object/public/perfume-images/cff357cc-9cba-4863-817d-817d404cd46f/t8if1gvwap5-citizens-of-the-world-av-montaigne.webp","https://s.shopee.co.id/20p9Y5ZOzY","mandalika-gorgeous-tuberose | scentalgia-fragrance-raw-morning-05-00am | satellite-of-glow-aura-ubud | satellite-of-glow-santorini-omorfia | scent-of-jarte-blank-space","Citizens of The World AV. MONTAIGNE menghadirkan perpaduan floral dan vanilla yang elegan, cocok untuk kamu yang ingin tampil segar namun tetap hangat.","https://cariparfum.com/parfum/citizens-of-the-world-av-montaigne","","2026-10-06T13:24:56.577Z"
"Citizens of The World","Cafe Du Monde","Eau de Parfum","189000","IDR","InStock","Rose Essence | Marshmallow Accord | Vanilla Orchid","Pink Cedar | Brown Sugar | Sugared Rose","Amberwood | Patchouli | Vanilla Pod","Gourmand | Floral","Nyaman | Hangat | Playful","Masculine","","Sore | Malam | ️ Dingin","https://mtdlhxbwblrxtzsdjlav.supabase.co/storage/v1/object/public/perfume-images/bd8101c3-988c-43c3-ae82-19d06467f2a5/t8if2hrxe1k-citizens-of-the-world-caf-du-monde.webp | https://mtdlhxbwblrxtzsdjlav.supabase.co/storage/v1/object/public/perfume-images/bd8101c3-988c-43c3-ae82-19d06467f2a5/t8if2ik0dcx-citizens-of-the-world-caf-du-monde.webp | https://mtdlhxbwblrxtzsdjlav.supabase.co/storage/v1/object/public/perfume-images/bd8101c3-988c-43c3-ae82-19d06467f2a5/t8if2i19g32-citizens-of-the-world-caf-du-monde.webp","https://s.shopee.co.id/4fpuj9CPZI","honino-romeo-roses | mykonos-moroccan-vanilla | loco-scent-red-rhapsody | astree-villa-de-la-rose | mandalika-forbidden-temptation","Citizens of The World Cafe Du Monde adalah parfum gourmand-floral dengan sentuhan vanilla dan rose, menciptakan suasana hangat dan nyaman, sempurna.","https://cariparfum.com/parfum/citizens-of-the-world-cafe-du-monde","","2026-10-06T13:25:27.933Z"
"Citizens of The World","Cloud Ride In Provence","Eau de Parfum","275000","IDR","InStock","Bergamot | Lavender | Mint","Milk","Woody Ambery Note | Santanol | Tonka Bean | Musk","Aromatik | Woody","Ringan | Menenangkan | Bersih","Masculine","","Pagi | ️ Siang | Sore | ️ Panas | ️ Hujan","https://mtdlhxbwblrxtzsdjlav.supabase.co/storage/v1/object/public/perfume-images/4b8c66b3-54c2-4bfe-95da-a335d7c647f5/t8if2egx6je-citizens-of-the-world-cloud-ride-in-provence.webp | https://mtdlhxbwblrxtzsdjlav.supabase.co/storage/v1/object/public/perfume-images/4b8c66b3-54c2-4bfe-95da-a335d7c647f5/t8if2ec8i1k-citizens-of-the-world-cloud-ride-in-provence.webp | https://mtdlhxbwblrxtzsdjlav.supabase.co/storage/v1/object/public/perfume-images/4b8c66b3-54c2-4bfe-95da-a335d7c647f5/t8if2fo5mhn-citizens-of-the-world-cloud-ride-in-provence.webp","https://s.shopee.co.id/4Ate8Fv9Tr","saudade-olfactory-bonsai-we-kept | sonder-scents-255 | byfrags-pleasure-of-jo | nevernot-kitchen-in-pool | mykonos-chai-crema-latte","Citizens of The World Cloud Ride In Provence menghadirkan sensasi segar lavender dan mint di pagi Provence, dengan creamy woody yang nyaman dan airy.","https://cariparfum.com/parfum/citizens-of-the-world-cloud-ride-in-provence","","2026-10-06T13:24:48.189Z"
"Citizens of The World","Habanos","Eau de Parfum","189000","IDR","InStock","Cinnamon | White Leather | Saffron","Cedarwood | Tobacco | Tonka Bean","Sandalwood | Musky Note | Vetiver","Woody | Kering & Smoky","Hangat | Tegas","Masculine","","Malam | ️ Dingin","https://mtdlhxbwblrxtzsdjlav.supabase.co/storage/v1/object/public/perfume-images/beda8f94-e307-4515-a1c0-2a931a252d66/t8if421rvj9-citizens-of-the-world-habanos.webp | https://mtdlhxbwblrxtzsdjlav.supabase.co/storage/v1/object/public/perfume-images/beda8f94-e307-4515-a1c0-2a931a252d66/t8if435rwm7-citizens-of-the-world-habanos.webp | https://mtdlhxbwblrxtzsdjlav.supabase.co/storage/v1/object/public/perfume-images/beda8f94-e307-4515-a1c0-2a931a252d66/t8if43ibcr4-citizens-of-the-world-habanos.webp","https://s.shopee.co.id/1gCJ9fvXCl","sonder-scents-255 | somne-nectar | mykonos-dark-secret | loco-scent-saturday-cheers | loco-scent-smoke-on-top","Citizens of The World Habanos adalah parfum EdP berkarakter woody-leathery dengan nuansa tobacco spicy yang bold, cocok untuk malam sejuk penuh kehangatan.","https://cariparfum.com/parfum/citizens-of-the-world-habanos","","2026-10-06T13:26:30.991Z"
"Citizens of The World","MALAGA","Eau de Parfum","189000","IDR","InStock","Pear | Lemon | Blackcurrant | Pineapple","Peach | Jasmine | Apple Cider | Lily of the Valley","Amber | Cedarwood | Vanilla | Musk","Fruity | Floral","Playful | Hangat","Masculine","","️ Siang | Sore | ️ Panas | ️ Hujan","https://mtdlhxbwblrxtzsdjlav.supabase.co/storage/v1/object/public/perfume-images/3f69940c-d570-4cf7-a66c-5ef58ec87b01/t8if3wis675-citizens-of-the-world-malaga.webp | https://mtdlhxbwblrxtzsdjlav.supabase.co/storage/v1/object/public/perfume-images/3f69940c-d570-4cf7-a66c-5ef58ec87b01/t8if3wdyiw7-citizens-of-the-world-malaga.webp | https://mtdlhxbwblrxtzsdjlav.supabase.co/storage/v1/object/public/perfume-images/3f69940c-d570-4cf7-a66c-5ef58ec87b01/t8if3xsdloq-citizens-of-the-world-malaga.webp","https://s.shopee.co.id/3fxNXITL9e","honino-romeo-roses | mandalika-irresistible | mandalika-forbidden-temptation | yn-perfumery-on-cloud-nine | scent-of-jarte-blank-space","Citizens of The World MALAGA menggabungkan aroma buah segar dengan sentuhan floral dan warm musk-vanilla, cocok untuk suasana santai dan hangout sore hari.","https://cariparfum.com/parfum/citizens-of-the-world-malaga","","2026-10-06T13:26:23.205Z"
"Citizens of The World","Morning Walk In Keukenhof","Eau de Parfum","275000","IDR","InStock","Pear | Grapefruit | Violet Leaf","Lotus | Rose | Lily of the Valley","Cedarwood | Tonka Bean | Musk","Floral | Hijau Segar","Menyegarkan | Bersih","Masculine","","Pagi | ️ Siang | Sore | ️ Panas | ️ Hujan","https://mtdlhxbwblrxtzsdjlav.supabase.co/storage/v1/object/public/perfume-images/7dfe7b2d-cbaf-4b59-be9c-ace1d1b974dc/t8if2akxyyz-citizens-of-the-world-morning-walk-in-keunkenhof.webp | https://mtdlhxbwblrxtzsdjlav.supabase.co/storage/v1/object/public/perfume-images/7dfe7b2d-cbaf-4b59-be9c-ace1d1b974dc/t8if2bfvmcq-citizens-of-the-world-morning-walk-in-keunkenhof.webp | https://mtdlhxbwblrxtzsdjlav.supabase.co/storage/v1/object/public/perfume-images/7dfe7b2d-cbaf-4b59-be9c-ace1d1b974dc/t8if2cp3mqb-citizens-of-the-world-morning-walk-in-keunkenhof.webp","https://s.shopee.co.id/20p9YDbBmC","loco-scent-red-rhapsody | honino-romeo-roses | world-of-make-scents-ermis-solid-perfume | de-antoine-opaque-ash | honino-shower-song","Citizens of The World Morning Walk In Keukenhof adalah parfum floral green dengan nuansa segar dan clean, sempurna untuk hari-hari cerah dan aktivitas santai.","https://cariparfum.com/parfum/citizens-of-the-world-morning-walk-in-keukenhof","","2026-10-06T13:26:26.166Z"
"Citizens of The World","OLYMPIA","Eau de Parfum","189000","IDR","InStock","Tropical Fruit | Green Apple","Candy | Rose","Ambroxan | Whipped Cream | Vanilla | Raspberry","Fruity | Gourmand","Playful | Nyaman","Masculine","","Sore | Malam | ️ Dingin | ️ Hujan","https://mtdlhxbwblrxtzsdjlav.supabase.co/storage/v1/object/public/perfume-images/706dc61f-e3de-4f52-951e-6932b30b8954/t8if3tfogrl-citizens-of-the-world-olympia.webp | https://mtdlhxbwblrxtzsdjlav.supabase.co/storage/v1/object/public/perfume-images/706dc61f-e3de-4f52-951e-6932b30b8954/t8if3tjluax-citizens-of-the-world-olympia.webp | https://mtdlhxbwblrxtzsdjlav.supabase.co/storage/v1/object/public/perfume-images/706dc61f-e3de-4f52-951e-6932b30b8954/t8if3urfn4w-citizens-of-the-world-olympia.webp","https://s.shopee.co.id/7fTWIfvV21","mykonos-moroccan-vanilla | loco-scent-red-rhapsody | honino-romeo-roses | citizens-of-the-world-cafe-du-monde | mykonos-xoxo-rosy","Citizens of The World OLYMPIA menghadirkan aroma fruity-gourmand yang playful dan creamy, cocok untuk suasana santai sore hingga malam di iklim tropis.","https://cariparfum.com/parfum/citizens-of-the-world-olympia","","2026-10-06T13:25:14.396Z"
"Citizens of The World","Omotesando","Eau de Parfum","199000","IDR","InStock","Pear | Rose | Red Berries","Jasmine | Heliotrope | Ylang-Ylang","Amberwood | Oak | Musky","Fruity | Floral","Playful | Hangat","Masculine","","Sore | Malam | ️ Panas | ️ Hujan","https://mtdlhxbwblrxtzsdjlav.supabase.co/storage/v1/object/public/perfume-images/478ca1d6-d361-4193-8aab-42adaaa84303/t9fn1pzha41-citizens-of-the-world-omotesando.webp | https://mtdlhxbwblrxtzsdjlav.supabase.co/storage/v1/object/public/perfume-images/478ca1d6-d361-4193-8aab-42adaaa84303/t9fn1pjk78m-citizens-of-the-world-omotesando.webp","https://s.shopee.co.id/9Uvt9OC4yi","honino-romeo-roses | loco-scent-red-rhapsody | de-antoine-secret-de-tilia | de-antoine-de-tilia | mykonos-xoxo-rosy","Citizens of The World Omotesando adalah parfum edp dengan nuansa buah segar, floral modern, dan sentuhan kayu hangat yang cocok untuk sore dan malam.","https://cariparfum.com/parfum/citizens-of-the-world-omotesando","","2026-10-06T13:25:07.606Z"
"Citizens of The World","PACIFIC COAST HIGHWAY","Eau de Parfum","189000","IDR","InStock","Green Apple | Grapefruit | Orange","Lavender | Cardamom | Geranium","Sandalwood | Patchouli","Sitrus Segar | Woody","Menyegarkan | Energik | Menenangkan","Masculine","","Pagi | ️ Siang | Sore | ️ Panas | ️ Hujan","https://mtdlhxbwblrxtzsdjlav.supabase.co/storage/v1/object/public/perfume-images/2cf10613-dac3-4244-878b-6a2ab5eae862/t8if2kc5t6f-citizens-of-the-world-pacific-coast-highway.webp | https://mtdlhxbwblrxtzsdjlav.supabase.co/storage/v1/object/public/perfume-images/2cf10613-dac3-4244-878b-6a2ab5eae862/t8if2lzsaw6-citizens-of-the-world-pacific-coast-highway.webp | https://mtdlhxbwblrxtzsdjlav.supabase.co/storage/v1/object/public/perfume-images/2cf10613-dac3-4244-878b-6a2ab5eae862/t8if2lj75j3-citizens-of-the-world-pacific-coast-highway.webp","https://s.shopee.co.id/4LD4KP7yVt","sonder-scents-255 | layr-get-naked | reboura-bibliosmia | world-of-make-scents-bliss-solid-perfume | de-antoine-emperor-s-spice","Citizens of The World Pacific Coast Highway adalah parfum fresh woody-aromatic yang memadukan citrus, lavender, dan sandalwood, cocok untuk suasana santai.","https://cariparfum.com/parfum/citizens-of-the-world-pacific-coast-highway","","2026-10-06T13:24:48.840Z"
"Citizens of The World","Royal Bath in Ubud","Eau de Parfum","275000","IDR","InStock","Cooked Sugar | Saffron","Raspberry | Rose | Freesia","Guaiac Wood | Oud | Vetiver","Gourmand | Woody","Hangat | Misterius","Masculine","","Malam | ️ Dingin | ️ Hujan","https://mtdlhxbwblrxtzsdjlav.supabase.co/storage/v1/object/public/perfume-images/665db21b-9f1c-4a16-aacd-7db0cfa8b25b/t8if1cu6w1k-citizens-of-the-world-royal-bath-in-ubud.webp | https://mtdlhxbwblrxtzsdjlav.supabase.co/storage/v1/object/public/perfume-images/665db21b-9f1c-4a16-aacd-7db0cfa8b25b/t8if1dknqke-citizens-of-the-world-royal-bath-in-ubud.webp | https://mtdlhxbwblrxtzsdjlav.supabase.co/storage/v1/object/public/perfume-images/665db21b-9f1c-4a16-aacd-7db0cfa8b25b/t8if1d4pf7b-citizens-of-the-world-royal-bath-in-ubud.webp","https://s.shopee.co.id/9KbkHgHRZa","loco-scent-red-rhapsody | loco-scent-smoke-on-top | whspr-spellbound | honino-romeo-roses | maison-garnet-alhambra-rose","Citizens of The World Royal Bath in Ubud menghadirkan aroma manis, floral, dan kayu lembap yang hangat, cocok untuk suasana malam di ruang sejuk.","https://cariparfum.com/parfum/citizens-of-the-world-royal-bath-in-ubud","","2026-10-06T13:24:43.485Z"
"Citizens of The World","SODERMALM","Eau de Parfum","189000","IDR","InStock","Bergamot | Lemon","Orange Blossom | Lily of the Valley","Water Accord | Musk","Sitrus Segar | Akuatik","Menyegarkan | Bersih","Masculine","","Pagi | ️ Siang | Sore | ️ Panas | ️ Hujan","https://mtdlhxbwblrxtzsdjlav.supabase.co/storage/v1/object/public/perfume-images/403e4fc6-d352-4a2b-a06f-df6f544c7cd4/t8if3pxqwh8-citizens-of-the-world-sodermalm.webp | https://mtdlhxbwblrxtzsdjlav.supabase.co/storage/v1/object/public/perfume-images/403e4fc6-d352-4a2b-a06f-df6f544c7cd4/t8if3q6i8wx-citizens-of-the-world-sodermalm.webp | https://mtdlhxbwblrxtzsdjlav.supabase.co/storage/v1/object/public/perfume-images/403e4fc6-d352-4a2b-a06f-df6f544c7cd4/t8if3rlmh8z-citizens-of-the-world-sodermalm.webp","https://s.shopee.co.id/AKUHTRkalo","scuse-me-tulips-better-than-one | scent-of-jarte-tulip-valley | world-of-make-scents-ermis-solid-perfume | honino-shower-song | zataru-aquamarine","Citizens of The World SODERMALM menghadirkan aroma citrus segar dan aquatic yang clean, cocok untuk hari-hari panas atau aktivitas pagi hingga siang.","https://cariparfum.com/parfum/citizens-of-the-world-sodermalm","","2026-10-06T13:25:18.368Z"
"Citizens of The World","SPICE SOUK","Eau de Parfum","189000","IDR","InStock","Mandarin | Tangerine | Star Anise","Cinnamon | Leather Accord","Vanilla | Patchouli | Moss","Amber | Kering & Smoky","Hangat | Misterius","Masculine","","Sore | Malam | ️ Dingin","https://mtdlhxbwblrxtzsdjlav.supabase.co/storage/v1/object/public/perfume-images/02317f8f-a2c3-4da0-ae8e-bc9150388095/t8if3zl5r8r-citizens-of-the-world-spice-souk.webp | https://mtdlhxbwblrxtzsdjlav.supabase.co/storage/v1/object/public/perfume-images/02317f8f-a2c3-4da0-ae8e-bc9150388095/t8if3z2l81t-citizens-of-the-world-spice-souk.webp | https://mtdlhxbwblrxtzsdjlav.supabase.co/storage/v1/object/public/perfume-images/02317f8f-a2c3-4da0-ae8e-bc9150388095/t8if40sgajh-citizens-of-the-world-spice-souk.webp","https://s.shopee.co.id/8pfTghcyTA","personal-chemistry-memo | de-antoine-golden-mirage | compounded-by-london | honino-romeo-roses | mykonos-verve","Citizens of The World Spice Souk membawa sensasi pasar rempah yang hangat dan manis, memadukan aroma kulit, vanilla, dan patchouli yang memikat.","https://cariparfum.com/parfum/citizens-of-the-world-spice-souk","","2026-10-06T13:25:39.364Z"
"Citizens of The World","SUNSET PICNIC IN HONOLULU","Eau de Parfum","290000","IDR","InStock","Peach | Pineapple","Exotic Fruits | Lily of the Valley","Sandalwood | Burboun Vanilla | Tonka Bean | Musk","Gourmand | Fruity","Playful | Nyaman","Masculine","","Sore | Malam | ️ Panas | ️ Hujan","https://mtdlhxbwblrxtzsdjlav.supabase.co/storage/v1/object/public/perfume-images/1c606ca9-8397-454d-9eb4-20cd79709b63/1c606ca9-8397-454d-9eb4-20cd79709b63-1779984071459-Screenshot%202026-05-28%20at%2022.59.55.png","https://s.shopee.co.id/AAEc6YafnJ","world-of-make-scents-summerity | world-of-make-scents-kiko-crumbs-solid-perfume | world-of-make-scents-summerity-solid-perfume | world-of-make-scents-ermis-solid-perfume | layr-kyoto-jazz","Citizens of The World Sunset Picnic in Honolulu memadukan aroma buah tropis dan vanilla creamy, cocok untuk suasana hangout santai di sore hingga malam hari.","https://cariparfum.com/parfum/citizens-of-the-world-sunset-picnic-in-honolulu","","2026-10-06T13:26:15.295Z"
"Citizens of The World","Tea Ceremony in Guilin","Eau de Parfum","275000","IDR","InStock","Chamomile | Ylang-Ylang | Violet Leaf","Jasmine | Osmanthus | Rose","Amber | Moss | Musk","Floral | Hijau Segar","Menenangkan | Nyaman","Masculine","","Sore | Malam | ️ Panas | ️ Hujan","https://mtdlhxbwblrxtzsdjlav.supabase.co/storage/v1/object/public/perfume-images/d87016f6-1a8b-4688-b4df-754934619f5a/t8if1i3aymm-citizens-of-the-world-tea-ceremony-in-guilin.webp | https://mtdlhxbwblrxtzsdjlav.supabase.co/storage/v1/object/public/perfume-images/d87016f6-1a8b-4688-b4df-754934619f5a/t8if1i04xaz-citizens-of-the-world-tea-ceremony-in-guilin.webp | https://mtdlhxbwblrxtzsdjlav.supabase.co/storage/v1/object/public/perfume-images/d87016f6-1a8b-4688-b4df-754934619f5a/t8if1jlrjet-citizens-of-the-world-tea-ceremony-in-guilin.webp","https://s.shopee.co.id/3VdxKukIGG","honino-romeo-roses | loco-scent-red-rhapsody | mykonos-xoxo-rosy | project-1945-bamboe-roencing | loco-scent-harvest-feast","Citizens of The World Tea Ceremony in Guilin menghadirkan aroma floral-green yang menenangkan, cocok untuk relaksasi dan momen santai di tengah hari Anda.","https://cariparfum.com/parfum/citizens-of-the-world-tea-ceremony-in-guilin","","2026-10-06T13:26:32.768Z"
"Citizens of The World","The Living Light Of Granada","Eau de Parfum","287000","IDR","InStock","Bergamot | Apple","Rose","Chypre Accord | Patchouli","Floral | Woody Lumut","Menyegarkan | Elegan","Masculine","","️ Siang | Sore | ️ Panas | ️ Hujan","https://mtdlhxbwblrxtzsdjlav.supabase.co/storage/v1/object/public/perfume-images/15849d8c-683e-4aac-bbb4-4c012c30d7d3/tfr8h6ibust-citizens-of-the-world-the-living-light-of-granada.webp | https://mtdlhxbwblrxtzsdjlav.supabase.co/storage/v1/object/public/perfume-images/15849d8c-683e-4aac-bbb4-4c012c30d7d3/tfr8h708txf-citizens-of-the-world-the-living-light-of-granada.webp","https://s.shopee.co.id/5VSWY9V5ux","loco-scent-red-rhapsody | speaks-to-me-at-the-speakeasy | honino-romeo-roses | sarcasm-fragrance-sigma | mykonos-xoxo-rosy","Citizens of The World The Living Light Of Granada memadukan segarnya apel dan bergamot dengan mawar lembut serta patchouli, aroma fresh-floral yang elegan.","https://cariparfum.com/parfum/citizens-of-the-world-the-living-light-of-granada","","2026-10-06T13:25:51.750Z"
"Compounded By","Akira","Eau de Parfum","279000","IDR","InStock","Orange | Cardamom","Ginger | Green Tea | Neroli","Ambroxan | Olibanum | Iris | Vetiver","Powdery | Hijau Segar","Menyegarkan | Menenangkan","Masculine","","Pagi | ️ Siang | Sore | ️ Panas | ️ Hujan","https://mtdlhxbwblrxtzsdjlav.supabase.co/storage/v1/object/public/perfume-images/e0e0ada1-33b3-4492-96c7-fed1cf1af08c/tb854i5bxbn-compounded-by-akira.webp | https://mtdlhxbwblrxtzsdjlav.supabase.co/storage/v1/object/public/perfume-images/e0e0ada1-33b3-4492-96c7-fed1cf1af08c/tb854jlrlaa-compounded-by-akira.webp","https://s.shopee.co.id/9zsfPVvwj9","sumu-genesis | altar-scents-maelstrom | scents-of-pluto-the-active-project | layr-before-petrichor | atsiri-beksan","Compounded By Akira menghadirkan sensasi green tea segar dan iris lembut, cocok untuk suasana santai, pagi hingga sore di cuaca tropis Indonesia.","https://cariparfum.com/parfum/compounded-by-akira","","2026-10-06T13:25:32.988Z"
"Compounded By","Alexa","Eau de Parfum","279000","IDR","InStock","Aldehydes | Pear | Lily of the Valley","Orange Blossom | Rose | Iris","Patchouli | Musk","Floral Lembut | Fruity","Bersih | Elegan","Masculine","","Pagi | ️ Siang | Sore | ️ Panas | ️ Hujan","https://mtdlhxbwblrxtzsdjlav.supabase.co/storage/v1/object/public/perfume-images/90301f5c-a12c-46c5-9879-4249abe4f009/tb854s32lcl-compounded-by-alexa.webp","https://s.shopee.co.id/5q36RyzZSv","honino-romeo-roses | loco-scent-red-rhapsody | world-of-make-scents-dance-flo-solid-perfume | layr-kyoto-jazz | honino-shower-song","Compounded By Alexa adalah parfum EDP dengan sentuhan floral-fresh, clean, dan feminin, cocok untuk pecinta aroma lembut yang effortless di cuaca tropis.","https://cariparfum.com/parfum/compounded-by-alexa","","2026-10-06T13:25:53.969Z"
"Compounded By","Brooklyn","Eau de Parfum","289000","IDR","InStock","Peach | Juniper","Orange Blossom | Jasmine | Peony","Amber | Tonka Bean | Moss | Musk","Floral | Fruity","Hangat | Playful","Masculine","","Sore | Malam | ️ Panas | ️ Hujan","https://mtdlhxbwblrxtzsdjlav.supabase.co/storage/v1/object/public/perfume-images/07161d98-6055-47f9-a155-3539e17b930c/tb854q389ff-compounded-by-brooklyn.webp | https://mtdlhxbwblrxtzsdjlav.supabase.co/storage/v1/object/public/perfume-images/07161d98-6055-47f9-a155-3539e17b930c/tb854qz9k6f-compounded-by-brooklyn.webp","https://s.shopee.co.id/8AR1EASRFt","honino-romeo-roses | ouru-vanilla-velvet-2-0 | die-without-smell-you-name-it | project-1945-princess-of-java | loco-scent-harvest-feast","Compounded By Brooklyn adalah parfum EDP dengan sentuhan fruity-floral dan nuansa amber musky, cocok untuk sore hingga malam di suasana santai maupun hangout.","https://cariparfum.com/parfum/compounded-by-brooklyn","","2026-10-06T13:25:21.016Z"
"Compounded By","Celia","Eau de Parfum","289000","IDR","InStock","Litchi | Ozonic","Water Lily | Peony | Muguet","Praline | Oak Moss | White Flower","Floral | Akuatik","Menyegarkan | Playful","Masculine","","Pagi | ️ Siang | Sore | ️ Panas | ️ Hujan","https://mtdlhxbwblrxtzsdjlav.supabase.co/storage/v1/object/public/perfume-images/525fbcdd-a6af-4fbd-a175-3a63b90a9fe9/tb85gc18210-compounded-by-celia.webp | https://mtdlhxbwblrxtzsdjlav.supabase.co/storage/v1/object/public/perfume-images/525fbcdd-a6af-4fbd-a175-3a63b90a9fe9/tb85gdke8yb-compounded-by-celia.webp","https://s.shopee.co.id/1Vu7IEo099","de-antoine-l-amour-toujours | zataru-topaz | royal-fragrance-playdate | maison-garnet-snow-peony | saka-perfumery-nashville","Compounded By Celia adalah EDP floral-aquatic manis dengan sentuhan praline dan litchi, cocok untuk kamu yang suka wangi bersih, segar, dan ceria.","https://cariparfum.com/parfum/compounded-by-celia","","2026-10-06T13:26:05.603Z"
"Compounded By","Eloise","Eau de Parfum","279000","IDR","InStock","Aldehydes | Peach | Osmanthus | Freesia","Orange Blossom | Lily | Tulip | Rose | Petalia","Amber | Ambroxan | Vetiver | Musk","Floral Lembut | Fruity","Ringan | Playful | Bersih","Masculine","","Pagi | ️ Siang | Sore | ️ Panas | ️ Hujan","https://mtdlhxbwblrxtzsdjlav.supabase.co/storage/v1/object/public/perfume-images/b41e0754-1f98-427f-bad0-145e66819706/tb854ffsdox-compounded-by-eloise.webp | https://mtdlhxbwblrxtzsdjlav.supabase.co/storage/v1/object/public/perfume-images/b41e0754-1f98-427f-bad0-145e66819706/tb854h3ne9z-compounded-by-eloise.webp","https://s.shopee.co.id/6AfwqXqVZi","honino-romeo-roses | scuse-me-tulips-better-than-one | loco-scent-red-rhapsody | mykonos-xoxo-rosy | reboura-ellinika-doors","Compounded By Eloise adalah EDP floral fruity yang airy dan clean, membawa suasana ceria dan segar, cocok untuk hari-hari cerah di Indonesia.","https://cariparfum.com/parfum/compounded-by-eloise","","2026-10-06T13:25:53.199Z"
"Compounded By","Ethan","Eau de Parfum","279000","IDR","InStock","Black Pepper | Neroli | Cardamom","Amber | Iris | Geranium","Sandalwood | Cedar | Patchouli","Woody | Powdery","Hangat | Elegan","Masculine","","Sore | Malam | ️ Dingin | ️ Hujan","https://mtdlhxbwblrxtzsdjlav.supabase.co/storage/v1/object/public/perfume-images/45fae87f-718c-4e5d-bac3-33f06f6ea926/tb854t1mk5k-compounded-by-ethan.webp","https://s.shopee.co.id/5q36RuoC5J","reboura-bibliosmia | world-of-make-scents-ermis-solid-perfume | honino-romeo-roses | layr-kyoto-jazz | sonder-scents-255","Compounded By Ethan adalah EDP dengan sentuhan iris powdery, rempah hangat, dan woody yang elegan, cocok untuk sore hingga malam di cuaca sejuk.","https://cariparfum.com/parfum/compounded-by-ethan","","2026-10-06T13:26:35.557Z"
"Compounded By","Fiona","Eau de Parfum","279000","IDR","InStock","Sicilian Mandarin | Pink peony","Apricot | Peach | Gardenia | Tangerine","Damask Rose | Red Berries","Floral | Fruity","Menyegarkan | Playful","Masculine","","️ Siang | Sore | ️ Panas | ️ Hujan","https://mtdlhxbwblrxtzsdjlav.supabase.co/storage/v1/object/public/perfume-images/54f825a2-cddc-4351-bfb6-bba837fe8e91/tb854oa5aoc-compounded-by-fiona.webp","https://s.shopee.co.id/7AYU2PYUJz","saka-perfumery-tifany | loco-scent-red-rhapsody | royal-fragrance-flourish | mykonos-xoxo-rosy | yn-perfumery-rose-in-september","Compounded By Fiona adalah parfum EDP dengan aroma fruity floral ceria, memadukan peony, peach, dan damask rose, cocok untuk hari-hari hangat dan momen santai.","https://cariparfum.com/parfum/compounded-by-fiona","","2026-10-06T13:25:09.200Z"
"Compounded By","London","Eau de Parfum","289000","IDR","InStock","Basil | Vanilla Orchid","Brown Sugar | Jasmine | Lavender | Tonka Bean","Amber | Patchouli | Leather | Moss","Amber | Kering & Smoky","Hangat | Nyaman | Tegas","Masculine","","Malam | ️ Dingin","https://mtdlhxbwblrxtzsdjlav.supabase.co/storage/v1/object/public/perfume-images/7884e890-2283-4070-9dd6-38fb81a3ab63/tb854l881zt-compounded-by-london.webp | https://mtdlhxbwblrxtzsdjlav.supabase.co/storage/v1/object/public/perfume-images/7884e890-2283-4070-9dd6-38fb81a3ab63/tb854nn1iuc-compounded-by-london.webp","https://s.shopee.co.id/AAC5brT9SO","honino-romeo-roses | ouru-vanilla-velvet-2-0 | layr-get-naked | house-of-medici-baldassare-sprezzatura | oaken-lab-batavia-barber","Compounded By London adalah EDP dengan sentuhan vanilla, brown sugar, patchouli, dan leather yang hangat serta bold, sempurna untuk suasana malam di kota.","https://cariparfum.com/parfum/compounded-by-london","","2026-10-06T13:25:46.542Z"
"Constant","01 Equal","Eau de Parfum","120000","IDR","InStock","Orange Blossom | Leather | Clary Sage","Red Rose | Caramel | Labdanum | Lily of the Valley","Ambergris | Oakmoss | Haitian Vetiver | Bourbon Vanilla | Indian Oud | Musk","Amber | Kering & Smoky","Hangat | Tegas | Misterius","Masculine","","Malam | ️ Dingin | ️ Hujan","https://mtdlhxbwblrxtzsdjlav.supabase.co/storage/v1/object/public/perfume-images/659292e8-0050-456d-bced-7d0ba681d997/t8if78jbv0p-constant-01-equal.webp | https://mtdlhxbwblrxtzsdjlav.supabase.co/storage/v1/object/public/perfume-images/659292e8-0050-456d-bced-7d0ba681d997/t8if79o8ttq-constant-01-equal.webp | https://mtdlhxbwblrxtzsdjlav.supabase.co/storage/v1/object/public/perfume-images/659292e8-0050-456d-bced-7d0ba681d997/t8if7aweihh-constant-01-equal.webp | https://mtdlhxbwblrxtzsdjlav.supabase.co/storage/v1/object/public/perfume-images/659292e8-0050-456d-bced-7d0ba681d997/t8if7abqt39-constant-01-equal.webp","https://s.shopee.co.id/AKUHTlcEqt","honino-romeo-roses | loco-scent-red-rhapsody | scuse-me-to-be-a-wallflower | loco-scent-smoke-on-top | world-of-make-scents-kiko-crumbs-solid-perfume","Constant 01 Equal adalah parfum EdP berkarakter leather gourmand yang hangat dan bold, dengan sentuhan vanilla, caramel, dan floral untuk malam istimewa.","https://cariparfum.com/parfum/constant-01-equal","","2026-10-06T13:26:24.996Z"
"Constant","02 Experiment","Eau de Parfum","279000","IDR","InStock","Ginger | Green Leaf | Carnation","Jasmine | Tuberose","Sandalwood | Musk","Floral | Hijau Segar","Nyaman | Menyegarkan","Masculine","","Sore | Malam | ️ Panas | ️ Hujan","https://mtdlhxbwblrxtzsdjlav.supabase.co/storage/v1/object/public/perfume-images/dfcb7e6a-f455-4279-9ff1-e3fdf8535dec/t8if75fi025-constant-02-experiment.webp | https://mtdlhxbwblrxtzsdjlav.supabase.co/storage/v1/object/public/perfume-images/dfcb7e6a-f455-4279-9ff1-e3fdf8535dec/t8if742cvbq-constant-02-experiment.webp | https://mtdlhxbwblrxtzsdjlav.supabase.co/storage/v1/object/public/perfume-images/dfcb7e6a-f455-4279-9ff1-e3fdf8535dec/t8if76oiju7-constant-02-experiment.webp | https://mtdlhxbwblrxtzsdjlav.supabase.co/storage/v1/object/public/perfume-images/dfcb7e6a-f455-4279-9ff1-e3fdf8535dec/t8if761knhy-constant-02-experiment.webp","https://s.shopee.co.id/5L5bWW5kye","reboura-flora-notes | world-of-make-scents-fantasy | world-of-make-scents-fantasy-solid-perfume | honino-romeo-roses | maison-garnet-mugunghwa-peach","Constant 02 Experiment menghadirkan aroma floral hijau yang segar dan creamy, cocok untuk sore dan malam di iklim tropis. Eksplorasi baru yang menenangkan.","https://cariparfum.com/parfum/constant-02-experiment","","2026-10-06T13:26:33.363Z"
"Constant","03 Comma","Eau de Parfum","333000","IDR","InStock","Water Flower | Acacia Sage | Amaretto","Woody Note | Green Leaf | Orris Butter","Amber | Sandalwood | Musky Note | Lotus","Akuatik | Woody","Menyegarkan | Menenangkan","Masculine","","Sore | Malam | ️ Panas | ️ Hujan","https://mtdlhxbwblrxtzsdjlav.supabase.co/storage/v1/object/public/perfume-images/8d298de5-cdc7-45b0-a58e-310585a014da/t8if72oakga-constant-03-comma.webp | https://mtdlhxbwblrxtzsdjlav.supabase.co/storage/v1/object/public/perfume-images/8d298de5-cdc7-45b0-a58e-310585a014da/t8if71m7b6h-constant-03-comma.webp | https://mtdlhxbwblrxtzsdjlav.supabase.co/storage/v1/object/public/perfume-images/8d298de5-cdc7-45b0-a58e-310585a014da/t8if72p72sr-constant-03-comma.webp | https://mtdlhxbwblrxtzsdjlav.supabase.co/storage/v1/object/public/perfume-images/8d298de5-cdc7-45b0-a58e-310585a014da/t8if73w86an-constant-03-comma.webp","https://s.shopee.co.id/9UvAUG5gF5","honino-romeo-roses | altar-scents-paradiso | aoera-royale | avalanche-tidal-wave | wonderlust-fragrance-philia","Constant 03 Comma adalah parfum dengan nuansa aquatic woody dan sentuhan musky yang segar, ideal untuk sore santai atau hangout di suasana tropis Indonesia.","https://cariparfum.com/parfum/constant-03-comma","","2026-10-06T13:24:57.616Z"
"Constant","04 Dot","Eau de Parfum","333000","IDR","InStock","Pink Peppercorn | Rose","Guaiac Wood | Patchouli | Maltol","Amber | Sandalwood | Oud","Amber | Floral","Hangat | Misterius","Masculine","","Sore | Malam | ️ Dingin","https://mtdlhxbwblrxtzsdjlav.supabase.co/storage/v1/object/public/perfume-images/c4c6d4ea-415f-4685-a147-e155708c7b29/t8if6yquvi7-constant-04-dot.webp | https://mtdlhxbwblrxtzsdjlav.supabase.co/storage/v1/object/public/perfume-images/c4c6d4ea-415f-4685-a147-e155708c7b29/t8if6yh1ne1-constant-04-dot.webp | https://mtdlhxbwblrxtzsdjlav.supabase.co/storage/v1/object/public/perfume-images/c4c6d4ea-415f-4685-a147-e155708c7b29/t8if6ynuawl-constant-04-dot.webp | https://mtdlhxbwblrxtzsdjlav.supabase.co/storage/v1/object/public/perfume-images/c4c6d4ea-415f-4685-a147-e155708c7b29/t8if6zkqufs-constant-04-dot.webp","https://s.shopee.co.id/70DpVgRr56","loco-scent-red-rhapsody | honino-romeo-roses | mykonos-sparkling-rose | world-of-make-scents-ermis-solid-perfume | mykonos-xoxo-rosy","Constant 04 Dot adalah Eau de Parfum berkarakter floral-amber dengan sentuhan oud dan sandalwood, cocok untuk malam hangat yang penuh pesona misteri.","https://cariparfum.com/parfum/constant-04-dot","","2026-10-06T13:25:54.014Z"
"De Antoine","Boise","Eau de Parfum","405000","IDR","InStock","Pink Peppercorn | Mandarin | Lemon","Jasmine | Blackcurrant | Guava | Freesia","Cedarwood | Patchouli | Musk","Woody | Fruity","Menyegarkan | Playful","Masculine","","️ Siang | Sore | ️ Panas | ️ Hujan","https://mtdlhxbwblrxtzsdjlav.supabase.co/storage/v1/object/public/perfume-images/93fbe73d-d296-47b1-a490-181a69136ea2/tcgtzajclwm-de-antoine-boise.webp | https://mtdlhxbwblrxtzsdjlav.supabase.co/storage/v1/object/public/perfume-images/93fbe73d-d296-47b1-a490-181a69136ea2/tcgtzb85bi8-de-antoine-boise.webp","https://s.shopee.co.id/6pxuItbv6Z","satellite-of-glow-aura-ubud | honor-perfume-royce | blackstag-nightfall | argve-ardour | yn-perfumery-floating-in-the-arctic","De Antoine Boise menghadirkan aroma citrus-guava yang segar dan playful, berpadu cedar dan musk yang soft.","https://cariparfum.com/parfum/de-antoine-boise","","2026-10-06T13:25:16.819Z"
"De Antoine","Caspian Coast","Extrait de Parfum","530000","IDR","InStock","Bergamot | Mandarin | Lemon","Amberwood | Pear | Freesia | Marine Note","Musks | Sandalwood | Cashmere Wood | Driftwood","Akuatik | Sitrus Segar","Menyegarkan | Bersih | Menenangkan","Masculine","","Pagi | ️ Siang | Sore | ️ Panas | ️ Hujan","https://mtdlhxbwblrxtzsdjlav.supabase.co/storage/v1/object/public/perfume-images/caf3c133-4df2-4b0e-a8eb-04ba083688ad/tcgtz9dbvd2-de-antoine-caspian-coast.webp | https://mtdlhxbwblrxtzsdjlav.supabase.co/storage/v1/object/public/perfume-images/caf3c133-4df2-4b0e-a8eb-04ba083688ad/tcgtz9u1t8l-de-antoine-caspian-coast.webp","https://s.shopee.co.id/4VZzWq4vY0","unspoken-timber | saka-perfumery-etherwave | the-body-tale-rosie-de-marrie | botanical-essentials-solace | speaks-to-me-by-the-beach","De Antoine Caspian Coast menawarkan sensasi segar laut dan citrus dengan sentuhan kayu lembut, cocok untuk kamu yang suka parfum clean dan easygoing.","https://cariparfum.com/parfum/de-antoine-caspian-coast","","2026-10-06T13:24:41.915Z"
"De Antoine","Clair de Lune","Extrait de Parfum","450000","IDR","InStock","Oceanic | Pink Pepper | Rose","Violet | Peony","Sandalwood | Musk","Akuatik | Floral","Ringan | Bersih | Menenangkan","Masculine","","Pagi | ️ Siang | Sore | ️ Panas | ️ Hujan","https://mtdlhxbwblrxtzsdjlav.supabase.co/storage/v1/object/public/perfume-images/b5a050a8-7069-41db-bdab-fd9f9641609b/tcgttf3us63-de-antoine-clair-de-lune.webp | https://mtdlhxbwblrxtzsdjlav.supabase.co/storage/v1/object/public/perfume-images/b5a050a8-7069-41db-bdab-fd9f9641609b/tcgttfme7wu-de-antoine-clair-de-lune.webp","https://s.shopee.co.id/2LVUwbj4gS","mykonos-baby-love | loco-scent-red-rhapsody | alchemist-powder-room | honino-romeo-roses | mykonos-xoxo-rosy","De Antoine Clair de Lune memadukan kesegaran oceanic dengan kelembutan floral, menghadirkan aroma airy dan clean yang cocok untuk hari-hari cerah penuh.","https://cariparfum.com/parfum/de-antoine-clair-de-lune","","2026-10-06T13:26:16.722Z"
"De Antoine","De Tilia","Extrait de Parfum","900000","IDR","InStock","Orange Blossom | Jasmine | Rose | Linden Blossom","Sandalwood | Peony | Vetiver","Rose | Heliotrope | Musk","Floral | Floral Lembut","Ringan | Menenangkan","Masculine","","Pagi | ️ Siang | Sore | ️ Panas | ️ Hujan","https://mtdlhxbwblrxtzsdjlav.supabase.co/storage/v1/object/public/perfume-images/eee798c6-9811-43f5-aec6-018e62ae7898/tcgjhmcyocj-de-antoine-de-tilia.webp","https://s.shopee.co.id/809rhQZOzc","de-antoine-secret-de-tilia | honino-romeo-roses | loco-scent-red-rhapsody | scuse-me-to-be-a-wallflower | loco-scent-harvest-feast","De Antoine De Tilia adalah parfum floral airy dengan sentuhan sandalwood dan musk, sempurna untuk suasana santai sehari-hari dan momen pagi yang segar.","https://cariparfum.com/parfum/de-antoine-de-tilia","","2026-10-06T13:25:06.013Z"
"De Antoine","Eclat De Rocks","Extrait de Parfum","900000","IDR","InStock","Lemon | Cardamom | Cypress","Marine | Rosemary | Champagne Accord","Sandalwood | Powdery | Musk","Akuatik | Woody","Menyegarkan | Menenangkan","Masculine","","Sore | Malam | ️ Panas | ️ Hujan","https://mtdlhxbwblrxtzsdjlav.supabase.co/storage/v1/object/public/perfume-images/0a7f70db-e42b-4a31-a253-c6dc4a321b4e/tcgtz6hpeg4-de-antoine-eclat-de-rocks.webp | https://mtdlhxbwblrxtzsdjlav.supabase.co/storage/v1/object/public/perfume-images/0a7f70db-e42b-4a31-a253-c6dc4a321b4e/tcgtz6v9txg-de-antoine-eclat-de-rocks.webp","https://s.shopee.co.id/6pxuJA7Xf6","sonder-scents-255 | honor-perfume-layton | blanc-odor-ivory-shirt | loco-scent-into-the-waves | ataraksia-semilir-bayang-mangata","De Antoine Eclat De Rocks adalah parfum fresh woody dengan sentuhan aquatic dan powdery, cocok untuk sore hingga malam di cuaca tropis Indonesia.","https://cariparfum.com/parfum/de-antoine-eclat-de-rocks","","2026-10-06T13:25:43.030Z"
"De Antoine","Elysian Orchard","Extrait de Parfum","530000","IDR","InStock","Pear Elemi | Lotus Flower","Violet Leaves | Geranium | Sweet Pea","Lorenox | Musky | Patchouli","Floral | Fruity","Menyegarkan | Bersih","Masculine","","Pagi | ️ Siang | Sore | ️ Panas | ️ Hujan","https://mtdlhxbwblrxtzsdjlav.supabase.co/storage/v1/object/public/perfume-images/affaed02-c1d2-4001-a768-3e656cac2d5c/tcgtt7r6uxf-de-antoine-elysian-orchard.webp | https://mtdlhxbwblrxtzsdjlav.supabase.co/storage/v1/object/public/perfume-images/affaed02-c1d2-4001-a768-3e656cac2d5c/tcgtt8tupeh-de-antoine-elysian-orchard.webp","https://s.shopee.co.id/4VZzWp8pxw","elaya-choose-you | honino-romeo-roses | world-of-make-scents-ermis-solid-perfume | de-antoine-golden-mirage | saudade-olfactory-unopened-letter","De Antoine Elysian Orchard membawa sensasi kebun buah segar yang lembut dan musky, cocok untuk kamu yang ingin tampil clean, fresh, dan penuh semangat.","https://cariparfum.com/parfum/de-antoine-elysian-orchard","","2026-10-06T13:26:30.044Z"
"De Antoine","Emperor's Spice","Extrait de Parfum","530000","IDR","InStock","Bergamot & Mandarin Orange | Lavender | Apple","Violet & Jasmine | Geranium","Sandalwood | Vanilla | Pepper | Cardamom | Guaiac Wood & Patchouli","Aromatik | Amber","Hangat | Nyaman | Menenangkan","Masculine","","Sore | Malam | ️ Dingin | ️ Hujan","https://mtdlhxbwblrxtzsdjlav.supabase.co/storage/v1/object/public/perfume-images/2ce3e2fc-cf6d-44fe-800c-f1b49226e056/tcgtz4r9zgo-de-antoine-emperor-s-spice.webp | https://mtdlhxbwblrxtzsdjlav.supabase.co/storage/v1/object/public/perfume-images/2ce3e2fc-cf6d-44fe-800c-f1b49226e056/tcgtz5o1fcr-de-antoine-emperor-s-spice.webp","https://s.shopee.co.id/4LGZKRpMcT","reboura-bibliosmia | scentnario-forbidden-bloom | sonder-scents-255 | honor-perfume-crimson | citizens-of-the-world-pacific-coast-highway","De Antoine Emperor's Spice: perpaduan apel, lavender, dan vanilla dengan sentuhan rempah hangat. Cocok untuk momen santai dan malam hari.","https://cariparfum.com/parfum/de-antoine-emperor-s-spice","","2026-10-06T13:24:45.866Z"
"De Antoine","Golden Mirage","Extrait de Parfum","530000","IDR","InStock","Mandarin | Cinnamon | Lemon | Cardamom","Clove | Coriander | Cyclamen | Geranium","Amber | Musky | Patchouli","Amber | Sitrus Segar","Hangat | Energik | Nyaman","Masculine","","Sore | Malam | ️ Dingin | ️ Hujan","https://mtdlhxbwblrxtzsdjlav.supabase.co/storage/v1/object/public/perfume-images/89342e4a-28ae-4db5-8feb-a3391e2fb0b7/tcgtz7mjra4-de-antoine-golden-mirage.webp | https://mtdlhxbwblrxtzsdjlav.supabase.co/storage/v1/object/public/perfume-images/89342e4a-28ae-4db5-8feb-a3391e2fb0b7/tcgtz8x7s5d-de-antoine-golden-mirage.webp","https://s.shopee.co.id/2BC4kekaH2","honino-romeo-roses | argve-ardour | reboura-majestic-night | scentnario-hidden-haven | world-of-make-scents-ermis-solid-perfume","De Antoine Golden Mirage menawarkan kombinasi citrus segar dan rempah hangat dengan patchouli-amber musky, menciptakan aroma cozy untuk sore hingga malam.","https://cariparfum.com/parfum/de-antoine-golden-mirage","","2026-10-06T13:25:51.025Z"
"De Antoine","Homme Fatale","Eau de Parfum","405000","IDR","InStock","Bergamot | Violet | Sage","Violet | Lavender","Cedarwood | Wood | Musk","Floral | Aromatik","Nyaman | Menenangkan | Elegan","Masculine","","Sore | Malam | ️ Dingin","https://mtdlhxbwblrxtzsdjlav.supabase.co/storage/v1/object/public/perfume-images/3907a756-06d9-4541-8ce6-fdbf43c52f07/tcgtzjz1onm-de-antoine-homme-fatale.webp | https://mtdlhxbwblrxtzsdjlav.supabase.co/storage/v1/object/public/perfume-images/3907a756-06d9-4541-8ce6-fdbf43c52f07/tcgtzkswndq-de-antoine-homme-fatale.webp","https://s.shopee.co.id/9pbVsScpXg","mandalika-no1 | world-of-make-scents-ermis-solid-perfume | mykonos-baby-love | wonderlust-fragrance-philia | sighnil-cherry-on-date-night","De Antoine Homme Fatale EDP: perpaduan sage, violet, lavender, dan woody musk yang menenangkan, cocok untuk momen relaksasi personal Anda.","https://cariparfum.com/parfum/de-antoine-homme-fatale","","2026-10-06T13:25:38.982Z"
"De Antoine","Joie de Vivre","Eau de Parfum","405000","IDR","InStock","Lemon | Blackcurrant | Saffron | Juniperberries","White Flower | Rose | Leather","Musky | Sweet Amber | Powdery","Floral | Amber","Hangat | Elegan","Masculine","","Sore | Malam | ️ Dingin | ️ Hujan","https://mtdlhxbwblrxtzsdjlav.supabase.co/storage/v1/object/public/perfume-images/bceca1e3-cc53-4115-9d77-5ac835a09d5a/tcgtzmo5pc3-de-antoine-joie-de-vivre.webp | https://mtdlhxbwblrxtzsdjlav.supabase.co/storage/v1/object/public/perfume-images/bceca1e3-cc53-4115-9d77-5ac835a09d5a/tcgtznq86se-de-antoine-joie-de-vivre.webp","https://s.shopee.co.id/6AiDVi3IB6","loco-scent-red-rhapsody | honino-romeo-roses | mykonos-xoxo-rosy | mykonos-moroccan-vanilla | honino-shower-song","Joie de Vivre EDP dari De Antoine: parfum saffron unik dengan sentuhan leather, mawar, dan amber manis yang memikat.","https://cariparfum.com/parfum/de-antoine-joie-de-vivre","","2026-10-06T13:26:04.195Z"
"De Antoine","Kyoto Ceremony","Extrait de Parfum","530000","IDR","InStock","Matcha Green Tea | Vegetal Notes | Citrus Cocktail","Orange Blossom | Powdery Notes | Mugane | Milk Chocolate","Precious Wood | Velvet Musk | Vanilla Pod","Hijau Segar | Gourmand","Nyaman | Menenangkan","Masculine","","Sore | Malam | ️ Hujan | ️ Dingin","https://mtdlhxbwblrxtzsdjlav.supabase.co/storage/v1/object/public/perfume-images/2ef59b09-8fa1-401c-9bec-692eefe08e4f/tcgjhnbz75m-de-antoine-kyoto-ceremony.webp | https://mtdlhxbwblrxtzsdjlav.supabase.co/storage/v1/object/public/perfume-images/2ef59b09-8fa1-401c-9bec-692eefe08e4f/tcgjhojcwnw-de-antoine-kyoto-ceremony.webp","https://s.shopee.co.id/9ALp5HpV1n","scentalgia-fragrance-raw-morning-05-00am | mykonos-verve | house-of-medici-shakespeare-elegiac | mykonos-black-opera | mykonos-vanilla-clouds","De Antoine Kyoto Ceremony adalah parfum unisex segar dan creamy dengan nuansa teh hijau, citrus, dan vanilla, pas untuk momen santai di sore hingga malam hari.","https://cariparfum.com/parfum/de-antoine-kyoto-ceremony","","2026-10-06T13:24:43.206Z"
"De Antoine","L'amour Toujours","Extrait de Parfum","450000","IDR","InStock","Red Apple | Jasmine","Carnation | Jasmine | Peony | Rose","Gillyflower | Peony","Floral | Fruity","Playful | Elegan","Masculine","","️ Siang | Sore | ️ Panas | ️ Hujan","https://mtdlhxbwblrxtzsdjlav.supabase.co/storage/v1/object/public/perfume-images/2ab26a20-8b16-4628-9526-fbbbdac3c10d/tcgttdw8jwn-de-antoine-l-amour-toujours.webp | https://mtdlhxbwblrxtzsdjlav.supabase.co/storage/v1/object/public/perfume-images/2ab26a20-8b16-4628-9526-fbbbdac3c10d/tcgttenhcyf-de-antoine-l-amour-toujours.webp","https://s.shopee.co.id/2Vov8quqh6","sighnil-french-peonies-mood | loco-scent-red-rhapsody | de-antoine-secret-de-tilia | de-antoine-de-tilia | honino-romeo-roses","L'amour Toujours XDP dari De Antoine: parfum floral fruity dengan aroma apel merah, peony, mawar, dan melati yang memikat, cocok untuk acara spesial.","https://cariparfum.com/parfum/de-antoine-l-amour-toujours","","2026-10-06T13:26:36.097Z"
"De Antoine","Lumiere du Soleil","Extrait de Parfum","450000","IDR","InStock","Bergamot | Mandarin | Orange Bitter","Petitgrain | Orange Flower","Raspberry | Musk","Floral | Sitrus Segar","Menyegarkan | Playful","Masculine","","️ Siang | Sore | ️ Panas | ️ Hujan","https://mtdlhxbwblrxtzsdjlav.supabase.co/storage/v1/object/public/perfume-images/43ae88ab-354f-4b21-bda6-0324bc41c185/tcgtziw35dr-de-antoine-lumiere-du-soleil.webp | https://mtdlhxbwblrxtzsdjlav.supabase.co/storage/v1/object/public/perfume-images/43ae88ab-354f-4b21-bda6-0324bc41c185/tcgtziahyme-de-antoine-lumiere-du-soleil.webp","https://s.shopee.co.id/4LGZKEutFd","saudade-olfactory-bonsai-we-kept | aamodini-kirana | layr-second-skin | layr-before-petrichor | scentnario-hidden-haven","De Antoine Lumiere du Soleil XDP: Perpaduan citrus cerah dan manisnya bunga jeruk dengan sentuhan musk raspberry yang playful dan elegan.","https://cariparfum.com/parfum/de-antoine-lumiere-du-soleil","","2026-10-06T13:25:18.614Z"
"De Antoine","Opaque Ash","Extrait de Parfum","530000","IDR","InStock","Pear | Grapefruit | Cardamom","Rose | Tobacco Leaves | Lily of the Valley","Cedarwood | Vanilla | Patchouli | Woody Ambery","Woody | Kering & Smoky","Misterius | Hangat | Tegas","Masculine","","Sore | Malam | ️ Dingin","https://mtdlhxbwblrxtzsdjlav.supabase.co/storage/v1/object/public/perfume-images/6479d40c-efc2-4d29-9a53-c94f0a3d3c85/tcgttam2mu1-de-antoine-opaque-ash.webp | https://mtdlhxbwblrxtzsdjlav.supabase.co/storage/v1/object/public/perfume-images/6479d40c-efc2-4d29-9a53-c94f0a3d3c85/tcgttawbjgs-de-antoine-opaque-ash.webp","https://s.shopee.co.id/W3qlLAaii","mandalika-forbidden-temptation | honino-romeo-roses | citizens-of-the-world-cafe-du-monde | mykonos-moroccan-vanilla | loco-scent-red-rhapsody","De Antoine Opaque Ash memadukan aroma woody, tembakau, dan vanilla dengan nuansa hangat yang misterius, cocok untuk malam-malam penuh kesan mendalam.","https://cariparfum.com/parfum/de-antoine-opaque-ash","","2026-10-06T13:25:57.226Z"
"De Antoine","Pao Throne","Extrait de Parfum","530000","IDR","InStock","Frozen Melon | Papaya | Kiwi","Jasmine | White Peach | Lily of the Valley","Amberwood | Musky | Sandalwood Cream","Fruity | Floral","Playful | Menyegarkan","Masculine","","️ Siang | Sore | ️ Panas | ️ Hujan","https://mtdlhxbwblrxtzsdjlav.supabase.co/storage/v1/object/public/perfume-images/0d9d8dcb-a3de-4584-927b-9f0d0adba249/tcgtzla98xt-de-antoine-pao-throne.webp | https://mtdlhxbwblrxtzsdjlav.supabase.co/storage/v1/object/public/perfume-images/0d9d8dcb-a3de-4584-927b-9f0d0adba249/tcgtzlb31fv-de-antoine-pao-throne.webp | https://mtdlhxbwblrxtzsdjlav.supabase.co/storage/v1/object/public/perfume-images/0d9d8dcb-a3de-4584-927b-9f0d0adba249/tcgtzl6j0d2-de-antoine-pao-throne.webp","https://s.shopee.co.id/8fPYUaCTtQ","reboura-flora-notes | kitraka-nebula-s-glow | honino-romeo-roses | evesol-jinggala | fordive-majestic","De Antoine Pao Throne menghadirkan kombinasi aroma buah segar dan floral lembut, dengan sentuhan musky creamy yang cocok untuk suasana santai di sore hari.","https://cariparfum.com/parfum/de-antoine-pao-throne","","2026-10-06T13:25:42.756Z"
"De Antoine","Petal Blanc","Extrait de Parfum","530000","IDR","InStock","Fresh Flowers | Frozen Musk","Skin Musk | Water Notes | Lily of the Valley | Orris","Sandalwood | Amber Musk | Lorenox","Floral Lembut | Powdery","Bersih | Ringan","Masculine","","Pagi | ️ Siang | Sore | ️ Panas | ️ Hujan","https://mtdlhxbwblrxtzsdjlav.supabase.co/storage/v1/object/public/perfume-images/3c9ae160-c4cd-4087-9b99-98a3cec0ae1e/tcgjhph4z5a-de-antoine-petal-blanc.webp | https://mtdlhxbwblrxtzsdjlav.supabase.co/storage/v1/object/public/perfume-images/3c9ae160-c4cd-4087-9b99-98a3cec0ae1e/tcgjhqmbmx5-de-antoine-petal-blanc.webp","https://s.shopee.co.id/6AiDVq9xa4","blackstag-pulse | citizens-of-the-world-sunset-picnic-in-honolulu | reboura-flora-notes | notts-reverie | scent-of-jarte-close-to-skin","De Antoine Petal Blanc memadukan nuansa fresh floral dengan sentuhan musk dingin yang airy, cocok untuk hari-hari tropis dan suasana clean elegan.","https://cariparfum.com/parfum/de-antoine-petal-blanc","","2026-10-06T13:25:38.134Z"
"De Antoine","Rosa Damascena","Eau de Parfum","405000","IDR","InStock","Bergamot | Mandarin","Damask Rose","Cedarwood | Damask Rose | Musk","Floral | Woody","Elegan | Bersih","Masculine","","Sore | Malam | ️ Panas | ️ Hujan","https://mtdlhxbwblrxtzsdjlav.supabase.co/storage/v1/object/public/perfume-images/19848bca-c26a-469c-bde7-cb0c8ee71ff9/tcgu0bxybbw-de-antoine-rosa-damascena.webp | https://mtdlhxbwblrxtzsdjlav.supabase.co/storage/v1/object/public/perfume-images/19848bca-c26a-469c-bde7-cb0c8ee71ff9/tcgu0c6l0zk-de-antoine-rosa-damascena.webp","https://s.shopee.co.id/8fPYUE1IJ6","honino-romeo-roses | loco-scent-red-rhapsody | mykonos-xoxo-rosy | layr-second-skin | gioia-fragrances-jenny","De Antoine Rosa Damascena menghadirkan aroma mawar segar dan cedar yang elegan, menciptakan kesan floral modern untuk momen spesial sore hingga malam hari.","https://cariparfum.com/parfum/de-antoine-rosa-damascena","","2026-10-06T13:25:28.917Z"
"De Antoine","Secret De Tilia","Extrait de Parfum","900000","IDR","InStock","Orange Blossom | Jasmine | Rose | Linden Blossom","Sandalwood | Peony | Vetiver","Rose | Heliotrope | Musk","Floral | Floral Lembut","Menenangkan | Elegan","Masculine","","Sore | Malam | ️ Panas | ️ Hujan","https://mtdlhxbwblrxtzsdjlav.supabase.co/storage/v1/object/public/perfume-images/d0ba4b39-5b9a-4c39-9fdf-c2a22ccf7eed/tcgu0dkdvko-de-antoine-secret-de-tilia.webp | https://mtdlhxbwblrxtzsdjlav.supabase.co/storage/v1/object/public/perfume-images/d0ba4b39-5b9a-4c39-9fdf-c2a22ccf7eed/tcgu0d8zvnn-de-antoine-secret-de-tilia.webp","https://s.shopee.co.id/1Lcxl2gMGT","de-antoine-de-tilia | honino-romeo-roses | loco-scent-red-rhapsody | scuse-me-to-be-a-wallflower | loco-scent-harvest-feast","De Antoine Secret De Tilia XDP: Jelajahi kelembutan bunga linden, melati, dan mawar dalam parfum feminin yang memikat dengan sentuhan woody yang hangat.","https://cariparfum.com/parfum/de-antoine-secret-de-tilia","","2026-10-06T13:26:32.176Z"
"De Antoine","Velvet Garden","Extrait de Parfum","530000","IDR","InStock","Bergamot | Fruity | Spicy","Violet | Jasmine | Lily of Valley | Freesia | Orchid | Orris","Cedarwood | Sandalwood | Ambergris | Vanilla | Tonka | Musk","Woody | Floral Lembut","Menenangkan | Elegan","Masculine","","Sore | Malam | ️ Dingin | ️ Hujan","https://mtdlhxbwblrxtzsdjlav.supabase.co/storage/v1/object/public/perfume-images/ea6e6c55-2f07-4573-a94c-c4afbee507c5/tcgttbdanv6-de-antoine-velvet-garden.webp | https://mtdlhxbwblrxtzsdjlav.supabase.co/storage/v1/object/public/perfume-images/ea6e6c55-2f07-4573-a94c-c4afbee507c5/tcgttcgdr3u-de-antoine-velvet-garden.webp","https://s.shopee.co.id/17aASL6ZM","evesol-jinggala | wonderlust-fragrance-philia | sighnil-cherry-on-date-night | layr-second-skin | hint-cotton","De Antoine Velvet Garden XDP: Perpaduan elegan floral lembut, woody menenangkan, dan sedikit sentuhan manis. Cocok untuk momen santai dan rileks.","https://cariparfum.com/parfum/de-antoine-velvet-garden","","2026-10-06T13:25:17.057Z"
"Die Without Smell","Soft Touch","Eau de Parfum","235000","IDR","InStock","Citrus | Fruity Note","Bergamot | Lemon | Orange | Fruity Note","Amber | Vanilla | Musk","Fruity | Gourmand","Playful | Nyaman","Masculine","","Pagi | ️ Siang | Sore | ️ Panas | ️ Hujan","https://mtdlhxbwblrxtzsdjlav.supabase.co/storage/v1/object/public/perfume-images/20123992-6ed1-4886-a9f3-0689f52fa440/t8ifefx3vce-die-without-smell-soft-touch.webp | https://mtdlhxbwblrxtzsdjlav.supabase.co/storage/v1/object/public/perfume-images/20123992-6ed1-4886-a9f3-0689f52fa440/t8ifegi8igd-die-without-smell-soft-touch.webp | https://mtdlhxbwblrxtzsdjlav.supabase.co/storage/v1/object/public/perfume-images/20123992-6ed1-4886-a9f3-0689f52fa440/t8ifehmme96-die-without-smell-soft-touch.webp","https://s.shopee.co.id/6AeiWFWexc","honino-romeo-roses | botanical-essentials-solace | ouru-warm-whiskey | layr-velvet-dream | vlagio-perfume-yang","Die Without Smell Soft Touch adalah parfum EdP bernuansa fruity citrus dan vanilla musk, segar di awal lalu hangat dan nyaman untuk aktivitas harian.","https://cariparfum.com/parfum/die-without-smell-soft-touch","","2026-10-06T13:26:20.549Z"
"Die Without Smell","Yes, Honey!","Eau de Parfum","235000","IDR","InStock","Citrus | Rose","Honey | Violet | Jasmine","Amber | Sandalwood | Musk","Floral | Amber","Hangat | Nyaman | Playful","Masculine","","Sore | Malam | ️ Hujan | ️ Dingin","https://mtdlhxbwblrxtzsdjlav.supabase.co/storage/v1/object/public/perfume-images/03b76ea2-facb-4b84-a219-94c29dc9991d/t8ifejrwf14-die-without-smell-yes-honey.webp | https://mtdlhxbwblrxtzsdjlav.supabase.co/storage/v1/object/public/perfume-images/03b76ea2-facb-4b84-a219-94c29dc9991d/t8ifejuhpr6-die-without-smell-yes-honey.webp | https://mtdlhxbwblrxtzsdjlav.supabase.co/storage/v1/object/public/perfume-images/03b76ea2-facb-4b84-a219-94c29dc9991d/t8ifekgrz0x-die-without-smell-yes-honey.webp","https://s.shopee.co.id/9pY0t0ffdK","honino-romeo-roses | loco-scent-red-rhapsody | mykonos-baby-love | world-of-make-scents-ermis-solid-perfume | mykonos-xoxo-rosy","Die Without Smell Yes, Honey! menghadirkan aroma floral-honey manis dan creamy, cocok untuk sore hingga malam santai atau momen hangat bersama orang spesial.","https://cariparfum.com/parfum/die-without-smell-yes-honey","","2026-10-06T13:24:59.899Z"
"Die Without Smell","You Name It","Eau de Parfum","235000","IDR","InStock","Pear | Peach | Passion Fruit","Strawberry | Raspberry | Peony | Blackcurrant | Freesia","Amber | Sandalwood | Vanilla | Tonka Bean | Musk","Fruity | Floral","Playful | Hangat","Masculine","","Sore | Malam | ️ Panas | ️ Hujan","https://mtdlhxbwblrxtzsdjlav.supabase.co/storage/v1/object/public/perfume-images/f658a6fd-fc7f-4602-a91d-dcca8d2055d2/t8ifemfvybq-die-without-smell-you-name-it.webp | https://mtdlhxbwblrxtzsdjlav.supabase.co/storage/v1/object/public/perfume-images/f658a6fd-fc7f-4602-a91d-dcca8d2055d2/t8ifemre3ps-die-without-smell-you-name-it.webp | https://mtdlhxbwblrxtzsdjlav.supabase.co/storage/v1/object/public/perfume-images/f658a6fd-fc7f-4602-a91d-dcca8d2055d2/t8ifen3b74k-die-without-smell-you-name-it.webp","https://s.shopee.co.id/9zrR5KnQoc","honino-romeo-roses | layr-velvet-dream | aoera-royale | world-of-make-scents-kiko-crumbs-solid-perfume | alt-perfumery-uptown","Die Without Smell You Name It adalah parfum fruity-floral dengan sentuhan hangat vanilla dan sandalwood, cocok untuk suasana santai di sore hingga malam hari.","https://cariparfum.com/parfum/die-without-smell-you-name-it","","2026-10-06T13:25:24.259Z"
"Diell Fragrance","Capri in Summer","Eau de Parfum","289000","IDR","InStock","Petitgrain | Cardamom | Lime","Green Tea | Coriander | Mate","Cedar | Rock Rose | White Musk","Sitrus Segar | Hijau Segar","Menyegarkan | Bersih","Masculine","","Pagi | ️ Siang | Sore | ️ Panas | ️ Hujan","https://mtdlhxbwblrxtzsdjlav.supabase.co/storage/v1/object/public/perfume-images/ac667aec-e2d8-4c3d-859d-5e612a8f43c1/t8if8jrs67j-diell-fragrance-capri-in-summer.webp | https://mtdlhxbwblrxtzsdjlav.supabase.co/storage/v1/object/public/perfume-images/ac667aec-e2d8-4c3d-859d-5e612a8f43c1/t8if8ktok10-diell-fragrance-capri-in-summer.webp | https://mtdlhxbwblrxtzsdjlav.supabase.co/storage/v1/object/public/perfume-images/ac667aec-e2d8-4c3d-859d-5e612a8f43c1/t8if8lw3un4-diell-fragrance-capri-in-summer.webp","https://s.shopee.co.id/3VdxLaNpP0","scentnario-hidden-haven | mine-perfumery-narcotique | sumu-genesis | altar-scents-solarium | house-of-dappers-tabac-van-java","Diell Fragrance Capri in Summer menawarkan aroma citrus green yang segar, bersih, dan energizing, cocok untuk hari-hari panas atau suasana santai di tepi.","https://cariparfum.com/parfum/diell-fragrance-capri-in-summer","","2026-10-06T13:25:10.713Z"
"Diell Fragrance","Caramella","Eau de Parfum","289000","IDR","InStock","Carnation | Jasmine","Sandalwood | Patchouli","Vanilla | Coffee | Caramel","Gourmand | Floral","Nyaman | Hangat","Masculine","","Sore | Malam | ️ Dingin","https://mtdlhxbwblrxtzsdjlav.supabase.co/storage/v1/object/public/perfume-images/06d2a94e-0826-4e87-8c36-b96eace7f2ca/t8if8s6p0a9-diell-fragrance-caramella.webp | https://mtdlhxbwblrxtzsdjlav.supabase.co/storage/v1/object/public/perfume-images/06d2a94e-0826-4e87-8c36-b96eace7f2ca/t8if8srjgi6-diell-fragrance-caramella.webp | https://mtdlhxbwblrxtzsdjlav.supabase.co/storage/v1/object/public/perfume-images/06d2a94e-0826-4e87-8c36-b96eace7f2ca/t8if8t2uiiu-diell-fragrance-caramella.webp","https://s.shopee.co.id/4LD4L67zvs","mykonos-black-opera | mykonos-caramel-fudge-cookie | mykonos-cafe-drops | reboura-flora-notes | hmns-o-hyper-bloom","Diell Fragrance Caramella adalah parfum gourmand floral dengan sentuhan caramel, kopi, dan vanilla, cocok untuk momen malam penuh kehangatan dan relaksasi.","https://cariparfum.com/parfum/diell-fragrance-caramella","","2026-10-06T13:25:45.277Z"
"Diell Fragrance","La La Lilac","Extrait de Parfum","289000","IDR","InStock","Pear | Lilac | Cream | Apple | Cherry","Honey | Tulip | Plum | Peony | Rose","Sandalwood | Violet | Musk","Floral | Fruity","Playful | Nyaman","Masculine","","Pagi | ️ Siang | Sore | ️ Panas | ️ Hujan","https://mtdlhxbwblrxtzsdjlav.supabase.co/storage/v1/object/public/perfume-images/303ad315-1c37-4bc8-97bb-4ba836d0ebdf/t8if9mo5w43-diell-fragrance-la-la-lilac.webp | https://mtdlhxbwblrxtzsdjlav.supabase.co/storage/v1/object/public/perfume-images/303ad315-1c37-4bc8-97bb-4ba836d0ebdf/t8if9mku4v8-diell-fragrance-la-la-lilac.webp | https://mtdlhxbwblrxtzsdjlav.supabase.co/storage/v1/object/public/perfume-images/303ad315-1c37-4bc8-97bb-4ba836d0ebdf/t8if9nvpku1-diell-fragrance-la-la-lilac.webp","https://s.shopee.co.id/9KbkIEr8an","mykonos-baby-love | loco-scent-red-rhapsody | honino-romeo-roses | scent-of-jarte-peony-noel | world-of-make-scents-ermis-solid-perfume","Diell Fragrance La La Lilac menghadirkan wangi lilac creamy yang playful dan lembut, sempurna untuk suasana santai di pagi dan sore hari di iklim tropis.","https://cariparfum.com/parfum/diell-fragrance-la-la-lilac","","2026-10-06T13:25:02.160Z"
"Diell Fragrance","Spring Memories","Eau de Parfum","289000","IDR","InStock","Violet Leaf","Heliotrope | Orris Root","Oak","Powdery | Floral","Elegan | Menenangkan","Masculine","","Sore | Malam | ️ Dingin | ️ Hujan","https://mtdlhxbwblrxtzsdjlav.supabase.co/storage/v1/object/public/perfume-images/d76ab134-61d7-413e-bf3f-e126616cc6ef/t8if8pd7am2-diell-fragrance-spring-memories.webp | https://mtdlhxbwblrxtzsdjlav.supabase.co/storage/v1/object/public/perfume-images/d76ab134-61d7-413e-bf3f-e126616cc6ef/t8if8qelo16-diell-fragrance-spring-memories.webp | https://mtdlhxbwblrxtzsdjlav.supabase.co/storage/v1/object/public/perfume-images/d76ab134-61d7-413e-bf3f-e126616cc6ef/t8if8qavu2g-diell-fragrance-spring-memories.webp","https://s.shopee.co.id/806Mht1Q8X","laboratori-semplice-violet-leaf | citizens-of-the-world-omotesando | sonder-scents-213 | yn-perfumery-rose-in-september | avalanche-sunpetal","Diell Fragrance Spring Memories menghadirkan nuansa floral powdery yang lembut dan elegan, sempurna untuk hari-hari sejuk atau momen santai di musim hujan.","https://cariparfum.com/parfum/diell-fragrance-spring-memories","","2026-10-06T13:25:44.674Z"
"Diell Fragrance","Symphonia De Iris","Extrait de Parfum","289000","IDR","InStock","Iris","Sandalwood","Benzoin | Tonka Bean","Powdery | Woody","Elegan | Hangat","Masculine","","Sore | Malam | ️ Dingin | ️ Hujan","https://mtdlhxbwblrxtzsdjlav.supabase.co/storage/v1/object/public/perfume-images/cac59dbe-6662-40c1-948d-2febd85d3227/t8if8mx9gf7-diell-fragrance-symphonia-de-iris.webp | https://mtdlhxbwblrxtzsdjlav.supabase.co/storage/v1/object/public/perfume-images/cac59dbe-6662-40c1-948d-2febd85d3227/t8if8nub9r7-diell-fragrance-symphonia-de-iris.webp | https://mtdlhxbwblrxtzsdjlav.supabase.co/storage/v1/object/public/perfume-images/cac59dbe-6662-40c1-948d-2febd85d3227/t8if8npg7wd-diell-fragrance-symphonia-de-iris.webp","https://s.shopee.co.id/6Ky8iknrcZ","byfrags-pleasure-of-jo | speaks-to-me-at-the-speakeasy | laboratori-semplice-sandalwood | fordive-shelby | readyset-the-witch","Diell Fragrance Symphonia De Iris menghadirkan aroma iris yang elegan, sandalwood creamy, dan hangatnya tonka untuk suasana malam yang intim dan cozy.","https://cariparfum.com/parfum/diell-fragrance-symphonia-de-iris","","2026-10-06T13:26:10.419Z"
"Diell Fragrance","Urban Nomad","Eau de Parfum","339000","IDR","InStock","Ginger | Rose Petal | Sesame","White Orris | Urban Lily of the Valley | Ambrette | City Vibe","Sandalwood | Musky Cloud | Cashmere Wood","Floral | Woody","Bersih | Nyaman","Masculine","","Pagi | ️ Siang | Sore | ️ Panas | ️ Hujan","https://mtdlhxbwblrxtzsdjlav.supabase.co/storage/v1/object/public/perfume-images/fa310cb4-0277-49b6-9029-3903c812b395/t8if8go8kt8-diell-fragrance-urban-nomad.webp | https://mtdlhxbwblrxtzsdjlav.supabase.co/storage/v1/object/public/perfume-images/fa310cb4-0277-49b6-9029-3903c812b395/t8if8hkixsj-diell-fragrance-urban-nomad.webp | https://mtdlhxbwblrxtzsdjlav.supabase.co/storage/v1/object/public/perfume-images/fa310cb4-0277-49b6-9029-3903c812b395/t8if8h1fkt1-diell-fragrance-urban-nomad.webp","https://s.shopee.co.id/3qGnkDDpx5","loco-scent-red-rhapsody | honino-romeo-roses | mykonos-xoxo-rosy | de-antoine-secret-de-tilia | de-antoine-de-tilia","Diell Fragrance Urban Nomad menghadirkan nuansa floral woody modern, dengan sentuhan spicy dan creamy yang cocok untuk aktivitas sehari-hari di kota.","https://cariparfum.com/parfum/diell-fragrance-urban-nomad","","2026-10-06T13:26:05.927Z"
"Elaya","Beatitude","Eau de Parfum","278000","IDR","InStock","Mandarin | Mango | Cherry","Coconut Milk | Lily of the Valley | Heliotrope","Vanilla | Tonka Bean | Musk","Fruity | Gourmand","Playful | Nyaman","Masculine","","Sore | Malam | ️ Dingin | ️ Hujan","https://mtdlhxbwblrxtzsdjlav.supabase.co/storage/v1/object/public/perfume-images/5fed3ca2-336c-4f34-9b84-3da5d0497334/t8ifer6nuue-elaya-beatitude.webp | https://mtdlhxbwblrxtzsdjlav.supabase.co/storage/v1/object/public/perfume-images/5fed3ca2-336c-4f34-9b84-3da5d0497334/t8ifeswl1k1-elaya-beatitude.webp | https://mtdlhxbwblrxtzsdjlav.supabase.co/storage/v1/object/public/perfume-images/5fed3ca2-336c-4f34-9b84-3da5d0497334/t8ifesszjbr-elaya-beatitude.webp","https://s.shopee.co.id/4LD4OeOaLR","honino-romeo-roses | world-of-make-scents-kiko-crumbs-solid-perfume | speaks-to-me-the-elusive | evesol-jinggala | byfrags-pleasure-of-jo","Elaya Beatitude adalah parfum EdP dengan aroma fruity-floral creamy yang playful dan cozy, cocok untuk sore hingga malam hari di suasana hangout santai.","https://cariparfum.com/parfum/elaya-beatitude","","2026-10-06T13:24:49.558Z"
"Elaya","CHOOSE YOU","Eau de Parfum","378000","IDR","InStock","Patchouli | Juniper Berry","Patchouli | Geranium | Musk","Ozonic | Musk","Akuatik | Woody","Bersih | Ringan | Misterius","Masculine","","Sore | Malam | ️ Hujan | ️ Dingin","https://mtdlhxbwblrxtzsdjlav.supabase.co/storage/v1/object/public/perfume-images/967e373e-9160-4c33-ae29-b3d66e0e4917/t8iffneqrln-elaya-choose-you.webp | https://mtdlhxbwblrxtzsdjlav.supabase.co/storage/v1/object/public/perfume-images/967e373e-9160-4c33-ae29-b3d66e0e4917/t8iffo12r8x-elaya-choose-you.webp | https://mtdlhxbwblrxtzsdjlav.supabase.co/storage/v1/object/public/perfume-images/967e373e-9160-4c33-ae29-b3d66e0e4917/t8iffo1brh3-elaya-choose-you.webp | https://mtdlhxbwblrxtzsdjlav.supabase.co/storage/v1/object/public/perfume-images/967e373e-9160-4c33-ae29-b3d66e0e4917/t8iffp4d0wq-elaya-choose-you.webp","https://s.shopee.co.id/5fiRzBzy4m","honino-romeo-roses | botanical-essentials-sanctuary | world-of-make-scents-ermis-solid-perfume | de-antoine-golden-mirage | de-antoine-elysian-orchard","Elaya CHOOSE YOU adalah parfum EdP dengan aroma patchouli dan ozonic yang clean, cocok untuk kamu yang suka wangi airy tapi tetap punya karakter unik.","https://cariparfum.com/parfum/elaya-choose-you","","2026-10-06T13:24:48.606Z"
"Elaya","Glimmer","Eau de Parfum","288000","IDR","InStock","Pink Peppercorn | Lemon","Rose | Magnolia | Lily of the Valley | Orange Flower","Incense | Musk","Floral | Sitrus Segar","Bersih | Energik | Elegan","Masculine","","Pagi | ️ Siang | Sore | ️ Panas | ️ Hujan","https://mtdlhxbwblrxtzsdjlav.supabase.co/storage/v1/object/public/perfume-images/1cccbdd2-8bb9-4cda-87fc-7423119f7d05/t8iffld8erk-elaya-glimmer.webp | https://mtdlhxbwblrxtzsdjlav.supabase.co/storage/v1/object/public/perfume-images/1cccbdd2-8bb9-4cda-87fc-7423119f7d05/t8ifflg4l7q-elaya-glimmer.webp | https://mtdlhxbwblrxtzsdjlav.supabase.co/storage/v1/object/public/perfume-images/1cccbdd2-8bb9-4cda-87fc-7423119f7d05/t8iffmpg7z6-elaya-glimmer.webp | https://mtdlhxbwblrxtzsdjlav.supabase.co/storage/v1/object/public/perfume-images/1cccbdd2-8bb9-4cda-87fc-7423119f7d05/t8iffmrfoyq-elaya-glimmer.webp","https://s.shopee.co.id/806MlPwpFp","loco-scent-red-rhapsody | honino-romeo-roses | layr-empty-room | mykonos-xoxo-rosy | mykonos-moroccan-vanilla","Elaya Glimmer adalah Eau de Parfum floral citrus dengan sentuhan musk dan incense, menghadirkan kesan bersih, lembut, dan modern untuk suasana hangat.","https://cariparfum.com/parfum/elaya-glimmer","","2026-10-06T13:24:53.377Z"
"Elaya","Good Habit","Eau de Parfum","278000","IDR","InStock","Grapefruit | Lemon | Lime","Neroli | Tagete | Apple","Amber | Cedarwood | Musk","Sitrus Segar | Woody","Menyegarkan | Bersih","Masculine","","Pagi | ️ Siang | Sore | ️ Panas | ️ Hujan","https://mtdlhxbwblrxtzsdjlav.supabase.co/storage/v1/object/public/perfume-images/44e9b9d4-6a61-47de-8445-6329ac6b9479/t8iffjiocw9-elaya-good-habit.webp | https://mtdlhxbwblrxtzsdjlav.supabase.co/storage/v1/object/public/perfume-images/44e9b9d4-6a61-47de-8445-6329ac6b9479/t8iffje0ipr-elaya-good-habit.webp | https://mtdlhxbwblrxtzsdjlav.supabase.co/storage/v1/object/public/perfume-images/44e9b9d4-6a61-47de-8445-6329ac6b9479/t8iffjwtt4h-elaya-good-habit.webp","https://s.shopee.co.id/8KjDA14U8e","honino-romeo-roses | elvicto-old-money | botanical-essentials-where-it-begins | mandalika-icon | world-of-make-scents-ermis-solid-perfume","Elaya Good Habit adalah parfum citrus segar yang clean dan energizing, cocok dipakai harian di iklim panas Indonesia dan bikin suasana hati makin cerah.","https://cariparfum.com/parfum/elaya-good-habit","","2026-10-06T13:25:30.537Z"
"Elaya","Imperfection","Eau de Parfum","288000","IDR","InStock","Blackcurrant | Freesia","Orange Blossom | Jasmine | Caramel | Rose","Amber | Sandalwood | Vanilla","Floral | Gourmand","Nyaman | Playful","Masculine","","Sore | Malam | ️ Dingin | ️ Hujan","https://mtdlhxbwblrxtzsdjlav.supabase.co/storage/v1/object/public/perfume-images/8a67810f-e83f-42f2-bc9b-d28b36f4739b/t8iffgj91tc-elaya-imperfection.webp | https://mtdlhxbwblrxtzsdjlav.supabase.co/storage/v1/object/public/perfume-images/8a67810f-e83f-42f2-bc9b-d28b36f4739b/t8iffgc0pe1-elaya-imperfection.webp | https://mtdlhxbwblrxtzsdjlav.supabase.co/storage/v1/object/public/perfume-images/8a67810f-e83f-42f2-bc9b-d28b36f4739b/t8iffgx4on8-elaya-imperfection.webp | https://mtdlhxbwblrxtzsdjlav.supabase.co/storage/v1/object/public/perfume-images/8a67810f-e83f-42f2-bc9b-d28b36f4739b/t8iffhc0qz5-elaya-imperfection.webp","https://s.shopee.co.id/3LKXCr9J4e","honino-romeo-roses | loco-scent-red-rhapsody | mykonos-moroccan-vanilla | alt-perfumery-uptown | yn-perfumery-on-cloud-nine","Elaya Imperfection adalah parfum EdP floral gourmand dengan sentuhan vanilla dan caramel hangat, cocok untuk malam tropis, menciptakan nuansa cozy dan playful.","https://cariparfum.com/parfum/elaya-imperfection","","2026-10-06T13:24:54.074Z"
"Elaya","State of Grace","Eau de Parfum","288000","IDR","InStock","Cassis Bud | Lemon | Orange","Jasmine | Rose | Iris","Amber | Cedarwood | Vetiver","Sitrus Segar | Floral","Menyegarkan | Bersih","Masculine","","Pagi | ️ Siang | Sore | ️ Panas | ️ Hujan","https://mtdlhxbwblrxtzsdjlav.supabase.co/storage/v1/object/public/perfume-images/32185827-b7bd-4423-b941-e5a0e7400a34/t8ifep5wnyb-elaya-state-of-grace.webp | https://mtdlhxbwblrxtzsdjlav.supabase.co/storage/v1/object/public/perfume-images/32185827-b7bd-4423-b941-e5a0e7400a34/t8ifeprttns-elaya-state-of-grace.webp | https://mtdlhxbwblrxtzsdjlav.supabase.co/storage/v1/object/public/perfume-images/32185827-b7bd-4423-b941-e5a0e7400a34/t8ifeqrnab2-elaya-state-of-grace.webp","https://s.shopee.co.id/1qVjQ1UVj0","honino-romeo-roses | loco-scent-red-rhapsody | scentalgia-fragrance-raw-morning-09-00am | speaks-to-me-the-dreamer | vlagio-perfume-medina","Elaya State of Grace adalah parfum EdP segar dengan sentuhan citrus, floral, dan woody, menghadirkan nuansa ringan namun dewasa untuk gaya hidup aktif.","https://cariparfum.com/parfum/elaya-state-of-grace","","2026-10-06T13:25:50.485Z"
"Elvicto","10 PM","Extrait de Parfum","149000","IDR","InStock","Bergamot | Raspberry","Peach | Jasmine | White Floral Accord","Vanilla | Patchouli | Coffee | Maltol | Amber Dry Note","Fruity | Gourmand","Hangat | Nyaman | Playful","Masculine","","Malam | ️ Dingin","https://mtdlhxbwblrxtzsdjlav.supabase.co/storage/v1/object/public/perfume-images/b9cef14a-7bfb-40c3-843c-22758fe77eaa/t8k3uwfophl-brand-perfume.webp | https://mtdlhxbwblrxtzsdjlav.supabase.co/storage/v1/object/public/perfume-images/b9cef14a-7bfb-40c3-843c-22758fe77eaa/t8iffrk3m83-elvicto-10-00-pm.webp","https://s.shopee.co.id/W0Lplrq08","honino-romeo-roses | mykonos-black-opera | atsiri-1941 | hmns-o-hyper-bloom | ouru-warm-whiskey","Elvicto 10 PM adalah parfum gourmand fruity yang menghadirkan sensasi hangat, manis, dan playful, sempurna untuk malam santai atau momen intim penuh kehangatan.","https://cariparfum.com/parfum/elvicto-10-pm","","2026-10-06T13:26:29.569Z"
"Elvicto","BEACH CLUB","Extrait de Parfum","149000","IDR","InStock","Mandarin | Orange | Blackcurrant","Peach | White Flower | Coconut","Vanilla | Musk","Fruity | Gourmand","Playful | Nyaman","Masculine","","️ Siang | Sore | ️ Panas | ️ Hujan","https://mtdlhxbwblrxtzsdjlav.supabase.co/storage/v1/object/public/perfume-images/672a340e-6bfd-46f4-90d5-b1d1a166e18f/t8k41o3o1xh-brand-perfume.webp | https://mtdlhxbwblrxtzsdjlav.supabase.co/storage/v1/object/public/perfume-images/672a340e-6bfd-46f4-90d5-b1d1a166e18f/t8ifgmdkd3o-elvicto-beach-club.webp","https://s.shopee.co.id/5AmBOMld7C","honino-romeo-roses | merah-poetih-rayuan-pulau-kelapa | layr-velvet-dream | byfrags-numa | aoera-majestic","Elvicto BEACH CLUB adalah parfum fruity-creamy yang playful dengan sentuhan coconut dan vanilla, sempurna untuk suasana santai dan hangout di cuaca panas.","https://cariparfum.com/parfum/elvicto-beach-club","","2026-10-06T13:25:50.033Z"
"Elvicto","ESCOBAR","Extrait de Parfum","149000","IDR","InStock","Pear | Black Tea | Grapefruit","Fern | Pepper | Lavender","Precious Wood | Leather | Musk","Aromatik | Woody","Tegas | Misterius","Masculine","","Sore | Malam | ️ Dingin","https://mtdlhxbwblrxtzsdjlav.supabase.co/storage/v1/object/public/perfume-images/cbd6e9eb-9bb7-4994-bfaa-2c092b14b2f8/t8k3y9i7zgd-brand-perfume.webp","https://s.shopee.co.id/70DpZkR30E","reboura-ellinika-doors | scentnario-forbidden-bloom | mandalika-irresistible | mandalika-icon | world-of-make-scents-bliss-solid-perfume","Elvicto ESCOBAR adalah parfum XdP beraroma woody aromatic dengan sentuhan leather dan teh hitam, cocok untuk malam santai atau acara spesial.","https://cariparfum.com/parfum/elvicto-escobar","","2026-10-06T13:25:30.200Z"
"Elvicto","GOLDEN AGE","Extrait de Parfum","149000","IDR","InStock","Bergamot","Lavender | Neroli","Sandalwood | Cashmeran | Musk","Sitrus Segar | Woody","Energik | Menenangkan","Masculine","","Pagi | ️ Siang | Sore | ️ Panas | ️ Hujan","https://mtdlhxbwblrxtzsdjlav.supabase.co/storage/v1/object/public/perfume-images/73e333ef-8b25-49c9-b94d-ebb2b59fa7c9/t8ifgw7ac1s-elvicto-golden-age.webp | https://mtdlhxbwblrxtzsdjlav.supabase.co/storage/v1/object/public/perfume-images/73e333ef-8b25-49c9-b94d-ebb2b59fa7c9/t8ifgxyjcd6-elvicto-golden-age.webp","https://s.shopee.co.id/5L5baloD0k","scent-of-jarte-fragnos | oaken-lab-batavia-barber | royal-fragrance-symphony-of-yogyakarta | saudade-olfactory-bonsai-we-kept | sonder-scents-255","Elvicto GOLDEN AGE menghadirkan sensasi segar dan lembut, memadukan citrus, lavender, dan sandalwood untuk aroma menenangkan yang cocok di pagi hingga sore.","https://cariparfum.com/parfum/elvicto-golden-age","","2026-10-06T13:25:07.794Z"
"Elvicto","HALUU","Extrait de Parfum","149000","IDR","InStock","Bergamot | Fir | Nagarmotha | Saffron","Tagete | Oud | White Floral Accord","Caramel Cedar | Amber | Moss | Musk","Amber | Woody","Hangat | Misterius","Masculine","","Sore | Malam | ️ Dingin","https://mtdlhxbwblrxtzsdjlav.supabase.co/storage/v1/object/public/perfume-images/81329cdc-b4c1-4e2b-ab39-4db6159aed1b/t8k4h8ugn36-brand-perfume.webp | https://mtdlhxbwblrxtzsdjlav.supabase.co/storage/v1/object/public/perfume-images/81329cdc-b4c1-4e2b-ab39-4db6159aed1b/t8ifhmp2bbo-elvicto-haluu.webp","https://s.shopee.co.id/3LKXD1NYMl","gioia-fragrances-jenny | honino-romeo-roses | sonder-scents-255 | loco-scent-red-rhapsody | layr-second-skin","Elvicto HALUU menghadirkan aroma woody amber yang hangat dan misterius dengan sentuhan caramel dan oud, cocok untuk malam santai maupun momen spesial.","https://cariparfum.com/parfum/elvicto-haluu","","2026-10-06T13:25:47.577Z"
"Elvicto","HELIOS","Extrait de Parfum","149000","IDR","InStock","Cyclamen","Labdanum | Cistus","Cedarwood | Musky Note | Vanilla","Amber | Woody","Nyaman | Hangat","Masculine","","Sore | Malam | ️ Dingin | ️ Hujan","https://mtdlhxbwblrxtzsdjlav.supabase.co/storage/v1/object/public/perfume-images/cf4bd3a7-ca50-426e-9ae4-b5c7aeec62f5/t8k4ginvmpl-brand-perfume.webp | https://mtdlhxbwblrxtzsdjlav.supabase.co/storage/v1/object/public/perfume-images/cf4bd3a7-ca50-426e-9ae4-b5c7aeec62f5/t8ifhpa0yc0-elvicto-helios.webp","https://s.shopee.co.id/qdCERNJjO","honino-romeo-roses | mandalika-only-the-brave | layr-velvet-dream | sonder-scents-255 | evesol-jinggala","Elvicto HELIOS adalah parfum musky-woody dengan nuansa vanilla hangat yang cocok menemani malam-malam tenang Anda, menawarkan karakter cozy dan memikat.","https://cariparfum.com/parfum/elvicto-helios","","2026-10-06T13:24:57.156Z"
"Elvicto","LAS VEGAS","Extrait de Parfum","149000","IDR","InStock","Fig | Bergamot | Watery Note | Pepper | Grapefruit","Violet | Patchouli | Fennel | Geranium","Incense | Vetiver | Tonka Bean | Musk","Woody | Kering & Smoky","Misterius | Hangat","Masculine","","Sore | Malam | ️ Dingin | ️ Hujan","https://mtdlhxbwblrxtzsdjlav.supabase.co/storage/v1/object/public/perfume-images/7dcd551e-953f-4bb7-b2f5-c3200f3714a2/t9hai6-brand-perfume.webp","https://s.shopee.co.id/145F06KV0","world-of-make-scents-ermis-solid-perfume | project-1945-heiress-of-minahasa | botanical-essentials-after-hours | honino-romeo-roses | saudade-olfactory-unopened-letter","Elvicto LAS VEGAS adalah parfum XdP yang memadukan aroma fig segar, smoky incense, dan vetiver, menciptakan nuansa hangat dan misterius di malam tropis.","https://cariparfum.com/parfum/elvicto-las-vegas","","2026-10-06T13:25:33.776Z"
"Elvicto","OLD MONEY","Extrait de Parfum","149000","IDR","InStock","Bergamot | Grapefruit | Lemon | Orange | Aldehydic Note | Lime","Palmarosa | Litsea Cubeba | Ozone Note | Pine","Amber | Cedarwood | Balsamic Note | Musk","Sitrus Segar | Woody","Menyegarkan | Bersih | Hangat","Masculine","","Pagi | ️ Siang | Sore | ️ Panas | ️ Hujan","https://mtdlhxbwblrxtzsdjlav.supabase.co/storage/v1/object/public/perfume-images/bf0d2738-cf38-4877-a86e-e2a16f1a3527/t8k46ivb1gj-brand-perfume.jpg","https://s.shopee.co.id/AKUHXyl3y4","honino-romeo-roses | world-of-make-scents-ermis-solid-perfume | honor-perfume-denali | elaya-good-habit | loco-scent-into-the-waves","Elvicto OLD MONEY adalah parfum citrus woody dengan nuansa segar, clean, dan sedikit warm, cocok untuk aktivitas pagi hingga sore di cuaca panas Indonesia.","https://cariparfum.com/parfum/elvicto-old-money","","2026-10-06T13:25:26.399Z"
"Elvicto","SUIT & TIE","Extrait de Parfum","149000","IDR","InStock","Bergamot | Basil | Lemon","Orange Blossom | Lavender | Clary Sage","Cedarwood | Vanilla | Patchouli","Aromatik | Woody","Bersih | Energik | Hangat","Masculine","","Pagi | ️ Siang | Sore | ️ Panas","https://mtdlhxbwblrxtzsdjlav.supabase.co/storage/v1/object/public/perfume-images/ac87b849-06c0-43f7-b5de-c4d19d0b9566/t8k42iwg7v9-brand-perfume.webp | https://mtdlhxbwblrxtzsdjlav.supabase.co/storage/v1/object/public/perfume-images/ac87b849-06c0-43f7-b5de-c4d19d0b9566/t8ifgr6m54u-elvicto-suit-tie.webp","https://s.shopee.co.id/6VHYys5wlV","honor-perfume-crimson | saudade-olfactory-bonsai-we-kept | argve-ardour | house-of-dappers-9-to-5 | mandalika-irresistible","Elvicto SUIT & TIE memadukan kesegaran citrus dengan nuansa woody-vanilla yang elegan, cocok untuk pria aktif yang ingin tampil percaya diri dan profesional.","https://cariparfum.com/parfum/elvicto-suit-tie","","2026-10-06T13:26:13.914Z"
"Evesol","Arunika","Extrait de Parfum","269000","IDR","InStock","Grapefruit | Ambrette Seed","Sea Salt | Red Algae","Driftwood | Sage","Akuatik | Woody","Menyegarkan | Bersih","Masculine","","Pagi | ️ Siang | Sore | ️ Panas | ️ Hujan","https://mtdlhxbwblrxtzsdjlav.supabase.co/storage/v1/object/public/perfume-images/8371c9d9-a5ee-4f12-a120-08e128e889b3/t8ifhu7rfhz-evesol-arunika.webp | https://mtdlhxbwblrxtzsdjlav.supabase.co/storage/v1/object/public/perfume-images/8371c9d9-a5ee-4f12-a120-08e128e889b3/t8ifhu1m13n-evesol-arunika.webp | https://mtdlhxbwblrxtzsdjlav.supabase.co/storage/v1/object/public/perfume-images/8371c9d9-a5ee-4f12-a120-08e128e889b3/t8ifhuoqdtt-evesol-arunika.webp","https://s.shopee.co.id/60LIO6M5Y2","sianc-11-am | saka-perfumery-etherwave | ataraksia-semilir-bayang-mangata | astree-ocean-breeze | royal-fragrance-sage","Evesol Arunika adalah parfum fresh aquatic dengan nuansa laut dan kayu ringan yang cocok untuk aktivitas harian di iklim tropis. Segar, modern, dan clean.","https://cariparfum.com/parfum/evesol-arunika","","2026-10-06T13:26:26.942Z"
"Evesol","Jinggala","Extrait de Parfum","269000","IDR","InStock","Bergamot | Mandarin | Peach | Blackberry","Violet | Jasmine | Peony | Cyclamen | Freesia | Lily of the Valley | Ylang-Ylang | Geranium","Cedarwood | Sandalwood | Vanilla | Pink Pepper | Musk","Floral | Fruity","Playful | Hangat","Masculine","","Sore | Malam | ️ Panas | ️ Hujan","https://mtdlhxbwblrxtzsdjlav.supabase.co/storage/v1/object/public/perfume-images/9be37d7b-3831-439b-9493-885529c995f4/t8ifhxatx5d-evesol-jinggala.webp | https://mtdlhxbwblrxtzsdjlav.supabase.co/storage/v1/object/public/perfume-images/9be37d7b-3831-439b-9493-885529c995f4/t8ifhytr866-evesol-jinggala.webp | https://mtdlhxbwblrxtzsdjlav.supabase.co/storage/v1/object/public/perfume-images/9be37d7b-3831-439b-9493-885529c995f4/t8ifhybvwn1-evesol-jinggala.webp","https://s.shopee.co.id/7AXFmEaPEu","wonderlust-fragrance-philia | world-of-make-scents-ermis-solid-perfume | de-antoine-velvet-garden | argve-ardour | layr-second-skin","Evesol Jinggala adalah parfum floral fruity dengan sentuhan kayu lembut dan vanila, cocok untuk sore santai hingga malam di iklim tropis Indonesia.","https://cariparfum.com/parfum/evesol-jinggala","","2026-10-06T13:25:46.685Z"
"Evoste","Citrine Flame","Eau de Parfum","182000","IDR","InStock","Bergamot | Aromatic Notes | Apple","Cedarwood | Plum | Geranium","Ambery Notes | Chocolate | Woody Notes | Vetiver","Woody | Fruity","Hangat | Playful","Masculine","","Sore | Malam | ️ Dingin | ️ Hujan","https://mtdlhxbwblrxtzsdjlav.supabase.co/storage/v1/object/public/perfume-images/a7f34f45-fda3-4a69-9f52-f082ebe7cd92/tcgide74dh1-evoste-citrine-flame.webp | https://mtdlhxbwblrxtzsdjlav.supabase.co/storage/v1/object/public/perfume-images/a7f34f45-fda3-4a69-9f52-f082ebe7cd92/tcgidfoewvc-evoste-citrine-flame.webp","https://s.shopee.co.id/qf2lmesMe","honor-perfume-crimson | atsiri-beksan | alchemist-out-west | saudade-olfactory-hidden-shrine | kitraka-meridian","Evoste Citrine Flame menghadirkan perpaduan fruity-woody dengan sentuhan gourmand yang hangat, sempurna untuk sore atau malam santai di Indonesia.","https://cariparfum.com/parfum/evoste-citrine-flame","","2026-10-06T13:24:57.387Z"
"Evoste","Ivory Bloom","Eau de Parfum","182000","IDR","InStock","Bergamot | Rhubarb | Lychee | Saffron","Turkish Rose | Jasmine | Peony","Cedar | Cashmeran | Musk","Floral | Fruity","Elegan | Menyegarkan","Masculine","","Sore | Malam | ️ Panas | ️ Hujan","https://mtdlhxbwblrxtzsdjlav.supabase.co/storage/v1/object/public/perfume-images/10602984-7db8-4fc8-8f18-c5d7eec39d7a/tcgid22flds-evoste-ivory-bloom.webp | https://mtdlhxbwblrxtzsdjlav.supabase.co/storage/v1/object/public/perfume-images/10602984-7db8-4fc8-8f18-c5d7eec39d7a/tcgid3ents2-evoste-ivory-bloom.webp","https://s.shopee.co.id/3B2xY5I2uo","honino-romeo-roses | loco-scent-red-rhapsody | gioia-fragrances-jenny | maison-garnet-alhambra-rose | loco-scent-harvest-feast","Evoste Ivory Bloom adalah parfum floral fruity yang lembut, juicy, dan bersih, cocok untuk sore hingga malam hari di cuaca panas atau musim hujan Indonesia.","https://cariparfum.com/parfum/evoste-ivory-bloom","","2026-10-06T13:25:46.155Z"
"Evoste","Midnight Cherry","Eau de Parfum","182000","IDR","InStock","Black Cherry | Raspberry | Almond","Cinnamon | Jasmine | Rose","Amber | Vanilla | Tonka Bean | Musk","Amber | Fruity","Hangat | Playful | Sensual","Masculine","","Sore | Malam | ️ Dingin | ️ Hujan","https://mtdlhxbwblrxtzsdjlav.supabase.co/storage/v1/object/public/perfume-images/6bc560b5-df31-41e3-be27-03b97d460167/tcgidbuex8e-evoste-midnight-cherry.webp | https://mtdlhxbwblrxtzsdjlav.supabase.co/storage/v1/object/public/perfume-images/6bc560b5-df31-41e3-be27-03b97d460167/tcgidbh1lz0-evoste-midnight-cherry.webp","https://s.shopee.co.id/7AZ6JRpYiT","honino-romeo-roses | loco-scent-red-rhapsody | layr-velvet-dream | mykonos-dark-secret | mykonos-xoxo-rosy","Evoste Midnight Cherry adalah parfum EDP dengan aroma buah cherry gelap, vanilla, dan rempah hangat yang sensual, cocok untuk malam penuh kesan pribadi.","https://cariparfum.com/parfum/evoste-midnight-cherry","","2026-10-06T13:24:40.134Z"
"Evoste","Or Du Soir","Eau de Parfum","182000","IDR","InStock","Roasted Coffee | Black Pepper","Ice Cream | Caramel | Speculoos","Brown Sugar | Suede | Bourbon Vanilla","Gourmand | Amber","Hangat | Nyaman","Masculine","","Malam | ️ Dingin","https://mtdlhxbwblrxtzsdjlav.supabase.co/storage/v1/object/public/perfume-images/c30f8353-9677-413b-8263-18ff53e5f9de/tcgid8oy6xn-evoste-or-du-soir.webp | https://mtdlhxbwblrxtzsdjlav.supabase.co/storage/v1/object/public/perfume-images/c30f8353-9677-413b-8263-18ff53e5f9de/tcgid9xtsnk-evoste-or-du-soir.webp","https://s.shopee.co.id/8Kl3hXPqjY","mykonos-caramel-fudge-cookie | mykonos-vanilla-clouds | world-of-make-scents-kiko-crumbs-solid-perfume | maison-garnet-alhambra-rose | house-of-medici-shakespeare-elegiac","Evoste Or Du Soir adalah parfum EDP gourmand dengan aroma kopi panggang, caramel, dan vanilla bourbon, cocok untuk malam santai dan suasana intim.","https://cariparfum.com/parfum/evoste-or-du-soir","","2026-10-06T13:25:51.040Z"
"Evoste","Oud Legendaire","Eau de Parfum","182000","IDR","InStock","Bergamot | Passion Fruit | Fruity Accord","Woody Notes | Pineapple | Melon","Amber | Patchouli | Agarwood | Leather","Woody | Amber","Misterius | Sensual | Tegas","Masculine","","Malam | ️ Dingin","https://mtdlhxbwblrxtzsdjlav.supabase.co/storage/v1/object/public/perfume-images/0d7642c1-64f2-451e-a1de-290655746327/tcgid5o14sn-evoste-oud-legendaire.webp | https://mtdlhxbwblrxtzsdjlav.supabase.co/storage/v1/object/public/perfume-images/0d7642c1-64f2-451e-a1de-290655746327/tcgid6o360x-evoste-oud-legendaire.webp","https://s.shopee.co.id/W2CN9kfot","honino-romeo-roses | layr-kyoto-jazz | the-body-tale-juliette | honor-perfume-denali | tempt-miol-mor","Evoste Oud Legendaire adalah parfum malam bernuansa oud, leather, dan buah tropis, memberikan karakter sensual dan misterius untuk momen spesial.","https://cariparfum.com/parfum/evoste-oud-legendaire","","2026-10-06T13:25:35.614Z"
"FLNC","Luminaria","Extrait de Parfum","259000","IDR","InStock","Mandarin | Blackcurrant Berry | Orange","Strawberry | Rose","Amber | Cedarwood | Musk","Fruity | Floral","Playful | Hangat","Masculine","","️ Siang | Sore | Malam | ️ Panas | ️ Hujan","https://mtdlhxbwblrxtzsdjlav.supabase.co/storage/v1/object/public/perfume-images/015d7f6b-facc-43ba-89aa-114842ebd397/t8ifjxpds43-flnc-luminaria.webp | https://mtdlhxbwblrxtzsdjlav.supabase.co/storage/v1/object/public/perfume-images/015d7f6b-facc-43ba-89aa-114842ebd397/t8ifjyudwn6-flnc-luminaria.webp | https://mtdlhxbwblrxtzsdjlav.supabase.co/storage/v1/object/public/perfume-images/015d7f6b-facc-43ba-89aa-114842ebd397/t8ifjy853dw-flnc-luminaria.webp","https://s.shopee.co.id/9fEakywS1Z","honino-romeo-roses | loco-scent-red-rhapsody | mykonos-xoxo-rosy | de-antoine-rosa-damascena | layr-velvet-dream","FLNC Luminaria menghadirkan aroma fruity-floral yang segar dan hangat dengan sentuhan cedar dan amber, cocok untuk suasana hangout atau daily wear tropis.","https://cariparfum.com/parfum/flnc-luminaria","","2026-10-06T13:25:25.201Z"
"FLNC","Magnolia","Extrait de Parfum","289000","IDR","InStock","Mandarin | Lemon | Pineapple","Lily | Plum | Rose | Gardenia | Honeysuckle","Amber | Patchouli | Musk","Floral | Fruity","Menyegarkan | Elegan","Masculine","","️ Siang | Sore | ️ Panas | ️ Hujan","https://mtdlhxbwblrxtzsdjlav.supabase.co/storage/v1/object/public/perfume-images/f0b0a2cd-25fd-43f8-8523-84cacec86dca/t8ifju8d3oy-flnc-magnolia.webp | https://mtdlhxbwblrxtzsdjlav.supabase.co/storage/v1/object/public/perfume-images/f0b0a2cd-25fd-43f8-8523-84cacec86dca/t8ifjvqvdtw-flnc-magnolia.webp | https://mtdlhxbwblrxtzsdjlav.supabase.co/storage/v1/object/public/perfume-images/f0b0a2cd-25fd-43f8-8523-84cacec86dca/t8ifjvzy0dl-flnc-magnolia.webp","https://s.shopee.co.id/3VdxPXzSU6","honino-romeo-roses | loco-scent-red-rhapsody | mykonos-xoxo-rosy | mykonos-sparkling-rose | scentalgia-fragrance-raw-morning-09-00am","FLNC Magnolia adalah parfum floral-fresh dengan sentuhan fruity dan musk, cocok untuk kamu yang ingin tampil ringan dan feminin di sore hari tropis.","https://cariparfum.com/parfum/flnc-magnolia","","2026-10-06T13:26:06.929Z"
"FLNC","Theodore","Extrait de Parfum","289000","IDR","InStock","Pink Berry | Cinnamon | Lemon","Blond Wood | Tobacco | Cistus","Amber | Vetiver | Leather","Kering & Smoky | Amber","Hangat | Misterius | Tegas","Masculine","","Sore | Malam | ️ Dingin","https://mtdlhxbwblrxtzsdjlav.supabase.co/storage/v1/object/public/perfume-images/53ce25d0-4651-4c14-9ba0-625323cf0e97/t8ifjrkx68s-flnc-theodore.webp | https://mtdlhxbwblrxtzsdjlav.supabase.co/storage/v1/object/public/perfume-images/53ce25d0-4651-4c14-9ba0-625323cf0e97/t8ifjr5tlsm-flnc-theodore.webp | https://mtdlhxbwblrxtzsdjlav.supabase.co/storage/v1/object/public/perfume-images/53ce25d0-4651-4c14-9ba0-625323cf0e97/t8ifjssgjri-flnc-theodore.webp | https://mtdlhxbwblrxtzsdjlav.supabase.co/storage/v1/object/public/perfume-images/53ce25d0-4651-4c14-9ba0-625323cf0e97/t8ifjscztps-flnc-theodore.webp","https://s.shopee.co.id/5fiRzXv02X","whspr-ode-to-revenge | honino-romeo-roses | loco-scent-smoke-on-top | alt-perfumery-baron | scentalgia-fragrance-raw-morning-09-00am","FLNC Theodore menghadirkan sensasi hangat kulit, tembakau, dan amber yang elegan, cocok untuk malam-malam spesial atau waktu bersantai penuh karakter.","https://cariparfum.com/parfum/flnc-theodore","","2026-10-06T13:24:50.898Z"
"Fordive","1970","Eau de Parfum","298000","IDR","InStock","Violet | Pink Pepper | Grapefruit | Juniper","Vanilla | Cinnamon | Sage","Amber | Oak | Toffee | Tonka Bean","Amber | Gourmand","Hangat | Nyaman | Sensual","Masculine","","Sore | Malam | ️ Dingin","https://mtdlhxbwblrxtzsdjlav.supabase.co/storage/v1/object/public/perfume-images/985631e5-2d4d-49e6-9274-2a845c7a8464/t8if9suiopx-fordive-1970.webp | https://mtdlhxbwblrxtzsdjlav.supabase.co/storage/v1/object/public/perfume-images/985631e5-2d4d-49e6-9274-2a845c7a8464/t8if9ss0739-fordive-1970.webp | https://mtdlhxbwblrxtzsdjlav.supabase.co/storage/v1/object/public/perfume-images/985631e5-2d4d-49e6-9274-2a845c7a8464/t8if9tsv6dc-fordive-1970.webp","https://s.shopee.co.id/5fiRzlXso5","honino-romeo-roses | sonder-scents-255 | wonderlust-fragrance-philia | world-of-make-scents-glory | world-of-make-scents-glory-solid-perfume","Fordive 1970 adalah parfum EdP dengan karakter gourmand-amber, aroma manis hangat yang cocok untuk malam santai di cuaca sejuk, terasa cozy dan memikat.","https://cariparfum.com/parfum/fordive-1970","","2026-10-06T13:26:02.284Z"
"Fordive","Atlantis","Eau de Parfum","263000","IDR","InStock","Sea Salt | Grapefruit | Blackcurrant","Jasmine | Lily of the Valley | Pine","Praline | Amber","Akuatik | Floral","Menyegarkan | Menenangkan","Masculine","","Pagi | ️ Siang | Sore | ️ Panas | ️ Hujan","https://mtdlhxbwblrxtzsdjlav.supabase.co/storage/v1/object/public/perfume-images/59689353-cb60-4f5a-81b7-d87d67b76ed4/t8if9ojn55g-fordive-atlantis.webp | https://mtdlhxbwblrxtzsdjlav.supabase.co/storage/v1/object/public/perfume-images/59689353-cb60-4f5a-81b7-d87d67b76ed4/t8if9pw22uz-fordive-atlantis.webp | https://mtdlhxbwblrxtzsdjlav.supabase.co/storage/v1/object/public/perfume-images/59689353-cb60-4f5a-81b7-d87d67b76ed4/t8if9qllf6d-fordive-atlantis.webp","https://s.shopee.co.id/8KjDAhDqhP","mandalika-forbidden-temptation | honino-romeo-roses | fordive-shelby | citizens-of-the-world-malaga | mykonos-reflection","Fordive Atlantis adalah parfum EdP segar dengan sentuhan citrus, aquatic, dan floral, cocok untuk kamu yang suka aroma bersih namun tetap hangat.","https://cariparfum.com/parfum/fordive-atlantis","","2026-10-06T13:25:59.376Z"
"Fordive","Garden Breeze","Eau de Parfum","268000","IDR","InStock","Green Tea Flower | Peony | Apple","Garden Rose | Honeysuckle | Ylang-Ylang","Pink Pepper | White Musk | Gardenia","Hijau Segar | Floral","Bersih | Ringan","Masculine","","Pagi | ️ Siang | Sore | ️ Panas | ️ Hujan","https://mtdlhxbwblrxtzsdjlav.supabase.co/storage/v1/object/public/perfume-images/6dd0554d-8b0a-40c0-996d-926fdc332c20/t8ifdpptqzt-fordive-garden-breeze.webp | https://mtdlhxbwblrxtzsdjlav.supabase.co/storage/v1/object/public/perfume-images/6dd0554d-8b0a-40c0-996d-926fdc332c20/t8ifdqulnnn-fordive-garden-breeze.webp | https://mtdlhxbwblrxtzsdjlav.supabase.co/storage/v1/object/public/perfume-images/6dd0554d-8b0a-40c0-996d-926fdc332c20/t8ifdr4btrn-fordive-garden-breeze.webp","https://s.shopee.co.id/8zyty52s7e","mykonos-xoxo-rosy | loco-scent-red-rhapsody | honino-romeo-roses | mine-perfumery-floraison | mykonos-moroccan-vanilla","Fordive Garden Breeze adalah Eau de Parfum dengan sentuhan green tea, peony, dan white musk yang segar, clean, dan feminin. Cocok untuk suasana pagi hari.","https://cariparfum.com/parfum/fordive-garden-breeze","","2026-10-06T13:25:21.569Z"
"Fordive","Majestic","Eau de Parfum","299000","IDR","InStock","Durian | Bergamot | Pear | Cardamom","Wisteria | Jasmine | Caramel | Lily of the Valley","Sandalwood | Vanilla | Musk","Gourmand | Fruity","Nyaman | Playful","Masculine","","Sore | Malam | ️ Dingin | ️ Hujan","https://mtdlhxbwblrxtzsdjlav.supabase.co/storage/v1/object/public/perfume-images/6b3c17c5-c258-4bc2-a0fc-7665bef2faf0/t8ifdm4wclz-fordive-majestic-fordive.webp | https://mtdlhxbwblrxtzsdjlav.supabase.co/storage/v1/object/public/perfume-images/6b3c17c5-c258-4bc2-a0fc-7665bef2faf0/t8ifdmk6u2h-fordive-majestic-fordive.webp | https://mtdlhxbwblrxtzsdjlav.supabase.co/storage/v1/object/public/perfume-images/6b3c17c5-c258-4bc2-a0fc-7665bef2faf0/t8ifdn9qwki-fordive-majestic-fordive.webp","https://s.shopee.co.id/9pY0xaMmTJ","layr-kyoto-jazz | reboura-flora-notes | world-of-make-scents-kiko-crumbs-solid-perfume | honino-romeo-roses | evesol-jinggala","Fordive Majestic adalah parfum gourmand fruity dengan sentuhan floral dan musk, cocok untuk malam santai atau momen hangat di ruangan ber-AC.","https://cariparfum.com/parfum/fordive-majestic","","2026-10-06T13:24:55.556Z"
"Fordive","Miracle in Scent (MIS)","Extrait de Parfum","271000","IDR","InStock","Pink Pepper | English Rose | Violet Leaf","Raspberry | Nutmeg | Orchid","Ink | Leather | Tonka Bean | Musk","Floral | Kering & Smoky","Misterius | Hangat","Masculine","","Malam | ️ Dingin | ️ Hujan","https://mtdlhxbwblrxtzsdjlav.supabase.co/storage/v1/object/public/perfume-images/37556da8-28fd-40c6-bbd2-f51e6ac16b4b/t8if9ytugj7-fordive-miracle-in-scent-mis.webp | https://mtdlhxbwblrxtzsdjlav.supabase.co/storage/v1/object/public/perfume-images/37556da8-28fd-40c6-bbd2-f51e6ac16b4b/t8if9z6bybw-fordive-miracle-in-scent-mis.webp | https://mtdlhxbwblrxtzsdjlav.supabase.co/storage/v1/object/public/perfume-images/37556da8-28fd-40c6-bbd2-f51e6ac16b4b/t8if9z24kj4-fordive-miracle-in-scent-mis.webp","https://s.shopee.co.id/AUnhkjnchs","loco-scent-red-rhapsody | honino-romeo-roses | mykonos-xoxo-rosy | avalanche-cosmic-pull | evoste-midnight-cherry","Fordive Miracle in Scent (MIS) menawarkan aroma floral-leather yang unik dan misterius, cocok untuk malam sejuk atau hujan, menghadirkan nuansa hangat.","https://cariparfum.com/parfum/fordive-miracle-in-scent-mis","","2026-10-06T13:26:06.902Z"
"Fordive","Revolt","Eau de Parfum","298000","IDR","InStock","Green Tea | Orange | Sage","White Lotus | Vetiver | Moss","Amber | Guaiac Wood | Geranium","Hijau Segar | Woody","Menyegarkan | Earthy","Masculine","","Pagi | ️ Siang | Sore | ️ Panas | ️ Hujan","https://mtdlhxbwblrxtzsdjlav.supabase.co/storage/v1/object/public/perfume-images/e005bb78-60ff-40e4-83f3-1d0dd8fcc157/t9fn1q5t3zb-fordive-revolt.webp | https://mtdlhxbwblrxtzsdjlav.supabase.co/storage/v1/object/public/perfume-images/e005bb78-60ff-40e4-83f3-1d0dd8fcc157/t9fn1qwlg4p-fordive-revolt.webp","https://s.shopee.co.id/50TTn4lbnd","voie-rain-reverie | honino-romeo-roses | mykonos-sparkling-rose | loco-scent-smoke-on-top | layr-get-naked","Fordive Revolt adalah parfum EDP yang memadukan aroma green tea, vetiver, dan kayu, menciptakan sensasi segar dan earthy untuk hari-hari aktif di cuaca tropis.","https://cariparfum.com/parfum/fordive-revolt","","2026-10-06T13:26:01.892Z"
"Fordive","Royal","Eau de Parfum","298000","IDR","InStock","Pineapple | Mint","Jasmine | Cumin | Incense","Amber | Caramel | Tobacco","Amber | Kering & Smoky","Hangat | Misterius","Masculine","","Malam | ️ Dingin","https://mtdlhxbwblrxtzsdjlav.supabase.co/storage/v1/object/public/perfume-images/69a50522-da58-4439-a437-cc593520ed12/t8if9vxpl25-fordive-royal.webp | https://mtdlhxbwblrxtzsdjlav.supabase.co/storage/v1/object/public/perfume-images/69a50522-da58-4439-a437-cc593520ed12/t8if9v0hubn-fordive-royal.webp | https://mtdlhxbwblrxtzsdjlav.supabase.co/storage/v1/object/public/perfume-images/69a50522-da58-4439-a437-cc593520ed12/t8if9v40w7z-fordive-royal.webp","https://s.shopee.co.id/2B8ZpNNzrV","hmns-o-hyper-bloom | honino-romeo-roses | honor-perfume-denali | loco-scent-smoke-on-top | loco-scent-into-the-waves","Fordive Royal adalah parfum EdP yang memadukan nuansa smoky, caramel, dan mint, cocok untuk malam sejuk dengan karakter misterius dan warm.","https://cariparfum.com/parfum/fordive-royal","","2026-10-06T13:26:03.303Z"
"Fordive","Shelby","Eau de Parfum","298000","IDR","InStock","Quince | Grapefruit | Sage","Sandalwood | Lily of the Valley | Iris","Amber | Sandalwood | Pine","Aromatik | Floral","Menenangkan | Bersih","Masculine","","Pagi | ️ Siang | Sore | ️ Panas | ️ Hujan","https://mtdlhxbwblrxtzsdjlav.supabase.co/storage/v1/object/public/perfume-images/694d0fc5-9e91-4542-a9d7-2fff675b7630/t8ifdcl9yt2-fordive-shelby.webp | https://mtdlhxbwblrxtzsdjlav.supabase.co/storage/v1/object/public/perfume-images/694d0fc5-9e91-4542-a9d7-2fff675b7630/t8ifddw7162-fordive-shelby.webp | https://mtdlhxbwblrxtzsdjlav.supabase.co/storage/v1/object/public/perfume-images/694d0fc5-9e91-4542-a9d7-2fff675b7630/t8ifdddlact-fordive-shelby.webp","https://s.shopee.co.id/W0LqKL8dM","honino-romeo-roses | layr-kyoto-jazz | fordive-atlantis | loco-scent-into-the-waves | afternotes-pomelo","Fordive Shelby adalah parfum yang memadukan kesegaran sage dan grapefruit dengan floral dan sandalwood, menghadirkan aroma clean yang menenangkan.","https://cariparfum.com/parfum/fordive-shelby","","2026-10-06T13:25:52.648Z"
"Fordive","Utopia","Eau de Parfum","268000","IDR","InStock","Rhubarb | Grapefruit","Vanilla | Cinnamon | Cherry","Amber | Virginia Cedarwood | Cashmere Wood","Fruity | Amber","Playful | Hangat","Masculine","","Sore | Malam | ️ Dingin | ️ Hujan","https://mtdlhxbwblrxtzsdjlav.supabase.co/storage/v1/object/public/perfume-images/65718c88-92b7-4615-9192-67bf4f8ae605/t8ifdfers3i-fordive-utopia-fordive.webp | https://mtdlhxbwblrxtzsdjlav.supabase.co/storage/v1/object/public/perfume-images/65718c88-92b7-4615-9192-67bf4f8ae605/t8ifdghata0-fordive-utopia-fordive.webp | https://mtdlhxbwblrxtzsdjlav.supabase.co/storage/v1/object/public/perfume-images/65718c88-92b7-4615-9192-67bf4f8ae605/t8ifdg8t02t-fordive-utopia-fordive.webp","https://s.shopee.co.id/1gCJEUC6E5","honino-romeo-roses | sonder-scents-255 | avalanche-blooming-desert | wonderlust-fragrance-philia | mandalika-forbidden-temptation","Fordive Utopia adalah parfum EdP yang menawarkan aroma buah manis segar dengan sentuhan vanilla, amber, dan kayu, cocok untuk sore hingga malam di suasana.","https://cariparfum.com/parfum/fordive-utopia","","2026-10-06T13:24:48.866Z"
"Forsol","Bleached Aura","Special","375000","IDR","InStock","Aldehyde | Transparent Floral","Bleached Cashmere | Akigalawood","White Amber | Luminous Musk | Kyara Incense","Floral Lembut | Amber Lembut","Bersih | Ringan | Menenangkan","Masculine","","️ Siang | Sore | Malam | ️ Panas | ️ Hujan | ️ Dingin","https://mtdlhxbwblrxtzsdjlav.supabase.co/storage/v1/object/public/perfume-images/7b5eeeb0-3a66-4a18-821c-16572d6b5a0d/t8aul28ows6-forsol-bleached-aura.webp | https://mtdlhxbwblrxtzsdjlav.supabase.co/storage/v1/object/public/perfume-images/7b5eeeb0-3a66-4a18-821c-16572d6b5a0d/t8aul3wwnt2-forsol-bleached-aura.webp | https://mtdlhxbwblrxtzsdjlav.supabase.co/storage/v1/object/public/perfume-images/7b5eeeb0-3a66-4a18-821c-16572d6b5a0d/t8aul3hauqd-forsol-bleached-aura.webp","https://s.shopee.co.id/1qVkhQZMV0","honino-romeo-roses | scentalgia-fragrance-yuzu-shochu | botanical-essentials-where-it-begins | ouru-warm-whiskey | compounded-by-eloise","Forsol Bleached Aura menghadirkan nuansa floral-musky yang bersih dan airy dengan sentuhan cashmere dan amber lembut, cocok untuk suasana sejuk dan santai.","https://cariparfum.com/parfum/forsol-bleached-aura","","2026-10-06T13:24:43.514Z"
"Forsol","Charmomile","Eau de Parfum","245000","IDR","InStock","Chamomile | Clary Sage","Water | Cypriol","Amber | Blond Wood | Musk","Aromatik | Amber","Menenangkan | Hangat","Masculine","","Sore | Malam | ️ Panas | ️ Hujan","https://mtdlhxbwblrxtzsdjlav.supabase.co/storage/v1/object/public/perfume-images/494cbf91-00bb-4c78-abb2-f996d706acbe/t8aulcdh9wq-forsol-charmomile.webp | https://mtdlhxbwblrxtzsdjlav.supabase.co/storage/v1/object/public/perfume-images/494cbf91-00bb-4c78-abb2-f996d706acbe/t8auldowfi6-forsol-charmomile.webp | https://mtdlhxbwblrxtzsdjlav.supabase.co/storage/v1/object/public/perfume-images/494cbf91-00bb-4c78-abb2-f996d706acbe/t8aulep3gro-forsol-charmomile.webp","https://s.shopee.co.id/2B8b5vsaX0","scents-of-pluto-the-vanity-room | honino-romeo-roses | satellite-of-glow-kapadokya-mistik | botanical-essentials-summer-fling | botanical-essentials-sanctuary","Forsol Charmomile adalah Eau de Parfum yang memadukan chamomile, clary sage, dan kayu terang, menciptakan nuansa herbal-warm yang menenangkan dan segar.","https://cariparfum.com/parfum/forsol-charmomile","","2026-10-06T13:25:40.092Z"
"Forsol","Cowbois","Eau de Parfum","259000","IDR","InStock","Thyme | Sage Brush | Starfruit | Basil","Walnut | Jasmine | Hyacinth | Lily of the Valley | Leather","Amber | Palo Santo | Oakmoss | Patchouli | Red Oak","Woody | Aromatik","Earthy | Tegas","Masculine","","Sore | Malam | ️ Dingin | ️ Hujan","https://mtdlhxbwblrxtzsdjlav.supabase.co/storage/v1/object/public/perfume-images/29487bf3-00bf-472c-99e7-fcaf9d29470f/t8aulzzi8s3-forsol-cowbois.webp | https://mtdlhxbwblrxtzsdjlav.supabase.co/storage/v1/object/public/perfume-images/29487bf3-00bf-472c-99e7-fcaf9d29470f/t8aum0oro6m-forsol-cowbois.webp | https://mtdlhxbwblrxtzsdjlav.supabase.co/storage/v1/object/public/perfume-images/29487bf3-00bf-472c-99e7-fcaf9d29470f/t8aum0vcqw8-forsol-cowbois.webp","https://s.shopee.co.id/3qGp58e8hY","compounded-by-london | honino-romeo-roses | reboura-majestic-night | world-of-make-scents-ermis-solid-perfume | house-of-medici-baldassare-sprezzatura","Forsol Cowbois adalah parfum EdP dengan aroma herbal, kayu, dan kulit yang maskulin rustic, cocok untuk malam santai dan suasana penuh karakter.","https://cariparfum.com/parfum/forsol-cowbois","","2026-10-06T13:24:55.870Z"
"Forsol","Green Scene","Eau de Parfum","249000","IDR","InStock","White Champagne","Fig | Black Tea | Bitter Orange","Cedarwood | Soft Vetiver","Hijau Segar | Woody","Menyegarkan | Menenangkan","Masculine","","Pagi | ️ Siang | Sore | ️ Panas | ️ Hujan","https://mtdlhxbwblrxtzsdjlav.supabase.co/storage/v1/object/public/perfume-images/dec6a549-f2de-45f8-9d93-4424e749d3bf/t8aul6o2snn-forsol-green-scene.webp | https://mtdlhxbwblrxtzsdjlav.supabase.co/storage/v1/object/public/perfume-images/dec6a549-f2de-45f8-9d93-4424e749d3bf/t8aul67nvs8-forsol-green-scene.webp | https://mtdlhxbwblrxtzsdjlav.supabase.co/storage/v1/object/public/perfume-images/dec6a549-f2de-45f8-9d93-4424e749d3bf/t8aul7f8e0z-forsol-green-scene.webp","https://s.shopee.co.id/4fpw4UAc1l","house-of-dappers-poetjoek-malam | mykonos-down-to-earth | mykonos-sansa | saudade-olfactory-hidden-shrine | kitraka-meridian","Forsol Green Scene adalah parfum fresh green dengan sentuhan black tea, fig, dan cedarwood, cocok untuk suasana santai di sore tropis yang sejuk.","https://cariparfum.com/parfum/forsol-green-scene","","2026-10-06T13:26:33.479Z"
"Forsol","Magnetic","Eau de Parfum","249000","IDR","InStock","Eucalyptus | Green Apple | Dew","Mimosa | White Tulip | Marine Note","Sandalwood | White Musk | Vetiver | Coconut","Akuatik | Floral","Menyegarkan | Bersih","Masculine","","Pagi | ️ Siang | Sore | ️ Panas | ️ Hujan","https://mtdlhxbwblrxtzsdjlav.supabase.co/storage/v1/object/public/perfume-images/7a885fc6-0fbf-46ab-b228-2f388962a3c3/t8aukyrdd27-forsol-magnetic.webp | https://mtdlhxbwblrxtzsdjlav.supabase.co/storage/v1/object/public/perfume-images/7a885fc6-0fbf-46ab-b228-2f388962a3c3/t8aukz17f1y-forsol-magnetic.webp | https://mtdlhxbwblrxtzsdjlav.supabase.co/storage/v1/object/public/perfume-images/7a885fc6-0fbf-46ab-b228-2f388962a3c3/t8aul0ruzvx-forsol-magnetic.webp","https://s.shopee.co.id/W0N6tbN1W","scent-of-jarte-tulip-valley | mine-perfumery-ethereal-thermal | saka-perfumery-etherwave | laboratori-semplice-mimosa | laboratori-semplice-sandalwood","Forsol Magnetic menghadirkan sensasi segar dan bersih, dengan sentuhan floral aquatic serta creamy sandalwood, cocok dipakai di pagi dan siang Indonesia.","https://cariparfum.com/parfum/forsol-magnetic","","2026-10-06T13:24:55.791Z"
"Forsol","Rose Pepper Scissors","Eau de Parfum","249000","IDR","InStock","Turkish Rose | Pink Pepper","Raspberry Blossom | Rose","Amber | Papyrus","Floral | Amber","Elegan | Hangat","Masculine","","Sore | Malam | ️ Dingin | ️ Hujan","https://mtdlhxbwblrxtzsdjlav.supabase.co/storage/v1/object/public/perfume-images/0f9c845e-c936-487b-93a6-ecd66689dee7/t8aul978abr-forsol-rose-pepper-scissors.webp | https://mtdlhxbwblrxtzsdjlav.supabase.co/storage/v1/object/public/perfume-images/0f9c845e-c936-487b-93a6-ecd66689dee7/t8aul908hyp-forsol-rose-pepper-scissors.webp | https://mtdlhxbwblrxtzsdjlav.supabase.co/storage/v1/object/public/perfume-images/0f9c845e-c936-487b-93a6-ecd66689dee7/t8aulaoq78j-forsol-rose-pepper-scissors.webp","https://s.shopee.co.id/40aFHQDAPp","honino-romeo-roses | mykonos-xoxo-rosy | loco-scent-red-rhapsody | tempt-chleon | scentalgia-fragrance-raw-morning-09-00am","Forsol Rose Pepper Scissors adalah Eau de Parfum floral spicy dengan sentuhan amber, mawar Turki, dan pink pepper untuk suasana sore dan malam penuh karakter.","https://cariparfum.com/parfum/forsol-rose-pepper-scissors","","2026-10-06T13:25:41.497Z"
"Forsol","Sentimetal","Eau de Parfum","279000","IDR","InStock","Cypress Leaf | Sage","Cold Metal | Jasmine | Juniper Berry | Tonka Bean","Powdery Note | White Musk | Burnt Wood","Woody | Kering & Smoky","Misterius | Sejuk | Tegas","Masculine","","Sore | Malam | ️ Dingin | ️ Hujan","https://mtdlhxbwblrxtzsdjlav.supabase.co/storage/v1/object/public/perfume-images/ab07eff4-a6a0-4415-bf18-ce8b7e825be0/t8aulusuxso-forsol-sentimetal.webp | https://mtdlhxbwblrxtzsdjlav.supabase.co/storage/v1/object/public/perfume-images/ab07eff4-a6a0-4415-bf18-ce8b7e825be0/t8aulvr35w9-forsol-sentimetal.webp | https://mtdlhxbwblrxtzsdjlav.supabase.co/storage/v1/object/public/perfume-images/ab07eff4-a6a0-4415-bf18-ce8b7e825be0/t8aulwh65eg-forsol-sentimetal.webp","https://s.shopee.co.id/7KqhFTxUFM","mykonos-pink-beach | world-of-make-scents-nostalgic | world-of-make-scents-nostalgic-solid-perfume | laboratori-semplice-jasmine | unke-naru-tesso-nilo","Forsol Sentimetal adalah parfum EdP dengan sentuhan kayu terbakar dan logam dingin, memadukan aroma maskulin-urban untuk malam dan cuaca sejuk.","https://cariparfum.com/parfum/forsol-sentimetal","","2026-10-06T13:25:01.224Z"
"Forsol","Supernatural","Special","375000","IDR","InStock","Red Mandarin | Yellow Elemi Resin","Blue Incense | Green Vetiver","Violet Iris | White Amber","Powdery | Amber","Elegan | Misterius","Masculine","","Sore | Malam | ️ Dingin | ️ Hujan","https://mtdlhxbwblrxtzsdjlav.supabase.co/storage/v1/object/public/perfume-images/b0e8a833-c6a3-49b9-9f02-c13c2ea6e92c/t8au1nvz71j-forsol-supernatural.webp | https://mtdlhxbwblrxtzsdjlav.supabase.co/storage/v1/object/public/perfume-images/b0e8a833-c6a3-49b9-9f02-c13c2ea6e92c/t8au1q2gtu7-forsol-supernatural.webp | https://mtdlhxbwblrxtzsdjlav.supabase.co/storage/v1/object/public/perfume-images/b0e8a833-c6a3-49b9-9f02-c13c2ea6e92c/t8au1q5u9tj-forsol-supernatural.webp","https://s.shopee.co.id/4q9MGuppos","honino-romeo-roses | scentalgia-fragrance-raw-morning-09-00am | ouru-warm-whiskey | compounded-by-eloise | fordive-revolt","Forsol Supernatural adalah parfum powdery amber dengan nuansa iris dan vetiver yang elegan, pas untuk malam atau cuaca sejuk, memberi kesan misterius.","https://cariparfum.com/parfum/forsol-supernatural","","2026-10-06T13:25:10.152Z"
"Fragrance By Petals","Aqua Marine","Eau de Parfum","124000","IDR","InStock","Pear | Mandarin | Green Note | Apple","Lavender | Rosemary | Marine Note","Amberwood | Moss | Musk","Akuatik | Fruity","Menyegarkan | Bersih","Masculine","","Pagi | ️ Siang | Sore | ️ Panas | ️ Hujan","https://mtdlhxbwblrxtzsdjlav.supabase.co/storage/v1/object/public/perfume-images/951b889d-c9b5-4839-ad3e-8bbd6086cc50/t8ifizc3lnx-fragrance-by-petals-aqua-marine.webp | https://mtdlhxbwblrxtzsdjlav.supabase.co/storage/v1/object/public/perfume-images/951b889d-c9b5-4839-ad3e-8bbd6086cc50/t8ifizyfbxz-fragrance-by-petals-aqua-marine.webp","https://s.shopee.co.id/3VdygwqHlY","de-antoine-caspian-coast | honor-perfume-layton | mykonos-monaco-royale | mykonos-california-blue | ataraksia-semilir-bayang-mangata","Fragrance By Petals Aqua Marine membawa nuansa laut segar dan buah-buahan renyah yang cocok dipakai harian di iklim tropis Indonesia.","https://cariparfum.com/parfum/fragrance-by-petals-aqua-marine","","2026-10-06T13:26:28.413Z"
"Fragrance By Petals","Arabian Nights","Eau de Parfum","124000","IDR","InStock","Bergamot","Jasmine | Incense","Ambroxan | Vanilla | Woodsy Note | Benzoin","Amber | Floral","Hangat | Misterius | Nyaman","Masculine","","Sore | Malam | ️ Dingin | ️ Hujan","https://mtdlhxbwblrxtzsdjlav.supabase.co/storage/v1/object/public/perfume-images/1ce92dc0-8695-4b06-9de8-b527c04ff2ca/t8ifiqdbopf-fragrance-by-petals-arabian-nights.webp | https://mtdlhxbwblrxtzsdjlav.supabase.co/storage/v1/object/public/perfume-images/1ce92dc0-8695-4b06-9de8-b527c04ff2ca/t8ifirc0znm-fragrance-by-petals-arabian-nights.webp | https://mtdlhxbwblrxtzsdjlav.supabase.co/storage/v1/object/public/perfume-images/1ce92dc0-8695-4b06-9de8-b527c04ff2ca/t8ifir73iqq-fragrance-by-petals-arabian-nights.webp","https://s.shopee.co.id/AKUIpUIQTa","house-of-medici-shakespeare-elegiac | mykonos-black-opera | ataraksia-apotheosis-of-arictocrat | altar-scents-nigredo | reboura-flora-notes","Fragrance By Petals Arabian Nights menghadirkan aroma incense, jasmine, dan vanilla yang hangat, cocok untuk suasana malam yang intim dan misterius.","https://cariparfum.com/parfum/fragrance-by-petals-arabian-nights","","2026-10-06T13:24:44.704Z"
"Fragrance By Petals","Elysian Bloom","Eau de Parfum","124000","IDR","InStock","Mandarin Orange | Petitgrain | Black Currant | Lavender","Orange Blossom | Jasmine | Lavender","Cedar | Ambergris | Vanilla | Musk","Aromatik | Floral","Nyaman | Menenangkan","Masculine","","Sore | Malam | ️ Panas | ️ Hujan","https://mtdlhxbwblrxtzsdjlav.supabase.co/storage/v1/object/public/perfume-images/ef11835c-c5df-4c1d-a5ac-d75a4124742f/t8ifj1i4h72-fragrance-by-petals-elysian-bloom.webp | https://mtdlhxbwblrxtzsdjlav.supabase.co/storage/v1/object/public/perfume-images/ef11835c-c5df-4c1d-a5ac-d75a4124742f/t8ifj2vvgnt-fragrance-by-petals-elysian-bloom.webp","https://s.shopee.co.id/9pY2Ec1Av6","mandalika-irresistible | aamodini-kirana | honino-romeo-roses | royal-fragrance-liberty | saudade-olfactory-bonsai-we-kept","Fragrance By Petals Elysian Bloom memadukan lavender, buah segar, dan vanilla hangat, menciptakan aroma cozy yang cocok untuk sore hingga malam di iklim tropis.","https://cariparfum.com/parfum/fragrance-by-petals-elysian-bloom","","2026-10-06T13:26:34.659Z"
"Fragrance By Petals","Silk Whispper","Eau de Parfum","124000","IDR","InStock","Bergamot | Orange | Cardamom","Jasmine | Salted Caramel | Gardenia","Amber | Candyfloss | Honey | Vanilla","Floral | Gourmand","Playful | Nyaman","Masculine","","Malam | ️ Dingin","https://mtdlhxbwblrxtzsdjlav.supabase.co/storage/v1/object/public/perfume-images/0a8fcdf5-9506-4769-8192-824c70f92bd9/t8ifitu9fho-fragrance-by-petals-silk-whispper.webp | https://mtdlhxbwblrxtzsdjlav.supabase.co/storage/v1/object/public/perfume-images/0a8fcdf5-9506-4769-8192-824c70f92bd9/t8ifiuogdw9-fragrance-by-petals-silk-whispper.webp | https://mtdlhxbwblrxtzsdjlav.supabase.co/storage/v1/object/public/perfume-images/0a8fcdf5-9506-4769-8192-824c70f92bd9/t8ifiv8v2u2-fragrance-by-petals-silk-whispper.webp","https://s.shopee.co.id/4AtfUBegKJ","honino-romeo-roses | alt-perfumery-always-right | wonderlust-fragrance-philia | satellite-of-glow-kapadokya-mistik | scent-of-jarte-by-the-garden","Fragrance By Petals Silk Whispper menghadirkan aroma floral-gourmand yang creamy dan playful, cocok untuk malam santai di udara sejuk atau momen intim penuh.","https://cariparfum.com/parfum/fragrance-by-petals-silk-whispper","","2026-10-06T13:25:15.520Z"
"Fragrance By Petals","Under The Berry Tree","Eau de Parfum","124000","IDR","InStock","Raspberry | Blackcurrant","Orange Blossom | Jasmine | Peony","Praline | Vanilla","Fruity | Gourmand","Playful | Nyaman","Masculine","","Sore | Malam | ️ Dingin | ️ Hujan","https://mtdlhxbwblrxtzsdjlav.supabase.co/storage/v1/object/public/perfume-images/d32e1265-c707-46f8-a48f-1040eaf87125/t8ifiwnvznw-fragrance-by-petals-under-the-berry-tree.webp | https://mtdlhxbwblrxtzsdjlav.supabase.co/storage/v1/object/public/perfume-images/d32e1265-c707-46f8-a48f-1040eaf87125/t8ifix97yqd-fragrance-by-petals-under-the-berry-tree.webp","https://s.shopee.co.id/3VdygzPE29","mykonos-verve | sighnil-rose-de-praline | royal-fragrance-cheerful | saka-perfumery-oreal | mykonos-black-opera","Fragrance By Petals Under The Berry Tree adalah parfum EdP fruity-gourmand yang manis lembut, playful, dan cocok untuk sore-malam santai di iklim tropis.","https://cariparfum.com/parfum/fragrance-by-petals-under-the-berry-tree","","2026-10-06T13:25:21.332Z"
"Gioia Fragrances","Firenze","Eau de Parfum","","","InStock","Bergamot | Pink Pepper","Lavender | Geranium Egypt","Vanilla | Labdanum | Vetiver","Aromatik | Amber","Hangat | Menenangkan","Masculine","","Sore | Malam | ️ Dingin","https://mtdlhxbwblrxtzsdjlav.supabase.co/storage/v1/object/public/perfume-images/fddc5c9f-faf4-424d-ae4b-2b75553abd77/td6onl0f5l2-gioia-fragrances-firenze.webp | https://mtdlhxbwblrxtzsdjlav.supabase.co/storage/v1/object/public/perfume-images/fddc5c9f-faf4-424d-ae4b-2b75553abd77/td6onmajsrz-gioia-fragrances-firenze.webp","/brand/gioia-fragrances","satellite-of-glow-cielo | sonder-scents-255 | honor-perfume-crimson | the-body-tale-rosie-de-marrie | bali-surfers-bali-cliff","Gioia Fragrances Firenze adalah parfum EDP berkarakter aromatic amber, menghadirkan sensasi hangat dan calming yang cocok dinikmati di sore hingga malam hari.","https://cariparfum.com/parfum/gioia-fragrances-firenze","","2026-10-06T13:25:49.292Z"
"Gioia Fragrances","Jenny","Eau de Parfum","","","InStock","Bergamot | White Pepper | Saffron","Cedarwood | Peony | Rose","Amber | Vanilla | Oud | Musk","Amber | Floral","Hangat | Mewah | Sensual","Masculine","","Sore | Malam | ️ Dingin","https://mtdlhxbwblrxtzsdjlav.supabase.co/storage/v1/object/public/perfume-images/7bd509c5-bfb8-48db-896b-557c45700e3a/td6onor2nar-gioia-fragrances-jenny.webp | https://mtdlhxbwblrxtzsdjlav.supabase.co/storage/v1/object/public/perfume-images/7bd509c5-bfb8-48db-896b-557c45700e3a/td6onpg7eid-gioia-fragrances-jenny.webp","/brand/gioia-fragrances","honino-romeo-roses | loco-scent-red-rhapsody | hint-cotton | evoste-ivory-bloom | speaks-to-me-slow-sunset","Gioia Fragrances Jenny adalah EDP yang menghadirkan kehangatan saffron, mawar, oud, dan vanilla, cocok untuk malam santai atau momen intim penuh pesona.","https://cariparfum.com/parfum/gioia-fragrances-jenny","","2026-10-06T13:26:35.915Z"
"Gioia Fragrances","Siena","Eau de Parfum","","","InStock","Orange Blossom | Mandarin","Lavender | Tuberose | Ylang-Ylang","Sandalwood | Cedar | Vanilla | Musk","Woody | Floral","Hangat | Sensual","Masculine","","Sore | Malam | ️ Dingin | ️ Hujan","https://mtdlhxbwblrxtzsdjlav.supabase.co/storage/v1/object/public/perfume-images/41dc75fb-f180-40fd-86e6-bfba33e1a7eb/td6onqq5w46-gioia-fragrances-siena.webp | https://mtdlhxbwblrxtzsdjlav.supabase.co/storage/v1/object/public/perfume-images/41dc75fb-f180-40fd-86e6-bfba33e1a7eb/td6onrymbii-gioia-fragrances-siena.webp","/brand/gioia-fragrances","layr-midnight-haze | satellite-of-glow-aura-ubud | scent-of-jarte-blank-space | honino-romeo-roses | saudade-olfactory-bonsai-we-kept","Gioia Fragrances Siena memadukan floral eksotis dan kayu creamy, menghadirkan aroma hangat dan memikat yang sempurna untuk sore hingga malam santai.","https://cariparfum.com/parfum/gioia-fragrances-siena","","2026-10-06T13:25:02.970Z"
"HINDSIGHT","Beauquet","Extrait de Parfum","489000","IDR","InStock","Bergamot | Tuberose | Clary Sage","Orange Blossom | Jasmine | Ylang-Ylang","Balinese Vanilla | Vetiver","Floral | Gourmand","Hangat | Sensual","Masculine","","Sore | Malam | ️ Dingin | ️ Hujan","https://mtdlhxbwblrxtzsdjlav.supabase.co/storage/v1/object/public/perfume-images/f128c24c-1d39-4b61-9c51-33b87ec7deb0/td8jo9lce6f-hindsight-beauquet.webp | https://mtdlhxbwblrxtzsdjlav.supabase.co/storage/v1/object/public/perfume-images/f128c24c-1d39-4b61-9c51-33b87ec7deb0/td8joae11fe-hindsight-beauquet.webp","https://s.shopee.co.id/9zuw29iiiz","titik-nadi-canvas | reboura-flora-notes | hmns-eos-hyper-nova | scent-of-jarte-by-the-garden | mandalika-gorgeous-tuberose","HINDSIGHT Beauquet mengajakmu menikmati sensasi floral tropis dengan tuberose, jasmine, dan vanilla Bali yang lembut, ideal untuk sore hingga malam hari.","https://cariparfum.com/parfum/hindsight-beauquet","","2026-10-06T13:26:07.233Z"
"HINDSIGHT","Moonlight","Extrait de Parfum","489000","IDR","InStock","Cinnamon | Plum | Lavender","Sour Cherry | Apple Blossom | Cashmere Wood","Amber | Balinese Vanilla | White Musk","Amber | Fruity","Hangat | Misterius | Nyaman","Masculine","","Sore | Malam | ️ Dingin | ️ Hujan","https://mtdlhxbwblrxtzsdjlav.supabase.co/storage/v1/object/public/perfume-images/d1064f74-863a-4b53-8f5c-f26298a929a1/td8jo75nqau-hindsight-moonlight.webp | https://mtdlhxbwblrxtzsdjlav.supabase.co/storage/v1/object/public/perfume-images/d1064f74-863a-4b53-8f5c-f26298a929a1/td8jo820zrz-hindsight-moonlight.webp","https://s.shopee.co.id/2Vov6PnvN2","reboura-majestic-night | mandalika-24-hours | honino-romeo-roses | mine-perfumery-toxique-vanille | sonder-scents-255","HINDSIGHT Moonlight adalah parfum dengan sentuhan buah gelap, cashmere wood, dan vanilla Bali, menghadirkan nuansa hangat-misterius yang pas untuk malam.","https://cariparfum.com/parfum/hindsight-moonlight","","2026-10-06T13:25:14.207Z"
"HINDSIGHT","Muskmallow","Eau de Parfum","365000","IDR","InStock","Bergamot | Petitgrain | Neroli","Orange Blossom | Whipped Cream Accord","Heliotrope | Tonka Bean | Musk","Powdery | Floral Lembut","Nyaman | Elegan","Masculine","","Sore | Malam | ️ Dingin | ️ Hujan","https://mtdlhxbwblrxtzsdjlav.supabase.co/storage/v1/object/public/perfume-images/f9a48180-412f-4e65-a588-5b20f792c5a6/td8jocljwov-hindsight-muskmallow.webp | https://mtdlhxbwblrxtzsdjlav.supabase.co/storage/v1/object/public/perfume-images/f9a48180-412f-4e65-a588-5b20f792c5a6/td8joduk98e-hindsight-muskmallow.webp","https://s.shopee.co.id/8ATHqluz6f","saudade-olfactory-bonsai-we-kept | readyset-the-witch | loco-scent-dialogue-ivi | botanical-essentials-solace | honino-shower-song","HINDSIGHT Muskmallow memadukan citrus segar dan whipped cream yang creamy, lalu turun ke heliotrope, tonka, dan musk yang powdery hangat, ideal untuk suasana.","https://cariparfum.com/parfum/hindsight-muskmallow","","2026-10-06T13:26:09.736Z"
"HINDSIGHT","Sol De Bali","Eau de Parfum","459000","IDR","InStock","Frangipani | Marine Accord | Green Accord","Jasmine Sambac Absolute | Tiare Flower | Tuberose Absolute","Balinese Vanilla | White Musk | Coconut Cream","Floral | Akuatik","Menyegarkan | Nyaman","Masculine","","Sore | Malam | ️ Panas | ️ Hujan","https://mtdlhxbwblrxtzsdjlav.supabase.co/storage/v1/object/public/perfume-images/b26eb094-65e2-4bb3-b76e-f1c4afc0fcef/td8job6bfvl-hindsight-sol-de-bali.webp | https://mtdlhxbwblrxtzsdjlav.supabase.co/storage/v1/object/public/perfume-images/b26eb094-65e2-4bb3-b76e-f1c4afc0fcef/td8jobe0no5-hindsight-sol-de-bali.webp","https://s.shopee.co.id/9fI5dZVuhV","hindsight-moonlight | hindsight-tangelo | scentalgia-fragrance-page-11 | personal-chemistry-no-ordinary-days | saka-perfumery-florance","HINDSIGHT Sol De Bali adalah EDP dengan aroma floral tropis creamy, menyatukan nuansa pantai Bali yang santai dan modern dalam setiap semprotan.","https://cariparfum.com/parfum/hindsight-sol-de-bali","","2026-10-06T13:26:17.185Z"
"HINDSIGHT","Tangelo","Eau de Parfum","419000","IDR","InStock","Fig | Tangelo | Blackcurrant","Tuberose | Jasmine Sambac | Coconut","Balinese Vanilla | Amberwood | Patchouli | Tonka Bean","Gourmand | Fruity","Hangat | Playful","Masculine","","Sore | Malam | ️ Hujan | ️ Dingin","https://mtdlhxbwblrxtzsdjlav.supabase.co/storage/v1/object/public/perfume-images/dfaea7bd-db39-4ba8-8c33-23881bdfc84e/td8jo5r7g16-hindsight-tangelo.webp | https://mtdlhxbwblrxtzsdjlav.supabase.co/storage/v1/object/public/perfume-images/dfaea7bd-db39-4ba8-8c33-23881bdfc84e/td8jo6nz03f-hindsight-tangelo.webp","https://s.shopee.co.id/4LGZHqY2fw","hindsight-twilight | sighnil-rose-de-praline | scuse-me-bella-donna | mykonos-verve | royal-fragrance-redberry","HINDSIGHT Tangelo adalah EDP dengan aroma citrus-vanilla creamy yang playful dan hangat, cocok menemani waktu santai atau sore bersama teman.","https://cariparfum.com/parfum/hindsight-tangelo","","2026-10-06T13:24:45.990Z"
"HINDSIGHT","TWILIGHT","Eau de Parfum","459000","IDR","InStock","Bergamot | Dates | Cinnamon","Rose Absolute | Caramel | Tuberose","Balinese Vanilla | Sumatran Benzoin | Tonka Bean","Gourmand | Amber","Hangat | Misterius | Nyaman","Masculine","","Sore | Malam | ️ Dingin","https://mtdlhxbwblrxtzsdjlav.supabase.co/storage/v1/object/public/perfume-images/888e1795-67a1-4255-931d-471f003d1f0f/td8joe4kopw-hindsight-twilight.webp | https://mtdlhxbwblrxtzsdjlav.supabase.co/storage/v1/object/public/perfume-images/888e1795-67a1-4255-931d-471f003d1f0f/td8jofcvv8o-hindsight-twilight.webp","https://s.shopee.co.id/gNGv11y2l","loco-scent-red-rhapsody | mykonos-xoxo-rosy | loco-scent-veil-of-eire | layr-alexandra | hindsight-beauquet","HINDSIGHT TWILIGHT adalah parfum EDP gourmand-amber dengan sentuhan vanilla, caramel, dan cinnamon, cocok untuk suasana malam santai dan hangat.","https://cariparfum.com/parfum/hindsight-twilight","","2026-10-06T13:26:16.329Z"
"Hint","Cherise","Extrait de Parfum","199000","IDR","InStock","Bergamot | Pear | Pink Pepper | Blackcurrant | Tangerine","Orange Blossom | Neroli | Jasmine Sambac","Amber | Vanilla Bean | Benzoin | Musk","Fruity | Amber","Playful | Hangat","Masculine","","Sore | Malam | ️ Dingin | ️ Hujan","https://mtdlhxbwblrxtzsdjlav.supabase.co/storage/v1/object/public/perfume-images/95278659-bd09-4996-9e26-1e353a9c28ec/t8abeqb2e8b-hint-cherise.png","https://s.shopee.co.id/BNawMmUJq","honino-romeo-roses | loco-scent-dialogue-ivi | reboura-living-montage | mandalika-irresistible | honino-shower-song","Hint Cherise adalah parfum XdP dengan karakter fruity floral yang playful, lembut, dan hangat, cocok untuk sore hingga malam di suasana santai atau momen.","https://cariparfum.com/parfum/hint-cherise","","2026-10-06T13:26:36.221Z"
"Hint","Cotton","Eau de Parfum","218000","IDR","InStock","Aldehyde | Bergamot | Ozone | Freesia | Verbena","Peony | Rose | Gardenia | Muguet | Orris","Amber | Cedarwood | Sandalwood | Vanilla | Musk","Floral Lembut | Akuatik","Bersih | Ringan | Nyaman","Masculine","","Pagi | ️ Siang | Sore | ️ Panas | ️ Hujan","https://mtdlhxbwblrxtzsdjlav.supabase.co/storage/v1/object/public/perfume-images/219505a7-029c-47dd-b391-f9eb2fba6947/t8ablw1yoow-hint-cotton.png","https://s.shopee.co.id/AAAwqjFI5q","honino-romeo-roses | loco-scent-red-rhapsody | wonderlust-fragrance-philia | gioia-fragrances-jenny | de-antoine-velvet-garden","Hint Cotton adalah parfum floral soft yang clean dan airy, cocok untuk kamu yang suka aroma segar-lembut sepanjang hari dengan sentuhan musky vanilla.","https://cariparfum.com/parfum/hint-cotton","","2026-10-06T13:25:12.969Z"
"Hint","Delicate","Eau de Parfum","179000","IDR","InStock","Green | Pink Pepper | Nagarmotha | Geranium","Raspberry | Rose | Magnolia","Amber | Patchouli | Woody | Musk","Floral | Amber","Hangat | Nyaman | Elegan","Masculine","","Sore | Malam | ️ Panas | ️ Hujan","https://mtdlhxbwblrxtzsdjlav.supabase.co/storage/v1/object/public/perfume-images/1e0b9db0-420f-4e48-9453-f5d863afbe74/t8abeoexaxi-hint-delicate.png","https://s.shopee.co.id/2qOM7Pd6GR","honino-romeo-roses | mykonos-xoxo-rosy | loco-scent-red-rhapsody | mykonos-sparkling-rose | loco-scent-mocktail-in-the-garden","Hint Delicate adalah parfum EdP floral-amber yang memadukan aroma bunga segar, hijau, dan musk lembut, cocok untuk sore hingga malam di iklim tropis.","https://cariparfum.com/parfum/hint-delicate","","2026-10-06T13:24:42.184Z"
"Hint","Dragon","Eau de Parfum","299000","IDR","InStock","Eucalyptus | Bergamot | African Orange Flower | Lemon","Bamboo Leaf | Violet | Water | Lotus | Jasmine | Cyclamen","Amber | Cedarwood | Rosewood | Vetiver | Musk","Akuatik | Woody","Menyegarkan | Bersih","Masculine","","Pagi | ️ Siang | Sore | ️ Panas | ️ Hujan","https://mtdlhxbwblrxtzsdjlav.supabase.co/storage/v1/object/public/perfume-images/39c087ae-1431-4d74-be7b-4ba7b37d6229/t8abnzraoo0-hint-dragon.png | https://mtdlhxbwblrxtzsdjlav.supabase.co/storage/v1/object/public/perfume-images/39c087ae-1431-4d74-be7b-4ba7b37d6229/t8abnz8011l-hint-dragon.jpg | https://mtdlhxbwblrxtzsdjlav.supabase.co/storage/v1/object/public/perfume-images/39c087ae-1431-4d74-be7b-4ba7b37d6229/t8abo0tx13y-hint-dragon.jpg","https://s.shopee.co.id/806SH1pO9j","honino-romeo-roses | world-of-make-scents-ermis-solid-perfume | the-body-tale-plain-jane | blackstag-nightfall | evesol-jinggala","Hint Dragon adalah parfum EdP dengan nuansa segar aquatic-bamboo dan sentuhan woody musk yang cocok untuk pagi hingga sore di iklim tropis Indonesia.","https://cariparfum.com/parfum/hint-dragon","","2026-10-06T13:26:22.817Z"
"Hint","Epitome","Eau de Parfum","189000","IDR","InStock","Bergamot | Pepper | Cardamom | Mint","Fig | Basil | Coconut Milk","Patchouli | Ambery | Atlas Cedarwood","Hijau Segar | Woody","Menyegarkan | Nyaman","Masculine","","Sore | Malam | ️ Panas | ️ Hujan","https://mtdlhxbwblrxtzsdjlav.supabase.co/storage/v1/object/public/perfume-images/edb58705-975a-4b72-9383-4e124e9ba471/t8abefl5fyh-hint-epitome.png","https://s.shopee.co.id/3qGtJ1f17l","world-of-make-scents-ermis-solid-perfume | sonder-scents-255 | honor-perfume-denali | byfrags-bizael | loco-scent-into-the-waves","Hint Epitome adalah Eau de Parfum dengan nuansa hijau segar, creamy, dan woody, sempurna untuk sore santai atau momen rileks di cuaca panas tropis Indonesia.","https://cariparfum.com/parfum/hint-epitome","","2026-10-06T13:25:16.248Z"
"Hint","Fatale","Extrait de Parfum","199000","IDR","InStock","Black Pepper | Nutmeg","Cinnamon | Olibanum | Red Fruit","Vanilla | Tobacco | Java Vetiver | Patchouli Indonesia","Amber | Kering & Smoky","Misterius | Hangat | Tegas","Masculine","","Malam | ️ Dingin","https://mtdlhxbwblrxtzsdjlav.supabase.co/storage/v1/object/public/perfume-images/bd13a831-a088-40fc-bfac-8d9053a11754/t8abk4ev1o4-hint-fatale.png","https://s.shopee.co.id/Lh18koImB","maison-garnet-alhambra-rose | alt-perfumery-moroccan-sunset-intense | the-body-tale-spice-nomad | anntumma-anntumma | layr-slow-dance","Hint Fatale adalah parfum XdP beraroma spicy-tobacco dengan sentuhan vanila patchouli, cocok untuk malam penuh misteri dan kehangatan di ruangan ber-AC.","https://cariparfum.com/parfum/hint-fatale","","2026-10-06T13:26:17.016Z"
"Hint","Identity","Eau de Parfum","249000","IDR","InStock","Lemon | Melon | Ozonic","Watery | Lily of the Valley | Geranium","Amber | Sandalwood | Sea-Moss | Patchouli","Akuatik | Woody","Bersih | Menyegarkan","Masculine","","Pagi | ️ Siang | Sore | ️ Panas | ️ Hujan","https://mtdlhxbwblrxtzsdjlav.supabase.co/storage/v1/object/public/perfume-images/390f76f5-44db-46a7-a666-67208f65aed5/t8abnp71wd7-hint-identity.png | https://mtdlhxbwblrxtzsdjlav.supabase.co/storage/v1/object/public/perfume-images/390f76f5-44db-46a7-a666-67208f65aed5/t8abns4txq3-hint-identity.jpg | https://mtdlhxbwblrxtzsdjlav.supabase.co/storage/v1/object/public/perfume-images/390f76f5-44db-46a7-a666-67208f65aed5/t8abnsqnq0l-hint-identity.jpg","https://s.shopee.co.id/30hmJsC5Fg","loco-scent-into-the-waves | world-of-make-scents-ermis-solid-perfume | honor-perfume-denali | argve-ardour | reboura-bibliosmia","Hint Identity adalah Eau de Parfum segar dengan nuansa citrus, aquatic, dan sentuhan kayu yang bersih, cocok untuk cuaca panas dan aktivitas harian.","https://cariparfum.com/parfum/hint-identity","","2026-10-06T13:26:04.624Z"
"Hint","Jeans","Eau de Parfum","199000","IDR","InStock","Mandarin | Pink Pepper | Rose","Cedarwood | Patchouli","Amber | Vanilla","Amber | Floral","Hangat | Nyaman","Masculine","","Sore | Malam | ️ Dingin","https://mtdlhxbwblrxtzsdjlav.supabase.co/storage/v1/object/public/perfume-images/b9a7382f-521c-4846-97d5-22500a8baba5/t8ablzxr5fr-hint-jeans.png","https://s.shopee.co.id/gJrXJNi12","honino-romeo-roses | loco-scent-red-rhapsody | citizens-of-the-world-cafe-du-monde | mykonos-xoxo-rosy | mykonos-moroccan-vanilla","Hint Jeans menghadirkan aroma hangat patchouli, rose, dan vanilla yang pas untuk malam santai. Parfum EdP ini cocok buat pecinta aroma cozy dan elegan.","https://cariparfum.com/parfum/hint-jeans","","2026-10-06T13:25:39.606Z"
"Hint","Leather","Eau de Parfum","299000","IDR","InStock","Violet | Cardamom","Cedarwood | Leather | Orris","Amber | Sandalwood | Musk","Kering & Smoky | Woody","Tegas | Misterius | Hangat","Masculine","","Malam | ️ Dingin","https://mtdlhxbwblrxtzsdjlav.supabase.co/storage/v1/object/public/perfume-images/b31d588a-ae60-4fbf-b17c-2435a244fb85/t8abnv36m09-hint-leather.png","https://s.shopee.co.id/50SqhZZYFe","wonderlust-fragrance-philia | world-of-make-scents-ermis-solid-perfume | honino-romeo-roses | layr-get-naked | avalanche-interview-room","Hint Leather adalah parfum EdP yang menghadirkan sensasi kulit dan kayu hangat, cocok untuk malam hari di cuaca sejuk atau ruangan ber-AC, dengan nuansa bold.","https://cariparfum.com/parfum/hint-leather","","2026-10-06T13:26:08.396Z"
"Hint","Metaverse","Eau de Parfum","218000","IDR","InStock","Ginger | Aldehydes | Red Fruit","Orange Blossom | Jasmine | Tuberose","Honey | Vanilla | Patchouli | Incense | Vetiver","Floral | Amber","Sensual | Hangat | Misterius","Masculine","","Sore | Malam | ️ Dingin | ️ Hujan","https://mtdlhxbwblrxtzsdjlav.supabase.co/storage/v1/object/public/perfume-images/13598aec-d25f-4cf1-b7b2-5fb3ba5ba972/t8abm1l8vcq-hint-metaverse.jpg | https://mtdlhxbwblrxtzsdjlav.supabase.co/storage/v1/object/public/perfume-images/13598aec-d25f-4cf1-b7b2-5fb3ba5ba972/t8abm2236l6-hint-metaverse.jpg","https://s.shopee.co.id/2B8fK3VjtU","honino-romeo-roses | mykonos-black-opera | ataraksia-societeit-harmonie | scuse-me-to-be-a-wallflower | mykonos-verve","Hint Metaverse adalah parfum EdP dengan aroma floral fruity yang sensual dan hangat, dibalut sentuhan incense dan vanilla, cocok untuk malam spesial.","https://cariparfum.com/parfum/hint-metaverse","","2026-10-06T13:24:56.817Z"
"Hint","Mintea","Eau de Parfum","229000","IDR","InStock","Bergamot | Tea | Mint","Bigarade | Sage","Sandalwood | Musky | Wood","Hijau Segar | Woody","Menyegarkan | Bersih | Menenangkan","Masculine","","Pagi | ️ Siang | Sore | ️ Panas | ️ Hujan","https://mtdlhxbwblrxtzsdjlav.supabase.co/storage/v1/object/public/perfume-images/1d850d65-9ab7-4695-b081-6e5bbcac390e/t8abm7n0sel-hint-mintea.png","https://s.shopee.co.id/8pfZGC9OSc","reboura-tea-esencia | botanical-essentials-desert-sunset | de-antoine-homme-fatale | vlagio-perfume-matcha | loco-scent-into-the-waves","Hint Mintea adalah Eau de Parfum yang memadukan aroma mint, tea, dan sandalwood, memberi sensasi segar-nyaman khas pagi hari untuk aktivitas di cuaca panas.","https://cariparfum.com/parfum/hint-mintea","","2026-10-06T13:25:05.207Z"
"Hint","Naked","Eau de Parfum","239000","IDR","InStock","Bergamot | Pear | Orange Flower","Rose | Spicy | Tuberose","Sandalwood | Guaiac | Patchouli | Oud","Floral | Woody","Sensual | Misterius","Masculine","","Sore | Malam | ️ Dingin | ️ Hujan","https://mtdlhxbwblrxtzsdjlav.supabase.co/storage/v1/object/public/perfume-images/deaa0e56-019b-447c-a607-4587d332411a/t8abk9oud3x-hint-naked.png","https://s.shopee.co.id/7pn24ZD2JW","loco-scent-red-rhapsody | unspoken-timber | scuse-me-wood-you-be-mine | world-of-make-scents-ermis-solid-perfume | voie-mistinguett","Hint Naked adalah parfum floral woody dengan sentuhan oud dan sandalwood, menciptakan aroma sensual dan misterius untuk suasana malam yang penuh pesona.","https://cariparfum.com/parfum/hint-naked","","2026-10-06T13:26:15.496Z"
"Hint","Noble","Extrait de Parfum","198000","IDR","InStock","Tulip | Green | Tuberose","Fruity | Jasmine | Muguet | Ylang-Ylang","Sandalwood | Vetiver | Musk","Floral | Hijau Segar","Bersih | Elegan","Masculine","","️ Siang | Sore | ️ Panas | ️ Hujan","https://mtdlhxbwblrxtzsdjlav.supabase.co/storage/v1/object/public/perfume-images/3a19e9fd-c147-44dd-8157-abc2900143ca/t8abk6bny46-hint-noble-xdp.png","https://s.shopee.co.id/20pF7htaH5","hint-noble-edp | layr-midnight-haze | honino-romeo-roses | reboura-flora-notes | hindsight-beauquet","Hint Noble menghadirkan sensasi floral segar dengan tuberose dan sandalwood, cocok untuk kamu yang suka aroma bersih, elegan, dan tidak berlebihan.","https://cariparfum.com/parfum/hint-noble","","2026-10-06T13:25:14.148Z"
"Hint","Noble","Eau de Parfum","148000","IDR","InStock","Tulip | Green | Tuberose","Fruity | Jasmine | Muguet | Ylang-Ylang","Sandalwood | Vetiver | Musk","Floral | Woody","Elegan | Bersih","Masculine","","Sore | Malam | ️ Panas | ️ Hujan","https://mtdlhxbwblrxtzsdjlav.supabase.co/storage/v1/object/public/perfume-images/55654d80-c3ee-4ed9-922b-7f88e8497347/t8abeiufmd2-hint-noble.jpg","https://s.shopee.co.id/60LNsvYNNT","hint-noble | layr-midnight-haze | honino-romeo-roses | reboura-flora-notes | hindsight-beauquet","Hint Noble adalah parfum floral musky yang lembut, clean, dan elegan, cocok untuk sore hingga malam hari, bikin suasana makin hangat dan percaya diri.","https://cariparfum.com/parfum/hint-noble-edp","","2026-10-06T13:25:19.761Z"
"Hint","Realm","Eau de Parfum","199000","IDR","InStock","Citrus | Apple Blossom","Orange Blossom | Fressia | Rose","Amber | Patchouli | Musk","Floral | Amber","Nyaman | Hangat | Menyegarkan","Masculine","","Sore | Malam | ️ Panas | ️ Hujan","https://mtdlhxbwblrxtzsdjlav.supabase.co/storage/v1/object/public/perfume-images/a3389d53-1d4a-4038-8ba0-4afa857c88a1/t8abc5f4z25-hint-realm.png | https://mtdlhxbwblrxtzsdjlav.supabase.co/storage/v1/object/public/perfume-images/a3389d53-1d4a-4038-8ba0-4afa857c88a1/t8abc6gn5s1-hint-realm.jpg | https://mtdlhxbwblrxtzsdjlav.supabase.co/storage/v1/object/public/perfume-images/a3389d53-1d4a-4038-8ba0-4afa857c88a1/t8abc76ka90-hint-realm.jpg","https://s.shopee.co.id/4q9QUjidS0","honino-romeo-roses | loco-scent-red-rhapsody | mykonos-xoxo-rosy | scuse-me-wood-you-be-mine | mykonos-sparkling-rose","Hint Realm adalah parfum EdP yang menyatukan citrus segar, floral lembut, dan kehangatan amber untuk kesan cozy di sore hari.","https://cariparfum.com/parfum/hint-realm","","2026-10-06T13:25:33.027Z"
"Hint","Resurrect","Eau de Parfum","199000","IDR","InStock","Bergamot | Lavender | Cypress","Watery | Frankincense","Suede | Oakmoss | Musk","Aromatik | Woody Lumut","Bersih | Menenangkan","Masculine","","Pagi | ️ Siang | Sore | ️ Panas | ️ Hujan","https://mtdlhxbwblrxtzsdjlav.supabase.co/storage/v1/object/public/perfume-images/f3f7029a-0318-47e2-8833-120d54b91273/t8abcamny7l-hint-resurrect.png","https://s.shopee.co.id/6VHeTsaL6c","house-of-medici-baldassare-sprezzatura | sonder-scents-255 | honor-perfume-layton | house-of-dappers-9-to-5 | reboura-majestic-night","Hint Resurrect adalah parfum EdP dengan karakter fresh aromatic dan mossy woods, memadukan sensasi segar dengan nuansa musk dan suede yang menenangkan.","https://cariparfum.com/parfum/hint-resurrect","","2026-10-06T13:26:36.589Z"
"Hint","Silk","Eau de Parfum","249000","IDR","InStock","Bergamot | Black Pepper | Silk","Orange Blossom | Lily Pink | Orchid","Cashmere Musk | White Amber | Patchouli","Floral | Amber Lembut","Nyaman | Elegan","Masculine","","Sore | Malam | ️ Dingin | ️ Hujan","https://mtdlhxbwblrxtzsdjlav.supabase.co/storage/v1/object/public/perfume-images/ac2b721a-347a-4ec3-a31d-f297dd33614f/t8abkeo44ic-hint-silk.png","https://s.shopee.co.id/6KyEHnQmVj","honino-romeo-roses | scuse-me-wood-you-be-mine | mykonos-conquer | layr-kyoto-jazz | readyset-the-witch","Hint Silk adalah parfum floral-musky yang terasa lembut, bersih, dan cozy, cocok untuk sore hingga malam di cuaca tropis maupun sejuk, memberi kesan hangat.","https://cariparfum.com/parfum/hint-silk","","2026-10-06T13:24:42.985Z"
"Hint","Ultimate","Eau de Parfum","199000","IDR","InStock","Bergamot | Orange Bitter | Marine | Cypress","Cedarwood | Pink Peppercorn | Green Stems","Patchouli | Dry Amber | Moss | Musk","Akuatik | Woody","Menyegarkan | Hangat","Masculine","","Sore | Malam | ️ Panas | ️ Dingin | ️ Hujan","https://mtdlhxbwblrxtzsdjlav.supabase.co/storage/v1/object/public/perfume-images/635c6d3f-19b7-45c5-b4fd-30ea2bb163ee/t8abellenyx-hint-ultimate.png","https://s.shopee.co.id/4Atjhsp57I","honino-romeo-roses | sonder-scents-255 | honor-perfume-layton | botanical-essentials-sanctuary | world-of-make-scents-ermis-solid-perfume","Hint Ultimate adalah parfum EdP dengan nuansa woody aquatic yang segar sekaligus hangat, cocok untuk pria modern yang aktif dan percaya diri.","https://cariparfum.com/parfum/hint-ultimate","","2026-10-06T13:26:24.828Z"
"Hint","Velvet","Eau de Parfum","229000","IDR","InStock","Cinnamon Bark | Mandarin | Almond","Amber | Rose | Orange Flower","Sandalwood | Vanilla | Tonka Bean","Amber | Gourmand","Nyaman | Hangat","Masculine","","Sore | Malam | ️ Dingin | ️ Hujan","https://mtdlhxbwblrxtzsdjlav.supabase.co/storage/v1/object/public/perfume-images/19289f71-3e45-48e4-a2de-2b04df01109d/t8abkb4igre-hint-velvet.png","https://s.shopee.co.id/4LD9u9TKDh","loco-scent-red-rhapsody | honino-romeo-roses | mykonos-moroccan-vanilla | evoste-midnight-cherry | zataru-topaz","Hint Velvet adalah parfum gourmand amber dengan nuansa vanila, tonka, dan sandalwood yang cozy, cocok untuk malam santai atau momen intim di ruangan ber-AC.","https://cariparfum.com/parfum/hint-velvet","","2026-10-06T13:25:05.079Z"
"Hint","Zencha","Eau de Parfum","205000","IDR","InStock","Pink Pepper | Lemon | Orange","Sage Clary | Sencha | Orris","Cedarwood | Vetiver | Tonka Bean | Musk","Hijau Segar | Woody","Menyegarkan | Menenangkan","Masculine","","Pagi | ️ Siang | Sore | ️ Panas | ️ Hujan","https://mtdlhxbwblrxtzsdjlav.supabase.co/storage/v1/object/public/perfume-images/502e5d2e-4574-4324-8518-a3f103c2e79f/t8abm5zpp9e-hint-zencha.png","https://s.shopee.co.id/5fiXUMYMew","argve-ardour | layr-midnight-haze | avalanche-interview-room | botanical-essentials-in-the-clouds | botanical-essentials-where-it-begins","Hint Zencha menghadirkan sensasi segar teh hijau dan citrus dengan sentuhan kayu lembut, cocok untuk suasana santai dan sehari-hari di iklim tropis.","https://cariparfum.com/parfum/hint-zencha","","2026-10-06T13:24:52.144Z"
"HMNS","Addict","Eau de Parfum","369000","IDR","InStock","Berries","Coffee | Red Rose","Amber | Patchouli | Tonka Bean","Amber | Fruity","Hangat | Playful","Masculine","","Sore | Malam | ️ Dingin | ️ Hujan","https://mtdlhxbwblrxtzsdjlav.supabase.co/storage/v1/object/public/perfume-images/36d5a293-8cb6-41ad-99c9-eb864ca77acd/t81nxipqp98-hmns-addict.webp | https://mtdlhxbwblrxtzsdjlav.supabase.co/storage/v1/object/public/perfume-images/36d5a293-8cb6-41ad-99c9-eb864ca77acd/t81nxj0xd1i-hmns-addict.webp | https://mtdlhxbwblrxtzsdjlav.supabase.co/storage/v1/object/public/perfume-images/36d5a293-8cb6-41ad-99c9-eb864ca77acd/t81nxl1k6ag-hmns-addict.webp | https://mtdlhxbwblrxtzsdjlav.supabase.co/storage/v1/object/public/perfume-images/36d5a293-8cb6-41ad-99c9-eb864ca77acd/t81nxmlx199-hmns-addict.webp | https://mtdlhxbwblrxtzsdjlav.supabase.co/storage/v1/object/public/perfume-images/36d5a293-8cb6-41ad-99c9-eb864ca77acd/t81nxqj85xk-hmns-addict.webp","https://s.shopee.co.id/1gCHaL0vsp","honino-romeo-roses | loco-scent-red-rhapsody | mykonos-xoxo-rosy | scentalgia-fragrance-raw-morning-09-00am | world-of-make-scents-ermis-solid-perfume","HMNS Addict adalah perpaduan kopi, red rose, dan amber yang hangat, cocok untuk malam santai atau momen hangout yang ingin terasa intim dan unik.","https://cariparfum.com/parfum/hmns-addict","","2026-10-06T13:24:48.205Z"
"HMNS","Alpha","Eau de Parfum","320000","IDR","InStock","Citrus | Grass","Green Tea","Cedarwood | Vetiver","Hijau Segar | Woody","Menyegarkan | Bersih","Masculine","","Pagi | ️ Siang | Sore | ️ Panas | ️ Hujan","https://mtdlhxbwblrxtzsdjlav.supabase.co/storage/v1/object/public/perfume-images/4d47bf57-d9cb-4da4-9bf0-601fb9456e84/alpha-hmns-1.webp | https://mtdlhxbwblrxtzsdjlav.supabase.co/storage/v1/object/public/perfume-images/4d47bf57-d9cb-4da4-9bf0-601fb9456e84/alpha-hmns-2.webp | https://mtdlhxbwblrxtzsdjlav.supabase.co/storage/v1/object/public/perfume-images/4d47bf57-d9cb-4da4-9bf0-601fb9456e84/alpha-hmns-3.webp | https://mtdlhxbwblrxtzsdjlav.supabase.co/storage/v1/object/public/perfume-images/4d47bf57-d9cb-4da4-9bf0-601fb9456e84/alpha-hmns-4.webp","https://s.shopee.co.id/40aCMruNT1","tempt-jean-de-lours | layr-midnight-haze | saudade-olfactory-hidden-shrine | notts-hatsukoi | satellite-of-glow-tanaww","HMNS Alpha adalah parfum EdP dengan aroma citrus, green tea, dan cedarwood yang menyegarkan, cocok untuk dipakai sehari-hari di cuaca panas Indonesia.","https://cariparfum.com/parfum/hmns-alpha","","2026-10-06T13:26:12.395Z"
"HMNS","Alpha Hyper Green","Extrait de Parfum","525000","IDR","InStock","Lemon Oil LMR | Pink Pepper CO2 LMR | Cactus Accord","Cistus Absolute LMR | Lavender Absolute LMR | Tuberose Absolute India LMR","Vetiver Oil Java LMR | Patchouli Oil Indonesia LMR | Moss","Hijau Segar | Sitrus Segar","Menyegarkan | Earthy | Energik","Masculine","","Pagi | ️ Siang | Sore | ️ Panas | ️ Hujan","https://mtdlhxbwblrxtzsdjlav.supabase.co/storage/v1/object/public/perfume-images/84cc4c6e-7fd7-4810-89bb-565010f990e5/td341bzw6s1-hmns-alpha-hyper-green.webp | https://mtdlhxbwblrxtzsdjlav.supabase.co/storage/v1/object/public/perfume-images/84cc4c6e-7fd7-4810-89bb-565010f990e5/td341cq24xy-hmns-alpha-hyper-green.webp | https://mtdlhxbwblrxtzsdjlav.supabase.co/storage/v1/object/public/perfume-images/84cc4c6e-7fd7-4810-89bb-565010f990e5/td341cayqys-hmns-alpha-hyper-green.webp","https://s.shopee.co.id/9UyfLGcAyH","alchemist-out-west-a-m","HMNS Alpha Hyper Green adalah parfum citrus-green dengan sentuhan spicy dan earthy, menghadirkan kesegaran unik yang segar, bersih, dan penuh energi.","https://cariparfum.com/parfum/hmns-alpha-hyper-green","","2026-10-06T13:24:41.467Z"
"HMNS","Ambar Janma","Eau de Parfum","510000","IDR","InStock","Bergamot | Clove | Elemi | Nutmeg","Green Pear | Lavender | Tagetes | Lily of the Valley","Sandalwood | White Musk | Leather | Driftwood","Woody | Aromatik","Nyaman | Hangat","Masculine","","Sore | Malam | ️ Panas | ️ Dingin","https://mtdlhxbwblrxtzsdjlav.supabase.co/storage/v1/object/public/perfume-images/8d0467fd-fc96-470a-99a2-6c59a411dc82/t9hfz6iweu0-brand-perfume.webp","https://s.shopee.co.id/4fqcM1DANS","hmns-the-perfection | reboura-majestic-night | reboura-flora-notes | scentalgia-fragrance-the-starry-night-nocturne | voie-mistinguett","HMNS Ambar Janma adalah parfum woody aromatic dengan sentuhan sandalwood dan pear, memberi nuansa cozy tapi tetap segar untuk sore hingga malam.","https://cariparfum.com/parfum/hmns-ambar-janma","","2026-10-06T13:25:35.508Z"
"HMNS","Darker Shades of Orgsm","Eau de Parfum","380000","IDR","InStock","Orange Blossom | Pepper | Apple","Patchouli | Caramel | Cypriol","Amber | Cedarwood | Vanilla | Vetiver","Amber | Gourmand","Hangat | Sensual","Masculine","","Sore | Malam | ️ Dingin | ️ Hujan","https://mtdlhxbwblrxtzsdjlav.supabase.co/storage/v1/object/public/perfume-images/99469884-7982-480e-8e3b-5eb4ca53d9db/darker-shades-of-orgsm-hmns-1.webp | https://mtdlhxbwblrxtzsdjlav.supabase.co/storage/v1/object/public/perfume-images/99469884-7982-480e-8e3b-5eb4ca53d9db/darker-shades-of-orgsm-hmns-2.webp | https://mtdlhxbwblrxtzsdjlav.supabase.co/storage/v1/object/public/perfume-images/99469884-7982-480e-8e3b-5eb4ca53d9db/darker-shades-of-orgsm-hmns-3.webp | https://mtdlhxbwblrxtzsdjlav.supabase.co/storage/v1/object/public/perfume-images/99469884-7982-480e-8e3b-5eb4ca53d9db/darker-shades-of-orgsm-hmns-4.webp","https://s.shopee.co.id/10wamZYOIa","honino-romeo-roses | the-body-tale-rosie-de-marrie | mykonos-caramel-fudge-cookie | layr-slow-dance | reboura-living-montage","HMNS Darker Shades of Orgsm adalah parfum EdP yang memadukan nuansa fruity, caramel, dan woody-amber, menciptakan aroma hangat nan sensual untuk malam spesial.","https://cariparfum.com/parfum/hmns-darker-shades-of-orgsm","","2026-10-06T13:26:28.314Z"
"HMNS","EOS Hyper Nova","Extrait de Parfum","525000","IDR","InStock","Coriander Seed | Bergamot | Cocoa Butter","Solar Accord | Jasmine | Ylang-Ylang","Sandalwood | Vanilla | Vetiver","Woody | Gourmand","Hangat | Nyaman","Masculine","","Sore | Malam | ️ Dingin | ️ Hujan","https://mtdlhxbwblrxtzsdjlav.supabase.co/storage/v1/object/public/perfume-images/20e6478b-b761-435c-895e-ece0f821e8b9/td341fquc3r-hmns-eos-hyper-nova.webp | https://mtdlhxbwblrxtzsdjlav.supabase.co/storage/v1/object/public/perfume-images/20e6478b-b761-435c-895e-ece0f821e8b9/td341g9fnvs-hmns-eos-hyper-nova.webp | https://mtdlhxbwblrxtzsdjlav.supabase.co/storage/v1/object/public/perfume-images/20e6478b-b761-435c-895e-ece0f821e8b9/td341gsu8z7-hmns-eos-hyper-nova.webp","https://s.shopee.co.id/60OnAqp1mQ","reboura-flora-notes | honino-romeo-roses | evesol-jinggala | titik-nadi-canvas | layr-midnight-haze","HMNS EOS Hyper Nova memadukan creamy cocoa butter dan sandalwood dengan sentuhan floral solar, menciptakan aroma cozy dan elegan, sempurna untuk sore hingga.","https://cariparfum.com/parfum/hmns-eos-hyper-nova","","2026-10-06T13:25:55.382Z"
"HMNS","Essence of the Sun","Eau de Parfum","369000","IDR","InStock","Bergamot | Coriander","Jasmine Sambac","Vanilla","Floral | Gourmand","Nyaman | Hangat | Menyegarkan","Masculine","","Sore | Malam | ️ Panas | ️ Hujan","https://mtdlhxbwblrxtzsdjlav.supabase.co/storage/v1/object/public/perfume-images/676c56b1-4b2a-4515-979b-b828895d491d/essence-of-the-sun-hmns-1.webp | https://mtdlhxbwblrxtzsdjlav.supabase.co/storage/v1/object/public/perfume-images/676c56b1-4b2a-4515-979b-b828895d491d/essence-of-the-sun-hmns-2.webp | https://mtdlhxbwblrxtzsdjlav.supabase.co/storage/v1/object/public/perfume-images/676c56b1-4b2a-4515-979b-b828895d491d/essence-of-the-sun-hmns-3.webp | https://mtdlhxbwblrxtzsdjlav.supabase.co/storage/v1/object/public/perfume-images/676c56b1-4b2a-4515-979b-b828895d491d/essence-of-the-sun-hmns-4.webp","https://s.shopee.co.id/5L5Zwtn5Os","satellite-of-glow-cielo | scuse-me-bella-donna | personal-chemistry-memo | world-of-make-scents-kiko-crumbs-solid-perfume | saka-perfumery-florance","HMNS Essence of the Sun adalah parfum EdP dengan sentuhan citrus, floral, dan vanilla yang segar sekaligus cozy, cocok untuk sore hingga malam di iklim tropis.","https://cariparfum.com/parfum/hmns-essence-of-the-sun","","2026-10-06T13:24:52.964Z"
"HMNS","Farhampton","Eau de Parfum","369000","IDR","InStock","Bergamot","Orange Blossom | Lavender","Cedarwood | Labdanum | Tonka Bean","Aromatik | Woody","Nyaman | Menenangkan","Masculine","","Sore | Malam | ️ Panas | ️ Dingin","https://mtdlhxbwblrxtzsdjlav.supabase.co/storage/v1/object/public/perfume-images/563c76ae-9256-47e2-a3ba-6fb63255416a/farhampton-hmns-1.webp | https://mtdlhxbwblrxtzsdjlav.supabase.co/storage/v1/object/public/perfume-images/563c76ae-9256-47e2-a3ba-6fb63255416a/farhampton-hmns-2.webp | https://mtdlhxbwblrxtzsdjlav.supabase.co/storage/v1/object/public/perfume-images/563c76ae-9256-47e2-a3ba-6fb63255416a/farhampton-hmns-3.webp | https://mtdlhxbwblrxtzsdjlav.supabase.co/storage/v1/object/public/perfume-images/563c76ae-9256-47e2-a3ba-6fb63255416a/farhampton-hmns-4.webp","https://s.shopee.co.id/9zrPVNKGno","sonder-scents-255 | satellite-of-glow-cielo | saudade-olfactory-bonsai-we-kept | honor-perfume-crimson | fragrance-by-petals-elysian-bloom","HMNS Farhampton adalah parfum EdP dengan nuansa fresh aromatic dan woody, cocok untuk sore hingga malam di iklim tropis, memberi kesan cozy sekaligus.","https://cariparfum.com/parfum/hmns-farhampton","","2026-10-06T13:25:13.315Z"
"HMNS","O Hyper Bloom","Extrait de Parfum","525000","IDR","InStock","Caramel | Pineapple | Apple","Lactonic Note | Jasmine | Maltol | Tuberose","Amber | Balsam | Vanilla | Coffee","Floral | Gourmand","Hangat | Playful | Nyaman","Masculine","","Sore | Malam | ️ Dingin | ️ Hujan","https://mtdlhxbwblrxtzsdjlav.supabase.co/storage/v1/object/public/perfume-images/11fbe81a-ab4d-40fa-8ad9-0d143bc1ee30/td341deswnf-hmns-o-hyper-bloom.webp | https://mtdlhxbwblrxtzsdjlav.supabase.co/storage/v1/object/public/perfume-images/11fbe81a-ab4d-40fa-8ad9-0d143bc1ee30/td341ey38up-hmns-o-hyper-bloom.webp | https://mtdlhxbwblrxtzsdjlav.supabase.co/storage/v1/object/public/perfume-images/11fbe81a-ab4d-40fa-8ad9-0d143bc1ee30/td341ecz4a5-hmns-o-hyper-bloom.webp","https://s.shopee.co.id/9pbVjrXnxD","honino-romeo-roses | ouru-warm-whiskey | vlagio-perfume-jamila | elvicto-10-pm | mykonos-caramel-fudge-cookie","HMNS O Hyper Bloom adalah parfum gourmand floral yang creamy, playful, dan warm, cocok untuk malam hari saat butuh aroma yang menghangatkan suasana.","https://cariparfum.com/parfum/hmns-o-hyper-bloom","","2026-10-06T13:24:45.940Z"
"HMNS","Orgsm","Eau de Parfum","323000","IDR","InStock","Apple","Jasmine | Peony | Rose","Amber | Vanilla Bean","Floral | Gourmand","Playful | Hangat","Masculine","","Sore | Malam | ️ Dingin | ️ Hujan","https://mtdlhxbwblrxtzsdjlav.supabase.co/storage/v1/object/public/perfume-images/789cfd69-72d4-42d6-b365-f407a2aa4beb/orgsm-hmns-1.webp | https://mtdlhxbwblrxtzsdjlav.supabase.co/storage/v1/object/public/perfume-images/789cfd69-72d4-42d6-b365-f407a2aa4beb/orgsm-hmns-2.webp | https://mtdlhxbwblrxtzsdjlav.supabase.co/storage/v1/object/public/perfume-images/789cfd69-72d4-42d6-b365-f407a2aa4beb/orgsm-hmns-3.webp | https://mtdlhxbwblrxtzsdjlav.supabase.co/storage/v1/object/public/perfume-images/789cfd69-72d4-42d6-b365-f407a2aa4beb/orgsm-hmns-4.webp","https://s.shopee.co.id/4fpt9YJ7HZ","honino-romeo-roses | loco-scent-red-rhapsody | mykonos-moroccan-vanilla | scuse-me-to-be-a-wallflower | de-antoine-l-amour-toujours","HMNS Orgsm adalah parfum floral gourmand yang playful dan creamy, cocok untuk momen santai sore hingga malam. Temukan kehangatannya di setiap semprotan.","https://cariparfum.com/parfum/hmns-orgsm","","2026-10-06T13:25:51.358Z"
"HMNS","Orgsm Melting Temptation","Eau de Parfum","380000","IDR","InStock","Pear | Caramel | Apple","Cocoa","Amber | Vanilla | Musk","Gourmand | Amber","Hangat | Nyaman | Sensual","Masculine","","Malam | ️ Dingin","https://mtdlhxbwblrxtzsdjlav.supabase.co/storage/v1/object/public/perfume-images/9a11b27a-698a-4c6d-850b-1840ae1bd43e/orgsm-melting-temptation-hmns-1.webp | https://mtdlhxbwblrxtzsdjlav.supabase.co/storage/v1/object/public/perfume-images/9a11b27a-698a-4c6d-850b-1840ae1bd43e/orgsm-melting-temptation-hmns-2.webp | https://mtdlhxbwblrxtzsdjlav.supabase.co/storage/v1/object/public/perfume-images/9a11b27a-698a-4c6d-850b-1840ae1bd43e/orgsm-melting-temptation-hmns-3.webp | https://mtdlhxbwblrxtzsdjlav.supabase.co/storage/v1/object/public/perfume-images/9a11b27a-698a-4c6d-850b-1840ae1bd43e/orgsm-melting-temptation-hmns-4.webp","https://s.shopee.co.id/7pmuvdVfgH","honino-romeo-roses | reboura-living-montage | ouru-warm-whiskey | layr-kyoto-jazz | mykonos-caramel-fudge-cookie","HMNS Orgsm Melting Temptation adalah parfum gourmand-amber yang menghadirkan sensasi manis, hangat, dan cozy, sempurna untuk malam spesial atau bersantai.","https://cariparfum.com/parfum/hmns-orgsm-melting-temptation","","2026-10-06T13:24:50.214Z"
"HMNS","Philea","Eau de Parfum","385000","IDR","InStock","Bergamot | Coriander | Magnolia","Orange Blossom | Mimosa Absolute | Jasmine Sambac","Cashmeran | Heliotrope | Musk","Floral | Powdery","Bersih | Menenangkan","Masculine","","Pagi | ️ Siang | Sore | ️ Panas | ️ Hujan","https://mtdlhxbwblrxtzsdjlav.supabase.co/storage/v1/object/public/perfume-images/1017f9ce-ffc5-426b-a3b5-732d77d7777a/philea-hmns-1.webp | https://mtdlhxbwblrxtzsdjlav.supabase.co/storage/v1/object/public/perfume-images/1017f9ce-ffc5-426b-a3b5-732d77d7777a/philea-hmns-2.webp | https://mtdlhxbwblrxtzsdjlav.supabase.co/storage/v1/object/public/perfume-images/1017f9ce-ffc5-426b-a3b5-732d77d7777a/philea-hmns-3.webp | https://mtdlhxbwblrxtzsdjlav.supabase.co/storage/v1/object/public/perfume-images/1017f9ce-ffc5-426b-a3b5-732d77d7777a/philea-hmns-4.webp | https://mtdlhxbwblrxtzsdjlav.supabase.co/storage/v1/object/public/perfume-images/1017f9ce-ffc5-426b-a3b5-732d77d7777a/philea-hmns-5.webp","https://s.shopee.co.id/8pfS7RxC9h","hindsight-muskmallow | scuse-me-jasmine-to-be | saka-perfumery-teaphoria | readyset-the-witch | loco-scent-dialogue-ivi","HMNS Philea adalah parfum floral modern dengan sentuhan musky dan powdery, ideal untuk suasana santai di pagi hingga sore hari di iklim tropis.","https://cariparfum.com/parfum/hmns-philea","","2026-10-06T13:24:46.881Z"
"HMNS","SORE Eterna","Eau de Parfum","385000","IDR","InStock","Bergamot | Petitgrain | Orange","Peach | Rose | Ylang-Ylang","Cedarwood | Sandalwood | Musk","Sitrus Segar | Floral","Menyegarkan | Menenangkan","Masculine","","️ Siang | Sore | Malam | ️ Panas | ️ Hujan","https://mtdlhxbwblrxtzsdjlav.supabase.co/storage/v1/object/public/perfume-images/5d698d62-b28a-4f28-bb01-20ba76f5e93a/sore-eterna-hmns-1.webp | https://mtdlhxbwblrxtzsdjlav.supabase.co/storage/v1/object/public/perfume-images/5d698d62-b28a-4f28-bb01-20ba76f5e93a/sore-eterna-hmns-2.webp | https://mtdlhxbwblrxtzsdjlav.supabase.co/storage/v1/object/public/perfume-images/5d698d62-b28a-4f28-bb01-20ba76f5e93a/sore-eterna-hmns-3.webp | https://mtdlhxbwblrxtzsdjlav.supabase.co/storage/v1/object/public/perfume-images/5d698d62-b28a-4f28-bb01-20ba76f5e93a/sore-eterna-hmns-4.webp | https://mtdlhxbwblrxtzsdjlav.supabase.co/storage/v1/object/public/perfume-images/5d698d62-b28a-4f28-bb01-20ba76f5e93a/sore-eterna-hmns-5.webp","https://s.shopee.co.id/BNTnZFqWO","honino-romeo-roses | loco-scent-red-rhapsody | evesol-jinggala | project-1945-bamboe-roencing | layr-get-naked","HMNS SORE Eterna menggabungkan kesegaran citrus, floral lembut, dan creamy woody, pas untuk suasana santai atau aktivitas sore di Indonesia.","https://cariparfum.com/parfum/hmns-sore-eterna","","2026-10-06T13:26:24.513Z"
"HMNS","The Perfection","Eau de Parfum","398000","IDR","InStock","Bergamot | Elemi resin | Clove | Nutmeg","Green Pear | Marigold | Lavender | Lily of the Valley","Sandalwood | Leather | Driftwood | Musk","Woody | Fruity","Bersih | Nyaman","Masculine","","Sore | Malam | ️ Panas | ️ Dingin","https://mtdlhxbwblrxtzsdjlav.supabase.co/storage/v1/object/public/perfume-images/5251f4f4-f9c0-44a0-84df-e9437da1cbed/t81nzz-hmns-the-perfection.webp | https://mtdlhxbwblrxtzsdjlav.supabase.co/storage/v1/object/public/perfume-images/5251f4f4-f9c0-44a0-84df-e9437da1cbed/t81o02rt1bw-hmns-the-perfection.webp | https://mtdlhxbwblrxtzsdjlav.supabase.co/storage/v1/object/public/perfume-images/5251f4f4-f9c0-44a0-84df-e9437da1cbed/t81o04jtl0o-hmns-the-perfection.webp","https://s.shopee.co.id/3fxLxoSolt","hmns-ambar-janma | reboura-majestic-night | reboura-flora-notes | mykonos-dark-secret | aoera-signature","HMNS The Perfection adalah Eau de Parfum dengan aroma green pear, sandalwood, dan leather yang terasa bersih, hangat, dan nyaman dipakai sore hingga malam.","https://cariparfum.com/parfum/hmns-the-perfection","","2026-10-06T13:25:54.741Z"
"HMNS","The Prestige","Eau de Parfum","398000","IDR","InStock","Pink Pepper | Grapefruit | Tobacco","Patchouli | Geranium | Orris","Labdanum | Tolu Balsam | Vetiver","Kering & Smoky | Amber","Tegas | Hangat | Misterius","Masculine","","Malam | ️ Dingin","https://mtdlhxbwblrxtzsdjlav.supabase.co/storage/v1/object/public/perfume-images/033dc629-badb-4b51-b9de-210b72213198/the-prestige-hmns-1.webp | https://mtdlhxbwblrxtzsdjlav.supabase.co/storage/v1/object/public/perfume-images/033dc629-badb-4b51-b9de-210b72213198/the-prestige-hmns-2.webp | https://mtdlhxbwblrxtzsdjlav.supabase.co/storage/v1/object/public/perfume-images/033dc629-badb-4b51-b9de-210b72213198/the-prestige-hmns-3.webp | https://mtdlhxbwblrxtzsdjlav.supabase.co/storage/v1/object/public/perfume-images/033dc629-badb-4b51-b9de-210b72213198/the-prestige-hmns-4.webp","https://s.shopee.co.id/8KjBWdIGEy","loco-scent-into-the-waves | mandalika-rebel | saudade-olfactory-unopened-letter | honor-perfume-denali | elvicto-las-vegas","HMNS The Prestige adalah parfum EdP yang menyajikan kombinasi tembakau, patchouli, dan balsam, menghadirkan kesan hangat dan maskulin yang bold untuk malam.","https://cariparfum.com/parfum/hmns-the-prestige","","2026-10-06T13:25:41.059Z"
"HMNS","Unpatched","Eau de Parfum","398000","IDR","InStock","Chocolate | Madagascar Vanilla | Jasmine Sambac","Akigalawood | Caramel | Rose","Amber | Tonka Bean | Musk","","","","","","https://mtdlhxbwblrxtzsdjlav.supabase.co/storage/v1/object/public/perfume-images/89b1dc2e-f004-4776-98a8-cc67c14d6851/unpatched-hmns-1.webp | https://mtdlhxbwblrxtzsdjlav.supabase.co/storage/v1/object/public/perfume-images/89b1dc2e-f004-4776-98a8-cc67c14d6851/unpatched-hmns-2.webp | https://mtdlhxbwblrxtzsdjlav.supabase.co/storage/v1/object/public/perfume-images/89b1dc2e-f004-4776-98a8-cc67c14d6851/unpatched-hmns-3.webp | https://mtdlhxbwblrxtzsdjlav.supabase.co/storage/v1/object/public/perfume-images/89b1dc2e-f004-4776-98a8-cc67c14d6851/unpatched-hmns-4.webp","https://s.shopee.co.id/6AegwWhLuq","honino-romeo-roses | loco-scent-red-rhapsody | world-of-make-scents-kiko-crumbs-solid-perfume | mykonos-xoxo-rosy | mykonos-moroccan-vanilla","Unpatched dari HMNS memadukan aroma chocolate, Madagascar vanilla, jasmine sambac, akigalawood, caramel, rose, tonka bean, amber, dan musk.","https://cariparfum.com/parfum/hmns-unpatched","","2026-10-06T13:24:54.028Z"
"HMNS","Unrosed","Eau de Parfum","374000","IDR","InStock","Palmarosa","Earthy","Musk","","","","","","https://mtdlhxbwblrxtzsdjlav.supabase.co/storage/v1/object/public/perfume-images/31203014-1fc9-4369-9001-f876b2a30b5d/unrosed-hmns-1.webp | https://mtdlhxbwblrxtzsdjlav.supabase.co/storage/v1/object/public/perfume-images/31203014-1fc9-4369-9001-f876b2a30b5d/unrosed-hmns-2.webp | https://mtdlhxbwblrxtzsdjlav.supabase.co/storage/v1/object/public/perfume-images/31203014-1fc9-4369-9001-f876b2a30b5d/unrosed-hmns-3.webp | https://mtdlhxbwblrxtzsdjlav.supabase.co/storage/v1/object/public/perfume-images/31203014-1fc9-4369-9001-f876b2a30b5d/unrosed-hmns-4.webp","https://s.shopee.co.id/4VWSxJrOxm","honino-romeo-roses | elvicto-old-money | elaya-choose-you | mykonos-baby-love | avalanche-tidal-wave","Unrosed dari HMNS memadukan aroma palmarosa, nuansa earthy di tengah, dan musk sebagai dasar dalam satu komposisi parfum.","https://cariparfum.com/parfum/hmns-unrosed","","2026-10-06T13:26:00.648Z"
"HMNS","Untitled Humans Aroma 01","Eau de Parfum","395000","IDR","InStock","Ambrette | Coriander | Violet Leaf","Rose | Velvet","Sandalwood | Vanilla | Cypriol","","","","","","https://mtdlhxbwblrxtzsdjlav.supabase.co/storage/v1/object/public/perfume-images/2850a5aa-0a48-46e3-b727-cdd8171f7c70/untitled-humans-aroma-01-hmns-1.webp | https://mtdlhxbwblrxtzsdjlav.supabase.co/storage/v1/object/public/perfume-images/2850a5aa-0a48-46e3-b727-cdd8171f7c70/untitled-humans-aroma-01-hmns-2.webp | https://mtdlhxbwblrxtzsdjlav.supabase.co/storage/v1/object/public/perfume-images/2850a5aa-0a48-46e3-b727-cdd8171f7c70/untitled-humans-aroma-01-hmns-3.webp | https://mtdlhxbwblrxtzsdjlav.supabase.co/storage/v1/object/public/perfume-images/2850a5aa-0a48-46e3-b727-cdd8171f7c70/untitled-humans-aroma-01-hmns-4.webp","https://s.shopee.co.id/4AtcYm4wQj","loco-scent-red-rhapsody | mykonos-moroccan-vanilla | honino-romeo-roses | scentnario-adam-s-eden | honor-perfume-husk","HMNS Untitled Humans Aroma 01 memadukan ambrette, coriander, violet leaf, rose, velvet, cypriol, sandalwood, dan vanilla.","https://cariparfum.com/parfum/hmns-untitled-humans-aroma-01","","2026-10-06T13:25:57.399Z"
"HMNS","Untitled Humans Aroma 02","Eau de Parfum","385000","IDR","InStock","Rose Absolute | Annise","Violet | Orris","Cashmere | Milk | Musk","","","","","","https://mtdlhxbwblrxtzsdjlav.supabase.co/storage/v1/object/public/perfume-images/4aaf559d-e080-44c1-af50-e1ac0083e31f/untitled-humans-aroma-02-hmns-1.webp | https://mtdlhxbwblrxtzsdjlav.supabase.co/storage/v1/object/public/perfume-images/4aaf559d-e080-44c1-af50-e1ac0083e31f/untitled-humans-aroma-02-hmns-2.webp | https://mtdlhxbwblrxtzsdjlav.supabase.co/storage/v1/object/public/perfume-images/4aaf559d-e080-44c1-af50-e1ac0083e31f/untitled-humans-aroma-02-hmns-3.webp | https://mtdlhxbwblrxtzsdjlav.supabase.co/storage/v1/object/public/perfume-images/4aaf559d-e080-44c1-af50-e1ac0083e31f/untitled-humans-aroma-02-hmns-4.webp","https://s.shopee.co.id/4VWSxYykRL","mykonos-baby-love | honino-romeo-roses | loco-scent-red-rhapsody | mykonos-xoxo-rosy | world-of-make-scents-ermis-solid-perfume","HMNS Untitled Humans Aroma 02 memadukan annise, rose absolute, orris, violet, cashmere, milk, dan musk dalam satu komposisi aroma.","https://cariparfum.com/parfum/hmns-untitled-humans-aroma-02","","2026-10-06T13:25:05.152Z"
"Honino","Baby Boomers","Eau de Parfum","239000","IDR","InStock","Pink Pepper | Red Rose | Blackcurrant","Aldehyde | Sandalwood | Cashmere Wood","Patchouli | Moss | Musk","Woody | Floral Lembut","Nyaman | Elegan","Masculine","","Sore | Malam | ️ Dingin | ️ Hujan","https://mtdlhxbwblrxtzsdjlav.supabase.co/storage/v1/object/public/perfume-images/a90c43e9-166d-4399-80fb-0d3ecd5598c5/tb84k8g47zo-honino-baby-boomers.webp | https://mtdlhxbwblrxtzsdjlav.supabase.co/storage/v1/object/public/perfume-images/a90c43e9-166d-4399-80fb-0d3ecd5598c5/tb84k8lo6u7-honino-baby-boomers.webp","https://s.shopee.co.id/60MWdN4db3","honino-romeo-roses | loco-scent-red-rhapsody | mykonos-xoxo-rosy | honino-shower-song | merah-poetih-rayuan-pulau-kelapa","Honino Baby Boomers menghadirkan aroma mawar modern dengan sentuhan kayu dan musk, cocok untuk momen santai dan hangat di sore hingga malam hari.","https://cariparfum.com/parfum/honino-baby-boomers","","2026-10-06T13:24:40.466Z"
"Honino","Glint Day","Eau de Parfum","239000","IDR","InStock","Bergamot | Mandarin","Mimosa | Jasmine Sambac | Iris","Amber | Sandalwood | Musk","Floral | Sitrus Segar","Nyaman | Bersih | Energik","Masculine","","Pagi | ️ Siang | Sore | ️ Panas | ️ Hujan","https://mtdlhxbwblrxtzsdjlav.supabase.co/storage/v1/object/public/perfume-images/adba06cd-3239-41f3-923f-0114707456cf/tb84k4kckj4-honino-glint-day.webp | https://mtdlhxbwblrxtzsdjlav.supabase.co/storage/v1/object/public/perfume-images/adba06cd-3239-41f3-923f-0114707456cf/tb84k5b7pbl-honino-glint-day.webp","https://s.shopee.co.id/AKVVnJx8dt","honino-romeo-roses | anamcara-coast | layr-kyoto-jazz | the-body-tale-portrait-of-kyoto | saka-perfumery-teaphoria","Honino Glint Day adalah EDP yang menyegarkan dengan sentuhan citrus dan floral lembut, cocok untuk kamu yang ingin tampil bersih dan effortless setiap hari.","https://cariparfum.com/parfum/honino-glint-day","","2026-10-06T13:25:54.538Z"
"Honino","Romeo & Roses","Eau de Parfum","298000","IDR","InStock","Amber | Aldehyde | Lily | Vanilla | Rose | Ylang-Ylang | Musk","Amber | Jasmine | Moroccan Rose | Damask Rose | Musk","Amber | Vanilla | Patchouli | Iris | Vetiver | Musk","Floral | Amber","Hangat | Elegan","Masculine","","Sore | Malam | ️ Dingin | ️ Hujan","https://mtdlhxbwblrxtzsdjlav.supabase.co/storage/v1/object/public/perfume-images/d7fce35c-6e55-47a0-90f1-274e5ad21b3f/tb84k6w6upq-honino-romeo-roses.webp | https://mtdlhxbwblrxtzsdjlav.supabase.co/storage/v1/object/public/perfume-images/d7fce35c-6e55-47a0-90f1-274e5ad21b3f/tb84k7mg489-honino-romeo-roses.webp","https://s.shopee.co.id/6VInEGSDoP","loco-scent-red-rhapsody | honor-perfume-baccarat | layr-slow-dance | scentalgia-fragrance-raw-morning-09-00am | scuse-me-to-be-a-wallflower","Honino Romeo & Roses adalah parfum floral amber yang lembut dan romantis, menyatukan mawar maroko, vanilla, dan sentuhan powdery iris untuk momen intim.","https://cariparfum.com/parfum/honino-romeo-roses","","2026-10-06T13:25:10.564Z"
"Honino","Shower Song","Eau de Parfum","220000","IDR","InStock","Bergamot | Pear | Grapefruit | Neroli | Lemon","Stephanotis | Orange Blossom | Peach | Rose | Blackcurrant","Cedarwood | Patchouli | Cashmere Wood | Musk","Floral | Sitrus Segar","Playful | Bersih | Energik","Masculine","","Pagi | ️ Siang | Sore | ️ Panas | ️ Hujan","https://mtdlhxbwblrxtzsdjlav.supabase.co/storage/v1/object/public/perfume-images/47f1e11a-a558-4511-80fc-365ccbc47535/tb84k2zniwu-honino-shower-song.webp | https://mtdlhxbwblrxtzsdjlav.supabase.co/storage/v1/object/public/perfume-images/47f1e11a-a558-4511-80fc-365ccbc47535/tb84k3vde40-honino-shower-song.webp","https://s.shopee.co.id/6Afwpdn0Qs","honino-romeo-roses | saudade-olfactory-bonsai-we-kept | loco-scent-red-rhapsody | mandalika-irresistible | mandalika-forbidden-temptation","Honino Shower Song adalah parfum EDP dengan aroma citrus-floral yang segar, clean, dan playful, cocok untuk momen santai maupun aktivitas sehari-hari di iklim.","https://cariparfum.com/parfum/honino-shower-song","","2026-10-06T13:25:34.666Z"
"Honino","Teddy's Blanket","Eau de Parfum","298000","IDR","InStock","Mandarin | Grapefruit | Apple","Jasmine | Lemon | Tuberose","Amber | Heliotrope | Musk","Powdery | Floral","Nyaman | Menenangkan","Masculine","","Sore | Malam | ️ Dingin | ️ Hujan","https://mtdlhxbwblrxtzsdjlav.supabase.co/storage/v1/object/public/perfume-images/26905aa8-3e73-444b-a5ea-84cd9e0c68de/tb84k07vccy-honino-teddy-s-blanket.webp | https://mtdlhxbwblrxtzsdjlav.supabase.co/storage/v1/object/public/perfume-images/26905aa8-3e73-444b-a5ea-84cd9e0c68de/tb84k1fc9bj-honino-teddy-s-blanket.webp","https://s.shopee.co.id/4fr92rsmDA","honino-romeo-roses | mandalika-icon | the-body-tale-portrait-of-kyoto | vlagio-perfume-jamila | elaya-good-habit","Honino Teddy's Blanket adalah parfum EDP dengan aroma citrus, floral, dan sentuhan musk yang lembut, cocok untuk malam santai dan suasana cozy.","https://cariparfum.com/parfum/honino-teddys-blanket","","2026-10-06T13:25:43.570Z"
"Honor Perfume","Alpha","Eau de Parfum","30000","IDR","InStock","Bergamot","Lavender | Sichuan Pepper | Nutmeg | Star Anise","Ambroxan | Vanilla","Aromatik | Gourmand","Hangat | Nyaman","Masculine","","Sore | Malam | ️ Dingin","https://mtdlhxbwblrxtzsdjlav.supabase.co/storage/v1/object/public/perfume-images/4d5ed4d1-bd82-4f0a-821a-c13180e756c9/t8ifrrj44ud-vlagio-perfume-alpha-vlagio.webp | https://mtdlhxbwblrxtzsdjlav.supabase.co/storage/v1/object/public/perfume-images/4d5ed4d1-bd82-4f0a-821a-c13180e756c9/t8ifrrqjt52-vlagio-perfume-alpha-vlagio.webp","https://s.shopee.co.id/9KbtoqYxDd","reboura-flora-notes | scentalgia-fragrance-the-starry-night-nocturne | gioia-fragrances-firenze | satellite-of-glow-cielo | world-of-make-scents-kiko-crumbs-solid-perfume","Honor Perfume Alpha membawa aroma lavender pedas dan vanilla hangat, kombinasi yang cozy untuk malam santai atau momen refleksi personal di ruangan sejuk.","https://cariparfum.com/parfum/honor-perfume-alpha","","2026-10-06T13:26:08.720Z"
"Honor Perfume","Baccarat","Eau de Parfum","30000","IDR","InStock","Hyacinth | Pineapple","Jasmine | Pink Pepper | Iris","Amber | Vanilla | Patchouli | Baccarat Accord | Vetiver | Musk","Amber | Powdery","Elegan | Hangat","Masculine","","Sore | Malam | ️ Dingin | ️ Hujan","https://mtdlhxbwblrxtzsdjlav.supabase.co/storage/v1/object/public/perfume-images/074eda81-4b17-405f-b4a1-3db133db1491/t8ifk4lm2qk-honor-perfume-baccarat.webp | https://mtdlhxbwblrxtzsdjlav.supabase.co/storage/v1/object/public/perfume-images/074eda81-4b17-405f-b4a1-3db133db1491/t8ifk5ikz6z-honor-perfume-baccarat.webp","https://s.shopee.co.id/4VWe0Dx4kC","honino-romeo-roses | layr-kyoto-jazz | mykonos-black-opera | layr-slow-dance | layr-midnight-haze","Honor Perfume Baccarat adalah parfum EdP yang memadukan aroma powdery, amber, dan vanilla dengan sentuhan floral, menghadirkan nuansa hangat dan elegan.","https://cariparfum.com/parfum/honor-perfume-baccarat","","2026-10-06T13:26:19.297Z"
"Honor Perfume","Bronx","Eau de Parfum","30000","IDR","InStock","Mandarin Orange | Candy Apple | Lemon | Mint","Ambroxan | Geranium | Clary Sage","Sandalwood | Cedar | Vanilla | Patchouli | Bitter Orange | Leather","Hijau Segar | Woody","Sejuk | Tegas","Masculine","","Sore | Malam | ️ Dingin","https://mtdlhxbwblrxtzsdjlav.supabase.co/storage/v1/object/public/perfume-images/164d696c-7d56-4346-ba8a-90b9e71f0824/t8ifk12njaf-honor-perfume-bronx.webp | https://mtdlhxbwblrxtzsdjlav.supabase.co/storage/v1/object/public/perfume-images/164d696c-7d56-4346-ba8a-90b9e71f0824/t8ifk1hicgd-honor-perfume-bronx.webp","https://s.shopee.co.id/60LRmv1qh4","loco-scent-into-the-waves | argve-ardour | world-of-make-scents-ermis-solid-perfume | honor-perfume-crimson | honor-perfume-denali","Honor Perfume Bronx menghadirkan sensasi mint segar bertemu vanilla dan leather yang hangat, cocok untuk malam urban penuh kejutan dan karakter unik.","https://cariparfum.com/parfum/honor-perfume-bronx","","2026-10-06T13:26:01.815Z"
"Honor Perfume","CARAT","Eau de Parfum","37000","IDR","InStock","Mandarin | Sweet Orange | Apple Blossom","Lily | Peony | Rose","Lavender | Cashmeran | Vetiver","Floral | Sitrus Segar","Menyegarkan | Ringan | Menenangkan","Masculine","","Pagi | ️ Siang | Sore | ️ Panas | ️ Hujan","https://mtdlhxbwblrxtzsdjlav.supabase.co/storage/v1/object/public/perfume-images/8a49817e-fbd5-4f44-836c-8160d71f804b/t8ifmcaubq6-honor-perfume-carat.webp | https://mtdlhxbwblrxtzsdjlav.supabase.co/storage/v1/object/public/perfume-images/8a49817e-fbd5-4f44-836c-8160d71f804b/t8ifmcjvcgq-honor-perfume-carat.webp","https://s.shopee.co.id/BNeqJcl5p","loco-scent-red-rhapsody | honino-romeo-roses | sianc-melody-of-spring | scentalgia-fragrance-raw-morning-09-00am | kitraka-meridian","Honor Perfume CARAT adalah parfum EdP dengan aroma floral-fresh yang lembut, cocok untuk kamu yang suka suasana pagi penuh semangat dan nuansa modern feminin.","https://cariparfum.com/parfum/honor-perfume-carat","","2026-10-06T13:24:49.933Z"
"Honor Perfume","CRIMSON","Eau de Parfum","40000","IDR","InStock","Bergamot | Basil | Lavender | Lemon","Cinnamon | Clove | Apple | Geranium","Cedarwood | Vanilla | Oakmoss | Patchouli | Labdanum","Woody | Amber","Hangat | Nyaman | Elegan","Masculine","","Sore | Malam | ️ Dingin","https://mtdlhxbwblrxtzsdjlav.supabase.co/storage/v1/object/public/perfume-images/7d9b070f-444b-4150-b558-5be353789ac9/t8ifri1kqz5-honor-perfume-crimson-honor-perfume.webp | https://mtdlhxbwblrxtzsdjlav.supabase.co/storage/v1/object/public/perfume-images/7d9b070f-444b-4150-b558-5be353789ac9/t8ifrj8rp3y-honor-perfume-crimson-honor-perfume.webp","https://s.shopee.co.id/4Atnc7zIwc","sonder-scents-255 | elvicto-suit-tie | bali-surfers-bali-cliff | house-of-dappers-9-to-5 | world-of-make-scents-ermis-solid-perfume","Honor Perfume CRIMSON adalah aroma woody spicy yang hangat dengan sentuhan segar di awal, cocok untuk malam santai penuh keintiman dan kenyamanan.","https://cariparfum.com/parfum/honor-perfume-crimson","","2026-10-06T13:24:54.450Z"
"Honor Perfume","Dakota","Eau de Parfum","32000","IDR","InStock","Balsamic Note | Floral Accord | Fruity Accord","Jasmine | Spicy Note | Damask Rose","Amber | White Musk | Sweet Note","Fruity | Amber","Playful | Hangat","Masculine","","Sore | Malam | ️ Hujan | ️ Dingin","https://mtdlhxbwblrxtzsdjlav.supabase.co/storage/v1/object/public/perfume-images/3057d2a7-9f95-4abf-bd33-9d907c32efbf/t8ifmein9u1-honor-perfume-dakota.webp | https://mtdlhxbwblrxtzsdjlav.supabase.co/storage/v1/object/public/perfume-images/3057d2a7-9f95-4abf-bd33-9d907c32efbf/t8ifmf81ksb-honor-perfume-dakota.webp","https://s.shopee.co.id/8KjMZlDoL1","honino-romeo-roses | loco-scent-red-rhapsody | mykonos-xoxo-rosy | vlagio-perfume-contessa | mykonos-moroccan-vanilla","Honor Perfume Dakota adalah Eau de Parfum fruity-floral dengan sentuhan amber manis, cocok untuk suasana hangout santai dan sore hingga malam hari.","https://cariparfum.com/parfum/honor-perfume-dakota","","2026-10-06T13:26:17.936Z"
"Honor Perfume","Denali","Eau de Parfum","30000","IDR","InStock","Aldehyde | Bergamot | Pink Pepper | Grapefruit | Lemon | Coriander | Mint","Ginger | Jasmine | Nutmeg | Melon","Amber | Amberwood | Sandalwood | Cedar | Patchouli | Labdanum | Incense","Sitrus Segar | Woody","Menyegarkan | Hangat","Masculine","","Sore | Malam | ️ Dingin | ️ Hujan","https://mtdlhxbwblrxtzsdjlav.supabase.co/storage/v1/object/public/perfume-images/eaaa6e9e-c5c3-43d8-94dc-3f06411b2ad9/t8ifl3sbxj6-honor-perfume-denali.webp | https://mtdlhxbwblrxtzsdjlav.supabase.co/storage/v1/object/public/perfume-images/eaaa6e9e-c5c3-43d8-94dc-3f06411b2ad9/t8ifl4a2igm-honor-perfume-denali.webp","https://s.shopee.co.id/60LRmr2um2","loco-scent-into-the-waves | argve-ardour | avalanche-interview-room | royal-fragrance-blues | sonder-scents-255","Honor Perfume Denali adalah parfum citrus woody dengan sentuhan mint dan amber, menghadirkan kesejukan pagi pegunungan yang berpadu kehangatan kayu.","https://cariparfum.com/parfum/honor-perfume-denali","","2026-10-06T13:26:34.130Z"
"Honor Perfume","Florian","Eau de Parfum","32000","IDR","InStock","Pink Pepper | Grapefruit | Aldehyde Note","Floral Accord | Rose | Carrot Seed | Iris","Amber | Musk","Floral Lembut | Powdery","Bersih | Elegan | Ringan","Masculine","","Pagi | ️ Siang | Sore | ️ Panas | ️ Hujan","https://mtdlhxbwblrxtzsdjlav.supabase.co/storage/v1/object/public/perfume-images/563caeb3-30ae-4eeb-86ad-61c74a02c0ee/t8ifmgbw26o-honor-perfume-florian.webp | https://mtdlhxbwblrxtzsdjlav.supabase.co/storage/v1/object/public/perfume-images/563caeb3-30ae-4eeb-86ad-61c74a02c0ee/t8ifmhzjjac-honor-perfume-florian.webp","https://s.shopee.co.id/6puYmbppCR","honino-romeo-roses | loco-scent-red-rhapsody | mykonos-xoxo-rosy | reboura-ellinika-doors | scentalgia-fragrance-raw-morning-09-00am","Honor Perfume Florian adalah Eau de Parfum floral-powdery yang segar dan elegan, cocok untuk daily wear atau suasana formal di cuaca tropis Indonesia.","https://cariparfum.com/parfum/honor-perfume-florian","","2026-10-06T13:25:21.674Z"
"Honor Perfume","Husk","Eau de Parfum","32000","IDR","InStock","Bergamot | Coriander | Violet Leaf","Black Pepper | Rose | Lily of the Valley","Ambergris | Bourbon Vanilla | Patchouli","Amber | Floral","Hangat | Nyaman","Masculine","","Sore | Malam | ️ Dingin | ️ Hujan","https://mtdlhxbwblrxtzsdjlav.supabase.co/storage/v1/object/public/perfume-images/40ed00ad-a7cd-4aff-a5fb-7847d93798c6/t8ifl0c9x5c-honor-perfume-husk.webp | https://mtdlhxbwblrxtzsdjlav.supabase.co/storage/v1/object/public/perfume-images/40ed00ad-a7cd-4aff-a5fb-7847d93798c6/t8ifl1omse7-honor-perfume-husk.webp","https://s.shopee.co.id/4VWe08ulR1","honino-romeo-roses | maison-garnet-the-senator | mykonos-moroccan-vanilla | loco-scent-red-rhapsody | layr-second-skin","Honor Perfume Husk adalah parfum EdP dengan nuansa floral, spicy, dan warm vanilla, sempurna untuk malam santai atau suasana intimate di ruangan ber-AC.","https://cariparfum.com/parfum/honor-perfume-husk","","2026-10-06T13:25:43.463Z"
"Honor Perfume","Layton","Eau de Parfum","32000","IDR","InStock","Bergamot | Sea Note | Aquozone | Green Mandarin","Mastic | Lavender | Rosemary | Cypress","Amber | Patchouli | Mineral Note | Musk","Akuatik | Aromatik","Menyegarkan | Bersih | Energik","Masculine","","Pagi | ️ Siang | Sore | ️ Panas | ️ Hujan","https://mtdlhxbwblrxtzsdjlav.supabase.co/storage/v1/object/public/perfume-images/4941399a-33e6-4e5e-a68c-de828c18eb05/t8iflc7by8r-honor-perfume-layton.webp | https://mtdlhxbwblrxtzsdjlav.supabase.co/storage/v1/object/public/perfume-images/4941399a-33e6-4e5e-a68c-de828c18eb05/t8iflddw2en-honor-perfume-layton.webp","https://s.shopee.co.id/4AtnbdAj8Z","honino-romeo-roses | sonder-scents-255 | hint-ultimate | reboura-majestic-night | mykonos-reflection","Honor Perfume Layton menghadirkan aroma fresh aquatic dengan sentuhan herbal dan mineral yang maskulin, cocok untuk hari-hari aktif di cuaca tropis.","https://cariparfum.com/parfum/honor-perfume-layton","","2026-10-06T13:26:23.553Z"
"Honor Perfume","Royce","Eau de Parfum","32000","IDR","InStock","Bergamot | Pink Pepper | Lemon | Blackcurrant | Apple","Patchouli | Pineapple | Moroccan Jasmine","Cedarwood | Ambroxan | Oakmoss | Birch | Musk","Fruity | Woody","Energik | Tegas","Masculine","","Sore | Malam | ️ Panas | ️ Dingin","https://mtdlhxbwblrxtzsdjlav.supabase.co/storage/v1/object/public/perfume-images/1e40c574-596d-4525-a3d1-b4c0afb5c234/t8ifl7581tw-honor-perfume-royce.webp | https://mtdlhxbwblrxtzsdjlav.supabase.co/storage/v1/object/public/perfume-images/1e40c574-596d-4525-a3d1-b4c0afb5c234/t8ifl8g72ef-honor-perfume-royce.webp","https://s.shopee.co.id/14EduWbYH","sarcasm-fragrance-sigma | argve-ardour | de-antoine-boise | honino-shower-song | honor-perfume-crimson","Honor Perfume Royce adalah parfum woody fruity yang seimbang antara segar dan maskulin, cocok dipakai sore hingga malam hari untuk segala aktivitas.","https://cariparfum.com/parfum/honor-perfume-royce","","2026-10-06T13:25:46.116Z"
"Honor Perfume","Violet","Eau de Parfum","32000","IDR","InStock","Bergamot | Spice","Jasmine | Rose","Sandalwood | Cedar | Musk","Floral | Woody","Elegan | Menenangkan","Masculine","","️ Siang | Sore | Malam | ️ Panas | ️ Hujan","https://mtdlhxbwblrxtzsdjlav.supabase.co/storage/v1/object/public/perfume-images/42fa8ebb-bd4a-4d73-8037-da869d91d563/t8ifrlazgns-honor-perfume-violet.webp | https://mtdlhxbwblrxtzsdjlav.supabase.co/storage/v1/object/public/perfume-images/42fa8ebb-bd4a-4d73-8037-da869d91d563/t8ifrl106ec-honor-perfume-violet.webp","https://s.shopee.co.id/6puYmd2PiS","honino-romeo-roses | loco-scent-red-rhapsody | sighnil-cherry-on-date-night | botanical-essentials-sanctuary | world-of-make-scents-ermis-solid-perfume","Honor Perfume Violet adalah parfum floral woody yang lembut dan bersih, cocok untuk pecinta aroma elegan yang ingin tampil effortless setiap hari.","https://cariparfum.com/parfum/honor-perfume-violet","","2026-10-06T13:24:47.495Z"
"House of Dappers","9 to 5","Eau de Parfum","199000","IDR","InStock","Bergamot | Basil | Lemon","Lavender | Vetiver","Cedarwood | Sandalwood | Oakmoss | Patchouli | Musk","Aromatik | Woody","Bersih | Energik | Menenangkan","Masculine","","Pagi | ️ Siang | Sore | ️ Panas | ️ Hujan","https://mtdlhxbwblrxtzsdjlav.supabase.co/storage/v1/object/public/perfume-images/d9387c23-18cf-4f89-9c35-d0a44bc7ff90/t82hn9r9ep0-house-of-dappers-9-to-5.webp | https://mtdlhxbwblrxtzsdjlav.supabase.co/storage/v1/object/public/perfume-images/d9387c23-18cf-4f89-9c35-d0a44bc7ff90/t82hnb61mzx-house-of-dappers-9-to-5.webp | https://mtdlhxbwblrxtzsdjlav.supabase.co/storage/v1/object/public/perfume-images/d9387c23-18cf-4f89-9c35-d0a44bc7ff90/t82hnd8bxjz-house-of-dappers-9-to-5.webp","https://s.shopee.co.id/4AteDc6ERk","world-of-make-scents-ermis-solid-perfume | house-of-medici-baldassare-sprezzatura | honor-perfume-crimson | argve-ardour | saudade-olfactory-bonsai-we-kept","House of Dappers 9 to 5 adalah parfum EdP bernuansa citrus-aromatic, clean, dan profesional, cocok untuk pecinta aroma segar dengan aksen kayu maskulin modern.","https://cariparfum.com/parfum/house-of-dappers-9-to-5","","2026-10-06T13:26:33.405Z"
"House of Dappers","A Bouquet For Me","Eau de Parfum","199000","IDR","InStock","Pink Grapefruit | Foliage | Blackcurrant","Lotus | Hyacinth | Lily of the Valley","Mineral Amber | White Musk | Vegetal Water","Hijau Segar | Floral","Menyegarkan | Bersih","Masculine","","Pagi | ️ Siang | Sore | ️ Panas | ️ Hujan","https://mtdlhxbwblrxtzsdjlav.supabase.co/storage/v1/object/public/perfume-images/fc4446f9-e564-4726-a532-0e3a10814df1/t8a6eh2aprb-house-of-dappers-a-bouquet-for-me.webp | https://mtdlhxbwblrxtzsdjlav.supabase.co/storage/v1/object/public/perfume-images/fc4446f9-e564-4726-a532-0e3a10814df1/t8a6ei7bn73-house-of-dappers-a-bouquet-for-me.webp | https://mtdlhxbwblrxtzsdjlav.supabase.co/storage/v1/object/public/perfume-images/fc4446f9-e564-4726-a532-0e3a10814df1/t8a6ektruns-house-of-dappers-a-bouquet-for-me.webp","https://s.shopee.co.id/9KbkNF5fpR","voie-mistinguett | honino-romeo-roses | fordive-atlantis | citizens-of-the-world-malaga | mykonos-silent-whisper","House of Dappers A Bouquet For Me menghadirkan aroma floral-green yang clean dan segar, cocok untuk suasana tropis yang ceria dan ringan sepanjang hari.","https://cariparfum.com/parfum/house-of-dappers-a-bouquet-for-me","","2026-10-06T13:25:40.806Z"
"House of Dappers","Chocolate Factory","Eau de Parfum","199000","IDR","InStock","Cacao | Hazelnut","Floral Notes | Honey | Sandalwood","Vanilla | Cinnamon | Musk","Gourmand | Woody","Hangat | Nyaman","Masculine","","Malam | ️ Dingin","https://mtdlhxbwblrxtzsdjlav.supabase.co/storage/v1/object/public/perfume-images/b37a6df7-8782-469a-b321-abef504d8b4a/px38c-dappers-chocolate-factory.webp | https://mtdlhxbwblrxtzsdjlav.supabase.co/storage/v1/object/public/perfume-images/b37a6df7-8782-469a-b321-abef504d8b4a/7p34f-dappers-chocolate-factory.webp | https://mtdlhxbwblrxtzsdjlav.supabase.co/storage/v1/object/public/perfume-images/b37a6df7-8782-469a-b321-abef504d8b4a/m1by1-dappers-chocolate-factory.webp","https://s.shopee.co.id/10wcRoIE8e","honino-romeo-roses | mandalika-only-the-brave | world-of-make-scents-kiko-crumbs-solid-perfume | sonder-scents-255 | house-of-medici-sagacity-of-srivijaya","House of Dappers Chocolate Factory menghadirkan sensasi cokelat, hazelnut, dan vanilla yang hangat dan cozy, cocok untuk malam santai di ruangan sejuk.","https://cariparfum.com/parfum/house-of-dappers-chocolate-factory","","2026-10-06T13:25:00.695Z"
"House of Dappers","Fizzy Water","Eau de Parfum","199000","IDR","InStock","Lemon | Nectar | Pineapple | Agave","Birch | Juniper Berry | Vetiver","Cedarwood | Patchouli | Musk","Fruity | Woody","Menyegarkan | Energik","Masculine","","Pagi | ️ Siang | Sore | ️ Panas | ️ Hujan","https://mtdlhxbwblrxtzsdjlav.supabase.co/storage/v1/object/public/perfume-images/565f74fa-a805-4cf0-aef5-b5d91042c127/t82hnirt4xl-house-of-dappers-fizzy-water.webp | https://mtdlhxbwblrxtzsdjlav.supabase.co/storage/v1/object/public/perfume-images/565f74fa-a805-4cf0-aef5-b5d91042c127/t82hnkznmn7-house-of-dappers-fizzy-water.webp | https://mtdlhxbwblrxtzsdjlav.supabase.co/storage/v1/object/public/perfume-images/565f74fa-a805-4cf0-aef5-b5d91042c127/t82hnn6jj2h-house-of-dappers-fizzy-water.webp","https://s.shopee.co.id/1BG2e2jwSP","honor-perfume-royce | honino-romeo-roses | elaya-choose-you | aoera-prestige | yn-perfumery-floating-in-the-arctic","House of Dappers Fizzy Water adalah parfum fruity-woody dengan nuansa pineapple dan lemon segar, pas untuk hari panas yang butuh semangat baru.","https://cariparfum.com/parfum/house-of-dappers-fizzy-water","","2026-10-06T13:26:24.376Z"
"House of Dappers","Mango Sticky Rice","Eau de Parfum","199000","IDR","InStock","Lemon | Mango","Sesame Seed | Coconut Milk | Orris Root","Amber | Sandalwood | Vanilla | Agarwood","Gourmand | Fruity","Playful | Nyaman","Masculine","","Sore | Malam | ️ Dingin | ️ Hujan","https://mtdlhxbwblrxtzsdjlav.supabase.co/storage/v1/object/public/perfume-images/ec2f0206-3ee1-45c0-ad84-3fd634414005/t82hnsw9jh4-house-of-dappers-mango-sticky-rice-lost-in-bangkok.webp | https://mtdlhxbwblrxtzsdjlav.supabase.co/storage/v1/object/public/perfume-images/ec2f0206-3ee1-45c0-ad84-3fd634414005/t82hnupssba-house-of-dappers-mango-sticky-rice-lost-in-bangkok.webp | https://mtdlhxbwblrxtzsdjlav.supabase.co/storage/v1/object/public/perfume-images/ec2f0206-3ee1-45c0-ad84-3fd634414005/t82hnwfbyy2-house-of-dappers-mango-sticky-rice-lost-in-bangkok.webp","https://s.shopee.co.id/5L5bbovm7N","honino-romeo-roses | mykonos-moroccan-vanilla | loco-scent-red-rhapsody | scentnario-adam-s-eden | world-of-make-scents-kiko-crumbs-solid-perfume","House of Dappers Mango Sticky Rice membawa aroma mango creamy dan sentuhan coconut vanilla yang playful sekaligus cozy, cocok untuk suasana santai.","https://cariparfum.com/parfum/house-of-dappers-mango-sticky-rice","","2026-10-06T13:26:12.596Z"
"House of Dappers","Milk Tea","Eau de Parfum","199000","IDR","InStock","Black Tea | Cardamom","Condensed Milk | Cinnamon | Star Anise","Vanilla | Musk","Gourmand | Amber Lembut","Nyaman | Hangat","Masculine","","Sore | Malam | ️ Dingin | ️ Hujan","https://mtdlhxbwblrxtzsdjlav.supabase.co/storage/v1/object/public/perfume-images/9d31b890-71c4-437d-bd77-4d868c63d80f/t8rmowa0ilz-house-of-dappers-milk-tea-lost-in-bangkok.jpg | https://mtdlhxbwblrxtzsdjlav.supabase.co/storage/v1/object/public/perfume-images/9d31b890-71c4-437d-bd77-4d868c63d80f/t8rmoxq7qk4-house-of-dappers-milk-tea-lost-in-bangkok.jpg | https://mtdlhxbwblrxtzsdjlav.supabase.co/storage/v1/object/public/perfume-images/9d31b890-71c4-437d-bd77-4d868c63d80f/t8rmoy4kj6o-house-of-dappers-milk-tea-lost-in-bangkok.jpg","https://s.shopee.co.id/4AtehLES6b","honino-romeo-roses | scensology-oranos | sonder-scents-255 | mykonos-chai-crema-latte | loco-scent-saturday-cheers","House of Dappers Milk Tea membawa sensasi hangat teh manis dan rempah lembut, cocok untuk malam santai di udara sejuk dan cuaca hujan. Rasakan cozy vibes-nya.","https://cariparfum.com/parfum/house-of-dappers-milk-tea","","2026-10-06T13:26:28.658Z"
"House of Dappers","Morning Dew","Eau de Parfum","199000","IDR","InStock","Aldehydes | Green Notes | Grass","Wild Flower | Violet | Freesia","Sandalwood | Musk","Hijau Segar | Floral Lembut","Bersih | Ringan | Menenangkan","Masculine","","Pagi | ️ Siang | Sore | ️ Panas | ️ Hujan","https://mtdlhxbwblrxtzsdjlav.supabase.co/storage/v1/object/public/perfume-images/91d91416-f87f-4468-81f5-9aa43df9ee39/t8rmp0u3hr8-house-of-dappers-morning-dew.jpg | https://mtdlhxbwblrxtzsdjlav.supabase.co/storage/v1/object/public/perfume-images/91d91416-f87f-4468-81f5-9aa43df9ee39/t8rmp0opeuz-house-of-dappers-morning-dew.jpg | https://mtdlhxbwblrxtzsdjlav.supabase.co/storage/v1/object/public/perfume-images/91d91416-f87f-4468-81f5-9aa43df9ee39/t8rmp2st4oy-house-of-dappers-morning-dew.jpg","https://s.shopee.co.id/30hhJ7TRDC","mykonos-baby-love | house-of-dappers-smells-like-a-baby | wonderlust-fragrance-philia | world-of-make-scents-ermis-solid-perfume | de-antoine-velvet-garden","House of Dappers Morning Dew adalah parfum EdP dengan nuansa green-floral yang airy dan clean, sempurna untuk pagi atau siang hari tropis Indonesia.","https://cariparfum.com/parfum/house-of-dappers-morning-dew","","2026-10-06T13:26:27.402Z"
"House of Dappers","Nomadland","Eau de Parfum","199000","IDR","InStock","Bergamot | Orange | Peony | Gardenia Honey","Amber | Indonesian Patchouli | Cacao","Sandalwood | Vanilla | Incense | Musk","Amber | Floral","Hangat | Nyaman | Earthy","Masculine","","Sore | Malam | ️ Dingin | ️ Hujan","https://mtdlhxbwblrxtzsdjlav.supabase.co/storage/v1/object/public/perfume-images/493e444c-160b-4d05-b0a7-156830b0a482/t8a6k1lfd3b-house-of-dappers-nomadland.webp | https://mtdlhxbwblrxtzsdjlav.supabase.co/storage/v1/object/public/perfume-images/493e444c-160b-4d05-b0a7-156830b0a482/t8a6k3lgx64-house-of-dappers-nomadland.webp | https://mtdlhxbwblrxtzsdjlav.supabase.co/storage/v1/object/public/perfume-images/493e444c-160b-4d05-b0a7-156830b0a482/t8a6k37fex8-house-of-dappers-nomadland.webp","https://s.shopee.co.id/AUnhlPMxqz","honino-romeo-roses | hint-cotton | wonderlust-fragrance-philia | gioia-fragrances-jenny | world-of-make-scents-kiko-crumbs-solid-perfume","House of Dappers Nomadland adalah parfum EdP yang hangat dan earthy, memadukan bunga liar, madu, patchouli, dan sandalwood untuk suasana malam yang tenang.","https://cariparfum.com/parfum/house-of-dappers-nomadland","","2026-10-06T13:25:03.986Z"
"House of Dappers","Poetjoek Malam","Eau de Parfum","235000","IDR","InStock","Fig | Black Tea | Rosemary","Black Pepper | Ambrette | Lime | Cypress","Cedarwood | Patchouli | Vetiver","Woody | Aromatik","Earthy | Menenangkan","Masculine","","Sore | Malam | ️ Dingin | ️ Hujan","https://mtdlhxbwblrxtzsdjlav.supabase.co/storage/v1/object/public/perfume-images/6f2e1e44-c60d-41c7-8cf3-a349ed4a9c50/t8rmp4lb3bb-house-of-dappers-poetjoek-malam.jpg | https://mtdlhxbwblrxtzsdjlav.supabase.co/storage/v1/object/public/perfume-images/6f2e1e44-c60d-41c7-8cf3-a349ed4a9c50/t8rmp44h2ko-house-of-dappers-poetjoek-malam.jpg | https://mtdlhxbwblrxtzsdjlav.supabase.co/storage/v1/object/public/perfume-images/6f2e1e44-c60d-41c7-8cf3-a349ed4a9c50/t8rmp5n6paq-house-of-dappers-poetjoek-malam.jpg","https://s.shopee.co.id/1gCJiiFdQI","maison-garnet-sounds-of-the-alps | forsol-green-scene | saudade-olfactory-hidden-shrine | personal-chemistry-memo | botanical-essentials-after-hours","House of Dappers Poetjoek Malam adalah parfum woody-aromatic dengan nuansa teh hitam dan vetiver, menawarkan kesan tenang sekaligus earthy untuk pecinta aroma.","https://cariparfum.com/parfum/house-of-dappers-poetjoek-malam","","2026-10-06T13:26:07.294Z"
"House of Dappers","Silver Charm","Eau de Parfum","199000","IDR","InStock","Bergamot | Plum | Coriander | Ylang-Ylang","Sandalwood | Licorice Root | Dark Chocolate | Marzipan","Amber | Vanilla | Oakmoss | Musk","Gourmand | Woody","Hangat | Nyaman | Misterius","Masculine","","Sore | Malam | ️ Dingin | ️ Hujan","https://mtdlhxbwblrxtzsdjlav.supabase.co/storage/v1/object/public/perfume-images/1028e18f-fc46-4988-89ac-9dbbfb81c97d/t8747kp5kuu-house-of-dappers-silver-charm.webp | https://mtdlhxbwblrxtzsdjlav.supabase.co/storage/v1/object/public/perfume-images/1028e18f-fc46-4988-89ac-9dbbfb81c97d/t8747p7yvvu-house-of-dappers-silver-charm.webp | https://mtdlhxbwblrxtzsdjlav.supabase.co/storage/v1/object/public/perfume-images/1028e18f-fc46-4988-89ac-9dbbfb81c97d/t8747sj5opx-house-of-dappers-silver-charm.webp","https://s.shopee.co.id/5fiS0H7LT0","honino-romeo-roses | layr-kyoto-jazz | reboura-flora-notes | wonderlust-fragrance-philia | botanical-essentials-solace","House of Dappers Silver Charm menawarkan kombinasi gourmand fruity dan woody yang hangat, cocok untuk malam santai atau momen intim di udara sejuk.","https://cariparfum.com/parfum/house-of-dappers-silver-charm","","2026-10-06T13:25:35.835Z"
"House of Dappers","Smells Like a Baby","Eau de Parfum","199000","IDR","InStock","Powder | Aldehyde | Freesia | Iris","Violet | Rose Accord","Sandalwood | Patchouli | Iso E Super | Musk","Powdery | Floral Lembut","Bersih | Nyaman","Masculine","","Pagi | ️ Siang | Sore | ️ Panas | ️ Hujan","https://mtdlhxbwblrxtzsdjlav.supabase.co/storage/v1/object/public/perfume-images/5a3dddb9-b2b6-450e-8f65-9ee46f7f7d33/t8rn178bx84-brand-perfume.webp | https://mtdlhxbwblrxtzsdjlav.supabase.co/storage/v1/object/public/perfume-images/5a3dddb9-b2b6-450e-8f65-9ee46f7f7d33/t8rn1gh0xcm-brand-perfume.webp | https://mtdlhxbwblrxtzsdjlav.supabase.co/storage/v1/object/public/perfume-images/5a3dddb9-b2b6-450e-8f65-9ee46f7f7d33/t8rn1psxb5k-brand-perfume.webp","https://s.shopee.co.id/20p9dSNWuy","honino-romeo-roses | loco-scent-red-rhapsody | mykonos-baby-love | world-of-make-scents-ermis-solid-perfume | layr-get-naked","House of Dappers Smells Like a Baby menghadirkan aroma powdery floral yang clean dan comforting, cocok untuk pencinta wangi lembut elegan sepanjang hari.","https://cariparfum.com/parfum/house-of-dappers-smells-like-a-baby","","2026-10-06T13:25:51.881Z"
"House of Dappers","Stone Rose","Eau de Parfum","199000","IDR","InStock","Pink Pepper | Rose","Green Notes | Vetiver | Geranium","Cedar | Labdanum | Agarwood | Musk","Woody | Floral","Misterius | Earthy","Masculine","","Sore | Malam | ️ Dingin | ️ Hujan","https://mtdlhxbwblrxtzsdjlav.supabase.co/storage/v1/object/public/perfume-images/b11a69c1-9ff0-437c-9dd1-6218583631da/t8po9urfcjf-brand-perfume.jpg","https://s.shopee.co.id/7VA6Bi8vMe","loco-scent-red-rhapsody | honino-romeo-roses | mykonos-xoxo-rosy | constant-01-equal | loco-scent-smoke-on-top","House of Dappers Stone Rose membawa aroma mawar segar, vetiver, dan oud yang earthy, menciptakan nuansa woody-floral yang dewasa dan misterius.","https://cariparfum.com/parfum/house-of-dappers-stone-rose","","2026-10-06T13:25:05.573Z"
"House of Dappers","Tabac Van Java","Eau de Parfum","199000","IDR","InStock","Ginger | Tobacco Blossom | Clove | Coriander","Vanilla | Cinnamon | Cardamom | Tonka Bean","Amber | Cedar | Cacao","Kering & Smoky | Amber","Hangat | Nyaman | Misterius","Masculine","","Malam | ️ Dingin","https://mtdlhxbwblrxtzsdjlav.supabase.co/storage/v1/object/public/perfume-images/86833b1f-0e05-4d17-87c6-e8cd4631beab/t9b6n86y2u9-brand-perfume.jpg | https://mtdlhxbwblrxtzsdjlav.supabase.co/storage/v1/object/public/perfume-images/86833b1f-0e05-4d17-87c6-e8cd4631beab/t9b6o8mzz39-brand-perfume.webp | https://mtdlhxbwblrxtzsdjlav.supabase.co/storage/v1/object/public/perfume-images/86833b1f-0e05-4d17-87c6-e8cd4631beab/t9b6nximtrw-brand-perfume.webp","https://s.shopee.co.id/8fM3ZruJiT","sonder-scents-255 | scensology-oranos | mandalika-24-hours | de-antoine-golden-mirage | whspr-ode-to-revenge","House of Dappers Tabac Van Java menghadirkan aroma tembakau manis bercampur rempah hangat dan kakao, sempurna untuk momen santai malam hari.","https://cariparfum.com/parfum/house-of-dappers-tabac-van-java","","2026-10-06T13:25:03.930Z"
"House of Dappers","Teh Melati","Eau de Parfum","199000","IDR","InStock","Jasmine | Tea","Tuberose | Sugar","Sandalwood | Musk","Hijau Segar | Floral","Menenangkan | Bersih","Masculine","","Pagi | ️ Siang | Sore | ️ Panas | ️ Hujan","https://mtdlhxbwblrxtzsdjlav.supabase.co/storage/v1/object/public/perfume-images/c23316fc-e474-4131-b137-a84287919abf/t8ppbicwe29-brand-perfume.webp | https://mtdlhxbwblrxtzsdjlav.supabase.co/storage/v1/object/public/perfume-images/c23316fc-e474-4131-b137-a84287919abf/t8ppb9npylr-brand-perfume.webp | https://mtdlhxbwblrxtzsdjlav.supabase.co/storage/v1/object/public/perfume-images/c23316fc-e474-4131-b137-a84287919abf/t8ppbqw8cf1-brand-perfume.webp","https://s.shopee.co.id/4fpuoKAxG7","reboura-flora-notes | world-of-make-scents-fantasy | world-of-make-scents-fantasy-solid-perfume | honino-romeo-roses | maison-garnet-mugunghwa-peach","House of Dappers Teh Melati membawa sensasi teh dan melati yang bersih, manis lembut, dengan nuansa sandalwood dan musk yang nyaman untuk sehari-hari.","https://cariparfum.com/parfum/house-of-dappers-teh-melati","","2026-10-06T13:24:51.143Z"
"House of Medici","Agape Of Jeanne D'Arc","Eau de Parfum","275000","IDR","InStock","Ginger | Orange Blossom | Maghrebi Mint Tea","Basil | Cardamom | Magnolia | Iris","Praline | Bourbon Vanilla | Hay","Floral | Gourmand","Hangat | Nyaman","Masculine","","Sore | Malam | ️ Dingin | ️ Hujan","https://mtdlhxbwblrxtzsdjlav.supabase.co/storage/v1/object/public/perfume-images/80934f19-1511-4959-a0b1-197457b66a9f/t8ig1t7wodu-house-of-medici-agape-of-jeanne-d-arc.webp | https://mtdlhxbwblrxtzsdjlav.supabase.co/storage/v1/object/public/perfume-images/80934f19-1511-4959-a0b1-197457b66a9f/t8ig1uusr54-house-of-medici-agape-of-jeanne-d-arc.webp","https://s.shopee.co.id/8KjIgnU2bj","mykonos-verve | sighnil-rose-de-praline | mykonos-conquer | layr-kyoto-jazz | royal-fragrance-cheerful","House of Medici Agape Of Jeanne D'Arc memadukan segarnya mint tea dan bunga lembut dengan sentuhan praline vanilla, menghadirkan aroma hangat yang menenangkan.","https://cariparfum.com/parfum/house-of-medici-agape-of-jeanne-darc","","2026-10-06T13:26:12.034Z"
"House of Medici","Baldassare Sprezzatura","Eau de Parfum","","","InStock","Aldehydes | Basil | Lavender | Guava","Cedar | Suede | Jasmine | Tuscan Iris","Oakmoss | Patchouli | Vetiver | Tonka Bean | Musk","Woody | Aromatik","Hangat | Elegan | Earthy","Masculine","","Sore | Malam | ️ Dingin | ️ Hujan","https://mtdlhxbwblrxtzsdjlav.supabase.co/storage/v1/object/public/perfume-images/77a0ab78-10a4-4e68-9d17-964f8650cac8/tcd3uodiecf-brand-perfume.webp | https://mtdlhxbwblrxtzsdjlav.supabase.co/storage/v1/object/public/perfume-images/77a0ab78-10a4-4e68-9d17-964f8650cac8/tcd3ie1lsfx-house-of-medici-baldassare-sprezzatura.webp | https://mtdlhxbwblrxtzsdjlav.supabase.co/storage/v1/object/public/perfume-images/77a0ab78-10a4-4e68-9d17-964f8650cac8/tcd3x5qs2oy-brand-perfume.webp","/brand/house-of-medici","honino-romeo-roses | house-of-dappers-9-to-5 | argve-ardour | layr-midnight-haze | reboura-noisy-bathroom","House of Medici Baldassare Sprezzatura adalah parfum berkarakter woody-aromatic dengan sentuhan iris dan suede, cocok untuk suasana sore hingga malam.","https://cariparfum.com/parfum/house-of-medici-baldassare-sprezzatura","","2026-10-06T13:24:53.855Z"
"House of Medici","Da Vinci Lost Supper","Eau de Parfum","350000","IDR","InStock","Cognac | Orange | Rosemary","Cedar | Pepper | Oak | Tomato Leaf | Honeysuckle","Marron Glace | Tolu Balsam | Benzoin | Vetiver","Amber | Woody","Hangat | Misterius","Masculine","","Sore | Malam | ️ Dingin","https://mtdlhxbwblrxtzsdjlav.supabase.co/storage/v1/object/public/perfume-images/3095f19e-dd79-4a59-9553-fdd09357ed47/t8ifyjtcus7-house-of-medici-da-vinci-lost-supper.webp | https://mtdlhxbwblrxtzsdjlav.supabase.co/storage/v1/object/public/perfume-images/3095f19e-dd79-4a59-9553-fdd09357ed47/t8ifykrdrmr-house-of-medici-da-vinci-lost-supper.webp","https://s.shopee.co.id/6VHeVFk07k","mine-perfumery-rebel-instinct | saudade-olfactory-hidden-shrine | botanical-essentials-after-hours | house-of-dappers-poetjoek-malam | elaya-state-of-grace","House of Medici Da Vinci Lost Supper menyuguhkan aroma cognac, kayu, dan balsam yang hangat sekaligus misterius, cocok untuk malam istimewa dan suasana intim.","https://cariparfum.com/parfum/house-of-medici-da-vinci-lost-supper","","2026-10-06T13:24:41.693Z"
"House of Medici","Daybreak Angel","Eau de Parfum","350000","IDR","InStock","Bergamot | Bitter Orange | Lime","Cedar | Jasmine | Juniper Berry","Ambergris | Oakmoss | Musk","Sitrus Segar | Woody","Menyegarkan | Bersih","Masculine","","Pagi | ️ Siang | Sore | ️ Panas | ️ Hujan","https://mtdlhxbwblrxtzsdjlav.supabase.co/storage/v1/object/public/perfume-images/a28677f4-e07a-445e-956a-5b7c0a321029/t8ig0k2lnz2-house-of-medici-daybreak-angel.webp | https://mtdlhxbwblrxtzsdjlav.supabase.co/storage/v1/object/public/perfume-images/a28677f4-e07a-445e-956a-5b7c0a321029/t8ig0l1jqf0-house-of-medici-daybreak-angel.webp","https://s.shopee.co.id/7KqlUnowuW","reboura-visco-garden | de-antoine-velvet-garden | honor-perfume-royce | sarcasm-fragrance-sigma | readyset-the-wizard","House of Medici Daybreak Angel adalah parfum citrus-woody yang segar dan clean, cocok untuk pecinta aroma ringan namun tetap elegan sepanjang hari.","https://cariparfum.com/parfum/house-of-medici-daybreak-angel","","2026-10-06T13:24:51.596Z"
"House of Medici","Devil In A New Dress","Eau de Parfum","350000","IDR","InStock","Pink Pepper | May Rose | Saffron","Bulgarian Rose | Agarwood | Incense","Cocoa Powder | Vanilla | Patchouli","Floral | Gourmand","Hangat | Sensual | Misterius","Masculine","","Malam | ️ Dingin","https://mtdlhxbwblrxtzsdjlav.supabase.co/storage/v1/object/public/perfume-images/e05af4be-8360-4ac3-828c-d4f87e0c597d/t8ifz3ru1ce-house-of-medici-devil-in-a-new-dress.webp | https://mtdlhxbwblrxtzsdjlav.supabase.co/storage/v1/object/public/perfume-images/e05af4be-8360-4ac3-828c-d4f87e0c597d/t8ifz4hzjx4-house-of-medici-devil-in-a-new-dress.webp","https://s.shopee.co.id/2g4vwAHGe9","loco-scent-red-rhapsody | honino-romeo-roses | mykonos-moroccan-vanilla | whspr-spellbound | citizens-of-the-world-cafe-du-monde","House of Medici Devil In A New Dress adalah parfum EdP yang menawarkan perpaduan mawar, oud, vanilla, dan cocoa untuk kesan sensual dan misterius.","https://cariparfum.com/parfum/house-of-medici-devil-in-a-new-dress","","2026-10-06T13:26:04.457Z"
"House of Medici","Django The Dancing Revolver","Eau de Parfum","400000","IDR","InStock","Blackcurrant | Blackthorn | Gunpowder","Vinyl Accord | Denim Accord | Orchid","Deer Musk | Vanilla | Classic Cuir Accord","Kering & Smoky | Amber","Tegas | Misterius","Masculine","","Malam | ️ Dingin","https://mtdlhxbwblrxtzsdjlav.supabase.co/storage/v1/object/public/perfume-images/16a409f7-0a17-4a32-880e-12eb20665086/t8ig1yp6ymv-house-of-medici-django-the-dancing-revolver.webp | https://mtdlhxbwblrxtzsdjlav.supabase.co/storage/v1/object/public/perfume-images/16a409f7-0a17-4a32-880e-12eb20665086/t8ig1zg9f0f-house-of-medici-django-the-dancing-revolver.webp","https://s.shopee.co.id/2g4vwJvUYa","mykonos-verve | house-of-medici-shakespeare-elegiac | mykonos-vanilla-clouds | mykonos-moroccan-vanilla | sianc-sweet-talker","House of Medici Django The Dancing Revolver memadukan aroma kulit, musk, dan vanilla yang bold dan misterius untuk malam penuh petualangan.","https://cariparfum.com/parfum/house-of-medici-django-the-dancing-revolver","","2026-10-06T13:25:40.757Z"
"House of Medici","Donatello Anana Luce","Eau de Parfum","400000","IDR","InStock","Hassaku Orange | Jackfruit | Pineapple","Clove | Sunflower | Ylang-Ylang","Palo Santo | Hojari Frankincense | Cashmere","Fruity | Amber Lembut","Hangat | Nyaman","Masculine","","Sore | Malam | ️ Hujan | ️ Dingin","https://mtdlhxbwblrxtzsdjlav.supabase.co/storage/v1/object/public/perfume-images/6e65f806-8bc7-4fca-9ea5-f733b491fc7a/t8ifzeupy3p-house-of-medici-donatello-anana-luce.webp | https://mtdlhxbwblrxtzsdjlav.supabase.co/storage/v1/object/public/perfume-images/6e65f806-8bc7-4fca-9ea5-f733b491fc7a/t8ifzfghwiu-house-of-medici-donatello-anana-luce.webp","https://s.shopee.co.id/2LS5XisERY","layr-kyoto-jazz | scent-of-jarte-by-the-garden | nevernot-ubud-sanctuary | readyset-59 | astree-sunday-at-monaco","House of Medici Donatello Anana Luce menghadirkan aroma buah tropis segar yang berpadu ylang-ylang dan sentuhan kayu lembut, cocok untuk sore dan malam.","https://cariparfum.com/parfum/house-of-medici-donatello-anana-luce","","2026-10-06T13:25:31.777Z"
"House of Medici","Elizabeth Undercover","Eau de Parfum","400000","IDR","InStock","Sichuan Pepper | Mate | Laurel Leaf | Rosella Tea","Turkish Rose | Ambrette | Ink | Cardamom","Tobacco Absolute | Java Vanilla | Patchouli | Tonka Bean","Kering & Smoky | Amber","Misterius | Hangat","Masculine","","Sore | Malam | ️ Dingin","https://mtdlhxbwblrxtzsdjlav.supabase.co/storage/v1/object/public/perfume-images/b82c80f1-9d62-4a93-b144-5566c34d5905/t8ify97je2l-house-of-medici-elizabeth.webp | https://mtdlhxbwblrxtzsdjlav.supabase.co/storage/v1/object/public/perfume-images/b82c80f1-9d62-4a93-b144-5566c34d5905/t8ifybddfgw-house-of-medici-elizabeth.webp","https://s.shopee.co.id/50SqihL5pJ","loco-scent-red-rhapsody | honino-romeo-roses | mykonos-moroccan-vanilla | citizens-of-the-world-cafe-du-monde | reboura-bibliosmia","House of Medici Elizabeth Undercover menyuguhkan aroma tinta, tembakau, dan vanilla yang hangat, cocok untuk malam tenang dan suasana misterius.","https://cariparfum.com/parfum/house-of-medici-elizabeth-undercover","","2026-10-06T13:24:47.404Z"
"House of Medici","Fatima La Isabella","Eau de Parfum","350000","IDR","InStock","Blue Chamomile | Cinnamon | Cacao","Turkish Rose | Tobacco Blossom | White Honey","White Chocolate | Dried Fruit | Musk","Gourmand | Floral","Hangat | Nyaman","Masculine","","Sore | Malam | ️ Dingin","https://mtdlhxbwblrxtzsdjlav.supabase.co/storage/v1/object/public/perfume-images/746196fc-dce9-49a2-9e97-526b66a163a0/t8ifx7lm4h2-house-of-medici-fatima-la-isabella.webp | https://mtdlhxbwblrxtzsdjlav.supabase.co/storage/v1/object/public/perfume-images/746196fc-dce9-49a2-9e97-526b66a163a0/t8ifx8t1s0n-house-of-medici-fatima-la-isabella.webp","https://s.shopee.co.id/3qGtKDNuaR","honino-romeo-roses | loco-scent-red-rhapsody | mykonos-xoxo-rosy | mykonos-baby-love | alt-perfumery-martini-in-new-york","House of Medici Fatima La Isabella adalah parfum gourmand-floral dengan sentuhan white chocolate, honey, dan Turkish rose, cocok untuk malam santai dan momen.","https://cariparfum.com/parfum/house-of-medici-fatima-la-isabella","","2026-10-06T13:25:18.858Z"
"House of Medici","Freedom & Kindness","Eau de Parfum","400000","IDR","InStock","Peppermint | Citrus Water | Watermelon","Solar Accord | Petrichor | Ozone Note","Fern | Vanilla | Oakmoss","Akuatik | Woody Lumut","Menyegarkan | Ringan | Earthy","Masculine","","Pagi | ️ Siang | Sore | ️ Panas | ️ Hujan","https://mtdlhxbwblrxtzsdjlav.supabase.co/storage/v1/object/public/perfume-images/259c80d1-2663-4eab-a5e7-62465b0c9c98/t8ig2ltod7a-house-of-medici-freedom-kindness.webp | https://mtdlhxbwblrxtzsdjlav.supabase.co/storage/v1/object/public/perfume-images/259c80d1-2663-4eab-a5e7-62465b0c9c98/t8ig2mgrty5-house-of-medici-freedom-kindness.webp","https://s.shopee.co.id/BNaxqomhN","house-of-medici-shakespeare-elegiac | mykonos-vanilla-clouds | mykonos-moroccan-vanilla | hmns-eos-hyper-nova | mandalika-only-the-brave","House of Medici Freedom & Kindness menghadirkan sensasi segar dan lembut seperti udara pagi setelah hujan, sempurna untuk suasana tropis sehari-hari.","https://cariparfum.com/parfum/house-of-medici-freedom-kindness","","2026-10-06T13:25:01.409Z"
"House of Medici","Gabriella The White Beams","Eau de Parfum","350000","IDR","InStock","Pistachio | Pink Pepper | Blood Orange","Jasmine | Tuberose | Ylang-Ylang","Amber | Tonka Bean | Coconut","Floral | Amber","Hangat | Sensual","Masculine","","Sore | Malam | ️ Dingin | ️ Hujan","https://mtdlhxbwblrxtzsdjlav.supabase.co/storage/v1/object/public/perfume-images/b96e7137-2a47-4b8b-9dd2-eb029c6e7a3f/t8ifz9mtx06-house-of-medici-gabriella-the-white-beams.webp | https://mtdlhxbwblrxtzsdjlav.supabase.co/storage/v1/object/public/perfume-images/b96e7137-2a47-4b8b-9dd2-eb029c6e7a3f/t8ifz93f9ot-house-of-medici-gabriella-the-white-beams.webp","https://s.shopee.co.id/1BG89QJLJg","layr-midnight-haze | honino-romeo-roses | scent-of-jarte-by-the-garden | speaks-to-me-the-heart | maison-garnet-dawn-by-the-garden","House of Medici Gabriella The White Beams memadukan sentuhan floral, citrus, dan gourmand, memberi kesan hangat, creamy, dan elegan untuk malam santai.","https://cariparfum.com/parfum/house-of-medici-gabriella-the-white-beams","","2026-10-06T13:24:55.238Z"
"House of Medici","Galileo Astronomia","Eau de Parfum","375000","IDR","InStock","Cola | Peppermint | Bulgarian Lavender","Chinotto | Oak | Tobacco","Vanilla | Vetiver | Musk","Aromatik | Woody","Hangat | Nyaman","Masculine","","Sore | Malam | ️ Dingin | ️ Hujan","https://mtdlhxbwblrxtzsdjlav.supabase.co/storage/v1/object/public/perfume-images/1a34238e-7a3c-46bf-b186-7326ce7d164e/t8ifxif3ps3-house-of-medici-galileo-astronomia.webp | https://mtdlhxbwblrxtzsdjlav.supabase.co/storage/v1/object/public/perfume-images/1a34238e-7a3c-46bf-b186-7326ce7d164e/t8ifxjagjvl-house-of-medici-galileo-astronomia.webp","https://s.shopee.co.id/9AIPgQFmbt","honino-romeo-roses | mandalika-only-the-brave | loco-scent-smoke-on-top | scuse-me-to-be-a-wallflower | world-of-make-scents-kiko-crumbs-solid-perfume","House of Medici Galileo Astronomia menyuguhkan aroma lavender segar dan tembakau hangat dengan sentuhan kola yang unik, cocok untuk malam santai penuh.","https://cariparfum.com/parfum/house-of-medici-galileo-astronomia","","2026-10-06T13:26:06.951Z"
"House of Medici","Genovese Vendetta Omerta","Eau de Parfum","400000","IDR","InStock","Bay Rum | Beer | Bourbon Whiskey","Tobacco Ash | Oakwood | Jasmine | Applejack","Amberwood | Patchouli | Nagarmotha | Musk","Amber | Kering & Smoky","Hangat | Misterius | Tegas","Masculine","","Malam | ️ Dingin","https://mtdlhxbwblrxtzsdjlav.supabase.co/storage/v1/object/public/perfume-images/e8cd6459-49fb-43a6-9b28-3ff8df644765/tcd3w6rm2u5-brand-perfume.webp | https://mtdlhxbwblrxtzsdjlav.supabase.co/storage/v1/object/public/perfume-images/e8cd6459-49fb-43a6-9b28-3ff8df644765/tcd3ifecbk4-house-of-medici-genovese-vendetta-omerta.webp | https://mtdlhxbwblrxtzsdjlav.supabase.co/storage/v1/object/public/perfume-images/e8cd6459-49fb-43a6-9b28-3ff8df644765/tcd3iguhc4i-house-of-medici-genovese-vendetta-omerta.webp","https://s.shopee.co.id/3VhSI52eah","honino-romeo-roses | elaya-choose-you | mykonos-memoir-of-meri | avalanche-interview-room | reboura-majestic-night","House of Medici Genovese Vendetta Omerta adalah parfum edp dengan aroma hangat dan smoky yang menggoda, perpaduan bourbon, oakwood, dan patchouli untuk malam.","https://cariparfum.com/parfum/house-of-medici-genovese-vendetta-omerta","","2026-10-06T13:26:16.292Z"
"House of Medici","Hundred Man Slayer","Eau de Parfum","275000","IDR","InStock","Barley Mint | Olive | Patchouli","Resin | Dark Chocolate | Tobacco","Sandalwood | Civet","Kering & Smoky | Woody","Tegas | Misterius","Masculine","","Malam | ️ Dingin","https://mtdlhxbwblrxtzsdjlav.supabase.co/storage/v1/object/public/perfume-images/4498c26e-6a57-47be-aa98-9595a6bc9887/t8ig1q48m84-house-of-medici-hundred-man-slayer.webp | https://mtdlhxbwblrxtzsdjlav.supabase.co/storage/v1/object/public/perfume-images/4498c26e-6a57-47be-aa98-9595a6bc9887/t8ig1rvxx2t-house-of-medici-hundred-man-slayer.webp","https://s.shopee.co.id/4LD9vYlOI1","somne-nectar | speaks-to-me-at-the-speakeasy | laboratori-semplice-sandalwood | laboratori-semplice-patchouli | ataraksia-roro-mendut","House of Medici Hundred Man Slayer adalah parfum maskulin pekat dengan nuansa tobacco, patchouli, dan dark chocolate, cocok untuk malam penuh karakter.","https://cariparfum.com/parfum/house-of-medici-hundred-man-slayer","","2026-10-06T13:24:59.385Z"
"House of Medici","Infatuation Of Edward Teach","Eau de Parfum","350000","IDR","InStock","Rum | Ethiopian Coffee","Pipe Tobacco | Jasmine | Java Coffee Oil","Dirty Oud | Chestnut | White Musk","Gourmand | Kering & Smoky","Tegas | Hangat | Misterius","Masculine","","Malam | ️ Dingin","https://mtdlhxbwblrxtzsdjlav.supabase.co/storage/v1/object/public/perfume-images/46e34a87-deb7-43a1-b7ad-a6411815b3c7/t8ifxffqkv7-house-of-medici-infatuation-of-edward-teach.webp | https://mtdlhxbwblrxtzsdjlav.supabase.co/storage/v1/object/public/perfume-images/46e34a87-deb7-43a1-b7ad-a6411815b3c7/t8ifxgrv2iw-house-of-medici-infatuation-of-edward-teach.webp","https://s.shopee.co.id/5L5h72L3QI","laboratori-semplice-jasmine | scentnario-hidden-haven | satellite-of-glow-kimononique | scent-of-jarte-fragnos | world-of-make-scents-euphoria","House of Medici Infatuation Of Edward Teach adalah parfum EdP berkarakter kopi, rum, dan oud kotor, pas untuk pecinta aroma malam yang bold dan hangat.","https://cariparfum.com/parfum/house-of-medici-infatuation-of-edward-teach","","2026-10-06T13:25:43.424Z"
"House of Medici","Jingu Ensata","Eau de Parfum","400000","IDR","InStock","Iris Pallida | Grass","White Suede | Violet","Vanilla | Musk","Powdery | Floral Lembut","Elegan | Nyaman","Masculine","","Sore | Malam | ️ Dingin | ️ Hujan","https://mtdlhxbwblrxtzsdjlav.supabase.co/storage/v1/object/public/perfume-images/161abb3b-9174-4fb5-bd66-e823d73d56ea/t8ig0uewn19-house-of-medici-jingu-ensata.webp | https://mtdlhxbwblrxtzsdjlav.supabase.co/storage/v1/object/public/perfume-images/161abb3b-9174-4fb5-bd66-e823d73d56ea/t8ig0vncn9e-house-of-medici-jingu-ensata.webp","https://s.shopee.co.id/3qGtKNkCZq","honino-romeo-roses | mykonos-baby-love | wonderlust-fragrance-philia | sighnil-cherry-on-date-night | scent-of-jarte-peony-noel","House of Medici Jingu Ensata menghadirkan aroma iris dan suede yang powdery dan elegan, berpadu vanilla dan musk lembut, sempurna untuk malam tenang.","https://cariparfum.com/parfum/house-of-medici-jingu-ensata","","2026-10-06T13:26:20.000Z"
"House of Medici","Jophiel The Crimson Sword","Eau de Parfum","400000","IDR","InStock","Rum | Strawberry | Fir | Saffron","Mocha | Caramel | Jasmine Sambac","Pine Tree | Vanilla | Tonka Bean","Gourmand | Fruity","Hangat | Sensual","Masculine","","Malam | ️ Dingin","https://mtdlhxbwblrxtzsdjlav.supabase.co/storage/v1/object/public/perfume-images/1543a0b1-277b-4238-b574-ec62affda187/t8ifzbvt5b7-house-of-medici-jophiel-the-crimson-sword.webp | https://mtdlhxbwblrxtzsdjlav.supabase.co/storage/v1/object/public/perfume-images/1543a0b1-277b-4238-b574-ec62affda187/t8ifzc4ojly-house-of-medici-jophiel-the-crimson-sword.webp","https://s.shopee.co.id/6fb4hbUkWI","world-of-make-scents-kiko-crumbs-solid-perfume | mykonos-caramel-fudge-cookie | house-of-medici-shakespeare-elegiac | mykonos-vanilla-clouds | loco-scent-dialogue-ivi","House of Medici Jophiel The Crimson Sword menawarkan aroma gourmand fruity yang hangat dan dewasa, cocok untuk malam santai atau momen intim penuh kehangatan.","https://cariparfum.com/parfum/house-of-medici-jophiel-the-crimson-sword","","2026-10-06T13:26:38.390Z"
"House of Medici","Lilac Wine","Eau de Parfum","350000","IDR","InStock","Thyme | Wine | Saffron","Lilac | Mocha | Blueberry","Mahogany | Heliotrope | Leather","Floral | Gourmand","Misterius | Hangat | Sensual","Masculine","","Sore | Malam | ️ Dingin | ️ Hujan","https://mtdlhxbwblrxtzsdjlav.supabase.co/storage/v1/object/public/perfume-images/14545ec3-0122-48d8-b169-3f66b2276466/t8ig1w6oop8-house-of-medici-lilac-wine.webp | https://mtdlhxbwblrxtzsdjlav.supabase.co/storage/v1/object/public/perfume-images/14545ec3-0122-48d8-b169-3f66b2276466/t8ig1w0mzm5-house-of-medici-lilac-wine.webp","https://s.shopee.co.id/7AXLInmeUI","layr-chronic-tonic | scentnario-forbidden-bloom | de-antoine-joie-de-vivre | somne-nectar | house-of-medici-jophiel-the-crimson-sword","House of Medici Lilac Wine adalah parfum floral-gourmand misterius dengan aksen wine, leather, dan kayu, sempurna untuk malam-malam penuh kehangatan.","https://cariparfum.com/parfum/house-of-medici-lilac-wine","","2026-10-06T13:25:58.543Z"
"House of Medici","Majapahit Empire","Eau de Parfum","400000","IDR","InStock","Madeira | Agave Nectar | Tangerine","Javanese Tobacco | Clove | Narcissus | Heliotrope","Cedarwood | Sulawesi Patchouli | Tonka Bean","Kering & Smoky | Woody","Hangat | Misterius","Masculine","","Sore | Malam | ️ Dingin | ️ Hujan","https://mtdlhxbwblrxtzsdjlav.supabase.co/storage/v1/object/public/perfume-images/7764c8eb-6303-4372-aa8a-e96780c67044/t8ig1nt5kgq-house-of-medici-majapahit-empire.webp | https://mtdlhxbwblrxtzsdjlav.supabase.co/storage/v1/object/public/perfume-images/7764c8eb-6303-4372-aa8a-e96780c67044/t8ig1ocuc28-house-of-medici-majapahit-empire.webp","https://s.shopee.co.id/7VABhBmdeq","byfrags-pleasure-of-jo | loco-scent-dialogue-ivi | layr-alexandra | house-of-dappers-tabac-van-java | reboura-noisy-bathroom","House of Medici Majapahit Empire adalah parfum EdP yang memadukan tembakau Jawa, patchouli, dan heliotrope, menciptakan nuansa hangat misterius elegan.","https://cariparfum.com/parfum/house-of-medici-majapahit-empire","","2026-10-06T13:25:15.731Z"
"House of Medici","Maria De Constantine","Eau de Parfum","350000","IDR","InStock","Rum | Charcoal | Dark Chocolate","Sangria | Espresso | Cherry","Cedarwood | Bitter Almond | Musk","Gourmand | Woody","Misterius | Hangat | Tegas","Masculine","","Malam | ️ Dingin","https://mtdlhxbwblrxtzsdjlav.supabase.co/storage/v1/object/public/perfume-images/e6d12412-f2f6-4990-8914-21ff96458085/t8ifyneafwg-house-of-medici-maria-de-constantine.webp | https://mtdlhxbwblrxtzsdjlav.supabase.co/storage/v1/object/public/perfume-images/e6d12412-f2f6-4990-8914-21ff96458085/t8ifynkohs3-house-of-medici-maria-de-constantine.webp","https://s.shopee.co.id/806SHtyNDV","sighnil-cherry-on-date-night | honino-romeo-roses | vlagio-perfume-medina | loco-scent-saturday-cheers | ataraksia-pulau-tuak","House of Medici Maria De Constantine menghadirkan aroma dark chocolate, cherry, dan espresso dengan nuansa kayu hangat, cocok untuk malam yang sensual.","https://cariparfum.com/parfum/house-of-medici-maria-de-constantine","","2026-10-06T13:25:25.590Z"
"House of Medici","Michelangelo Sistine Divina","Eau de Parfum","400000","IDR","InStock","Citron | Coriander | Blackcurrant","Frangipani | Mimosa | Carrot Seed","Oakmoss | Ambrette | Patchouli | White Musk","Floral | Woody Lumut","Menenangkan | Earthy","Masculine","","Sore | Malam | ️ Panas | ️ Hujan | ️ Dingin","https://mtdlhxbwblrxtzsdjlav.supabase.co/storage/v1/object/public/perfume-images/a5921e9b-4859-4633-9bf5-938c805b6dcb/t8ifyg8dq89-house-of-medici-michelangelo-sistine-divina.webp | https://mtdlhxbwblrxtzsdjlav.supabase.co/storage/v1/object/public/perfume-images/a5921e9b-4859-4633-9bf5-938c805b6dcb/t8ifygsqm0x-house-of-medici-michelangelo-sistine-divina.webp","https://s.shopee.co.id/AAAws4H6B9","saka-perfumery-valetta | scentnario-hidden-haven | voie-mistinguett | royal-fragrance-cool-man | saudade-olfactory-unopened-letter","House of Medici Michelangelo Sistine Divina menghadirkan aroma citrus segar, floral lembut, dan musky, cocok dipakai sore hingga malam hari yang santai.","https://cariparfum.com/parfum/house-of-medici-michelangelo-sistine-divina","","2026-10-06T13:26:28.673Z"
"House of Medici","Midnight Blast Psalm","Eau de Parfum","350000","IDR","InStock","Costus | Plum | Pomegranate | Wolfberry","Jasmine | Dried Rose | Tuberose","Pine Tar | Patchouli | Opoponax","Fruity | Kering & Smoky","Misterius | Sensual | Tegas","Masculine","","Malam | ️ Dingin","https://mtdlhxbwblrxtzsdjlav.supabase.co/storage/v1/object/public/perfume-images/42212caa-f18c-46dc-b5b6-566067f80877/t8ifydi0com-house-of-medici-midnight-blast-psalm.webp | https://mtdlhxbwblrxtzsdjlav.supabase.co/storage/v1/object/public/perfume-images/42212caa-f18c-46dc-b5b6-566067f80877/t8ifyds6r7u-house-of-medici-midnight-blast-psalm.webp","https://s.shopee.co.id/7VABh4kn8V","honino-romeo-roses | loco-scent-red-rhapsody | unspoken-timber | mykonos-xoxo-rosy | mykonos-sparkling-rose","House of Medici Midnight Blast Psalm adalah parfum EdP misterius dengan aroma buah gelap, tuberose, dan pine tar, ideal untuk malam berkesan di udara sejuk.","https://cariparfum.com/parfum/house-of-medici-midnight-blast-psalm","","2026-10-06T13:24:42.951Z"
"House of Medici","Paradise Reservoir","Eau de Parfum","350000","IDR","InStock","Neroli | Lemon | Yuzu","Liatrix | Bourbon Vetiver | Blood Orange","Amber | Fig Tree | White Musk","Sitrus Segar | Hijau Segar","Menyegarkan | Bersih | Menenangkan","Masculine","","Pagi | ️ Siang | Sore | ️ Panas | ️ Hujan","https://mtdlhxbwblrxtzsdjlav.supabase.co/storage/v1/object/public/perfume-images/adff21dd-bcdc-4e36-8775-2a97d5161145/t8ifxcheui9-house-of-medici-paradise-reservoir.webp | https://mtdlhxbwblrxtzsdjlav.supabase.co/storage/v1/object/public/perfume-images/adff21dd-bcdc-4e36-8775-2a97d5161145/t8ifxd6rr5j-house-of-medici-paradise-reservoir.webp","https://s.shopee.co.id/AKUN4CzGF7","honino-romeo-roses | scentnario-hidden-haven | scensology-scentium | scentalgia-fragrance-raw-morning-09-00am | botanical-essentials-solace","House of Medici Paradise Reservoir adalah parfum citrus-green yang clean dan menyegarkan, dengan sentuhan fig dan musk yang bikin nyaman dipakai seharian.","https://cariparfum.com/parfum/house-of-medici-paradise-reservoir","","2026-10-06T13:25:52.948Z"
"House of Medici","Raffaello Sanzio","Eau de Parfum","400000","IDR","InStock","Grape | Parsley | Tomato Leaf","Whisky | Sauvignon Blanc | Tobacco","Vanilla | Nagarmotha | Musk","Kering & Smoky | Hijau Segar","Misterius | Hangat","Masculine","","Sore | Malam | ️ Dingin | ️ Hujan","https://mtdlhxbwblrxtzsdjlav.supabase.co/storage/v1/object/public/perfume-images/429d87ad-ebe5-4c91-bd77-ccf368c0279d/t8ig0sbl4gf-house-of-medici-raffaello-sanzio.webp | https://mtdlhxbwblrxtzsdjlav.supabase.co/storage/v1/object/public/perfume-images/429d87ad-ebe5-4c91-bd77-ccf368c0279d/t8ig0tay8j2-house-of-medici-raffaello-sanzio.webp","https://s.shopee.co.id/3qGtKRNxiw","honino-romeo-roses | mandalika-only-the-brave | world-of-make-scents-kiko-crumbs-solid-perfume | speaks-to-me-at-the-speakeasy | ouru-warm-whiskey","House of Medici Raffaello Sanzio adalah parfum beraroma green-tobacco dengan nuansa hangat whisky dan vanilla, ideal untuk sore hingga malam penuh kehangatan.","https://cariparfum.com/parfum/house-of-medici-raffaello-sanzio","","2026-10-06T13:24:53.677Z"
"House of Medici","Sagacity of Srivijaya","Eau de Parfum","350000","IDR","InStock","Cinnamon | Mango | Cacao Butter","Honey | Chocolate Truffle | Asafoetida","Maple | Vanilla | Musk","Gourmand | Amber","Hangat | Nyaman | Mewah","Masculine","","Malam | ️ Dingin | ️ Hujan","https://mtdlhxbwblrxtzsdjlav.supabase.co/storage/v1/object/public/perfume-images/42960de8-3be9-4e3c-82f8-c31dabe27c44/t8ifz68uowy-house-of-medici-sagacity-of-srivijaya.webp | https://mtdlhxbwblrxtzsdjlav.supabase.co/storage/v1/object/public/perfume-images/42960de8-3be9-4e3c-82f8-c31dabe27c44/t8ifz7cfbuk-house-of-medici-sagacity-of-srivijaya.webp","https://s.shopee.co.id/2g4vwYCSBu","honino-romeo-roses | house-of-dappers-chocolate-factory | scensology-oranos | scentrail-the-laughter-factory | mandalika-vanilla-mango","House of Medici Sagacity of Srivijaya menawarkan aroma gourmand yang hangat, manis, dan dalam, cocok untuk malam santai atau momen spesial di cuaca dingin.","https://cariparfum.com/parfum/house-of-medici-sagacity-of-srivijaya","","2026-10-06T13:25:02.579Z"
"House of Medici","Shakespeare Elegiac","Eau de Parfum","400000","IDR","InStock","Butter | Saffron","Vanilla Planifolia | Benzoin","Myrrh | Madagascar Vanilla | Tahiti Vanilla","Gourmand | Amber","Hangat | Nyaman | Mewah","Masculine","","Malam | ️ Dingin","https://mtdlhxbwblrxtzsdjlav.supabase.co/storage/v1/object/public/perfume-images/bc07594a-8b4d-4506-9337-c3fe2012319a/t8ig0qn0wtt-house-of-medici-shakespeare-elegiac.webp | https://mtdlhxbwblrxtzsdjlav.supabase.co/storage/v1/object/public/perfume-images/bc07594a-8b4d-4506-9337-c3fe2012319a/t8ig0q5c5e4-house-of-medici-shakespeare-elegiac.webp","https://s.shopee.co.id/2qOM8Za4QZ","saudade-olfactory-first-ride | wonderlust-fragrance-gunnen | mykonos-vanilla-clouds | mykonos-moroccan-vanilla | loco-scent-red-rhapsody","House of Medici Shakespeare Elegiac menghadirkan aroma vanilla creamy dan saffron yang hangat, pas untuk malam santai atau momen intim yang penuh kenyamanan.","https://cariparfum.com/parfum/house-of-medici-shakespeare-elegiac","","2026-10-06T13:25:36.776Z"
"House of Medici","Spirit Of Tyrrhenian","Eau de Parfum","400000","IDR","InStock","Petitgrain | Calabrian Bergamot | Sicilian Orange","Aquatic Accord | Neroli | Santolina","Oakmoss | Labdanum | Tonka Bean","Sitrus Segar | Akuatik","Menyegarkan | Bersih | Hangat","Masculine","","Pagi | ️ Siang | Sore | ️ Panas | ️ Hujan","https://mtdlhxbwblrxtzsdjlav.supabase.co/storage/v1/object/public/perfume-images/87fc886f-2e07-40f0-a835-cf51238faa9c/t8ig0n24zec-house-of-medici-spirit-of-tyrrhenian.webp | https://mtdlhxbwblrxtzsdjlav.supabase.co/storage/v1/object/public/perfume-images/87fc886f-2e07-40f0-a835-cf51238faa9c/t8ig0o5cu2m-house-of-medici-spirit-of-tyrrhenian.webp","https://s.shopee.co.id/10whxVVFZl","hindsight-muskmallow | laboratori-semplice-labdanum | laboratori-semplice-neroli | vlagio-perfume-yin | loco-scent-abandoned-land","House of Medici Spirit Of Tyrrhenian memadukan kesegaran citrus Mediterania dan nuansa aquatic dengan sentuhan hangat oakmoss dan tonka, cocok untuk hari.","https://cariparfum.com/parfum/house-of-medici-spirit-of-tyrrhenian","","2026-10-06T13:25:01.019Z"
"House of Medici","Stoa Palazzo","Eau de Parfum","275000","IDR","InStock","Bergamot | Orange Flower","Immortelle | Cassia","Sandalwood | Guaiac Wood","Sitrus Segar | Woody","Menenangkan | Elegan","Masculine","","Sore | Malam | ️ Panas | ️ Dingin","https://mtdlhxbwblrxtzsdjlav.supabase.co/storage/v1/object/public/perfume-images/3fa2d646-c846-4cec-b0c3-4cb6fde728b9/t8ig2ofdkz7-house-of-medici-stoa-palazzo.webp | https://mtdlhxbwblrxtzsdjlav.supabase.co/storage/v1/object/public/perfume-images/3fa2d646-c846-4cec-b0c3-4cb6fde728b9/t8ig2ogthm0-house-of-medici-stoa-palazzo.webp","https://s.shopee.co.id/Lh1AIxmZ8","world-of-make-scents-ermis-solid-perfume | zataru-topaz | laboratori-semplice-bergamot | laboratori-semplice-sandalwood | laboratori-semplice-guaiac-wood","House of Medici Stoa Palazzo memadukan aroma citrus segar dan kayu lembut, menawarkan nuansa elegan yang menenangkan untuk sore dan malam hari.","https://cariparfum.com/parfum/house-of-medici-stoa-palazzo","","2026-10-06T13:26:03.029Z"
"House of Medici","The Great Khadija","Eau de Parfum","350000","IDR","InStock","Cucumber | Melon | Saffron","Rock Sugar | Date | Caramel","Vanilla | Cashmere Wood","Gourmand | Amber","Hangat | Nyaman | Playful","Masculine","","Sore | Malam | ️ Dingin","https://mtdlhxbwblrxtzsdjlav.supabase.co/storage/v1/object/public/perfume-images/fedf1bf8-e8d1-4fc7-a271-a2fcf2510973/t8ifxah2xgm-house-of-medici-the-great-khadija.webp | https://mtdlhxbwblrxtzsdjlav.supabase.co/storage/v1/object/public/perfume-images/fedf1bf8-e8d1-4fc7-a271-a2fcf2510973/t8ifxayzctw-house-of-medici-the-great-khadija.webp","https://s.shopee.co.id/40aJWbCfFM","mykonos-caramel-fudge-cookie | house-of-medici-shakespeare-elegiac | mykonos-vanilla-clouds | scentalgia-fragrance-golden-hour | world-of-make-scents-kiko-crumbs-solid-perfume","House of Medici The Great Khadija adalah parfum gourmand-amber yang manis, hangat, dan playful, cocok menemani suasana malam penuh kehangatan dan kedekatan.","https://cariparfum.com/parfum/house-of-medici-the-great-khadija","","2026-10-06T13:24:43.412Z"
"House of Medici","The Lioness Rasuna Said","Eau de Parfum","400000","IDR","InStock","Clementine | Rose Otto | Rose Mallow","Aldehyde | Metallic Accord | Tuberose","Tonkin Musk | Indonesian Vanilla","Floral | Gourmand","Sensual | Tegas | Elegan","Masculine","","Sore | Malam | ️ Dingin | ️ Hujan","https://mtdlhxbwblrxtzsdjlav.supabase.co/storage/v1/object/public/perfume-images/6931e3b0-d58b-4267-97b8-7b5ece6a3a1f/t8ig2rt8kqi-house-of-medici-the-lioness-rasuna-said.webp | https://mtdlhxbwblrxtzsdjlav.supabase.co/storage/v1/object/public/perfume-images/6931e3b0-d58b-4267-97b8-7b5ece6a3a1f/t8ig2sl0qzc-house-of-medici-the-lioness-rasuna-said.webp","https://s.shopee.co.id/9pY6Tn9Xaf","honino-romeo-roses | mykonos-moroccan-vanilla | loco-scent-red-rhapsody | citizens-of-the-world-cafe-du-monde | mykonos-xoxo-rosy","House of Medici The Lioness Rasuna Said adalah parfum floral yang berani dan elegan, cocok untuk malam istimewa dengan sentuhan vanilla dan musk Indonesia.","https://cariparfum.com/parfum/house-of-medici-the-lioness-rasuna-said","","2026-10-06T13:25:24.292Z"
"kitraka","Lumina","Eau de Parfum","253000","IDR","InStock","Pear | Musk Mallow Seed | White Floral Accord","Daffodil | Rose | Cananga","Patchouli | Moss","Floral | Fruity","Menenangkan | Elegan","Masculine","","Sore | Malam | ️ Panas | ️ Hujan","https://mtdlhxbwblrxtzsdjlav.supabase.co/storage/v1/object/public/perfume-images/a4844bfe-4924-4bc5-a193-0154d59da0ba/td32ynxlikb-kitraka-lumina.webp | https://mtdlhxbwblrxtzsdjlav.supabase.co/storage/v1/object/public/perfume-images/a4844bfe-4924-4bc5-a193-0154d59da0ba/td32yocgaqu-kitraka-lumina.webp | https://mtdlhxbwblrxtzsdjlav.supabase.co/storage/v1/object/public/perfume-images/a4844bfe-4924-4bc5-a193-0154d59da0ba/td32yp6yp3t-kitraka-lumina.webp","https://s.shopee.co.id/8fPYWCL6O2","loco-scent-red-rhapsody | astree-villa-de-la-rose | honino-romeo-roses | mykonos-xoxo-rosy | scentalgia-fragrance-raw-morning-09-00am","Kitraka Lumina adalah parfum floral-fresh dengan sentuhan fruity pear dan mossy patchouli, cocok untuk pecinta aroma elegan yang tetap ringan dan menenangkan.","https://cariparfum.com/parfum/kitraka-lumina","","2026-10-06T13:25:24.021Z"
"kitraka","Meridian","Eau de Parfum","253000","IDR","InStock","Bergamot | Mandarin | Cedar Leaf","Lavender | Rose | Ylang-Ylang","Cedar | Vetiver","Woody | Sitrus Segar","Menyegarkan | Menenangkan","Masculine","","Pagi | ️ Siang | Sore | ️ Panas | ️ Hujan","https://mtdlhxbwblrxtzsdjlav.supabase.co/storage/v1/object/public/perfume-images/dedc67de-3e52-4eb3-8871-5f21718dbcb4/td32yufq9pz-kitraka-meridian.webp | https://mtdlhxbwblrxtzsdjlav.supabase.co/storage/v1/object/public/perfume-images/dedc67de-3e52-4eb3-8871-5f21718dbcb4/td32yvclkj1-kitraka-meridian.webp | https://mtdlhxbwblrxtzsdjlav.supabase.co/storage/v1/object/public/perfume-images/dedc67de-3e52-4eb3-8871-5f21718dbcb4/td32ywmfb11-kitraka-meridian.webp","https://s.shopee.co.id/8piyiXSWmn","loco-scent-red-rhapsody | de-antoine-rosa-damascena | honino-romeo-roses | saudade-olfactory-bonsai-we-kept | maison-garnet-alhambra-rose","Kitraka Meridian adalah EDP fresh woody-aromatic dengan sentuhan citrus dan floral ringan, sempurna untuk suasana pagi santai atau aktivitas harian di iklim.","https://cariparfum.com/parfum/kitraka-meridian","","2026-10-06T13:24:41.494Z"
"kitraka","Nebula's Glow","Eau de Parfum","253000","IDR","InStock","Red Fruit | Tangerine","Sandalwood | Jasmine | Raspberry","Amberwood | Precious Musk","Floral | Fruity","Playful | Nyaman","Masculine","","Sore | Malam | ️ Panas | ️ Hujan","https://mtdlhxbwblrxtzsdjlav.supabase.co/storage/v1/object/public/perfume-images/0e0fbeee-9cc3-42e7-a208-5ff722b58c88/td32yr2s38k-kitraka-nebula-s-glow.webp | https://mtdlhxbwblrxtzsdjlav.supabase.co/storage/v1/object/public/perfume-images/0e0fbeee-9cc3-42e7-a208-5ff722b58c88/td32ys7f3g3-kitraka-nebula-s-glow.webp | https://mtdlhxbwblrxtzsdjlav.supabase.co/storage/v1/object/public/perfume-images/0e0fbeee-9cc3-42e7-a208-5ff722b58c88/td32ytxbo1t-kitraka-nebula-s-glow.webp","https://s.shopee.co.id/5VSWkRxJZa","scent-of-jarte-lychee-crush | de-antoine-pao-throne | speaks-to-me-sneaky-sugar-rush | honino-romeo-roses | alt-perfumery-uptown","kitraka Nebula's Glow adalah parfum edp fruity-floral yang creamy, hangat, dan cozy, cocok untuk momen santai sore-malam saat ingin merasa lebih dekat.","https://cariparfum.com/parfum/kitraka-nebula-s-glow","","2026-10-06T13:26:19.385Z"
"Laboratori Semplice","Bergamot","Special","100000","IDR","InStock","Bergamot","Bergamot","Bergamot","","","","","","https://mtdlhxbwblrxtzsdjlav.supabase.co/storage/v1/object/public/perfume-images/eeaee4d7-33d3-425a-9121-ca9ce70616e0/t8ifvwu01tj-laboratori-semplice-bergamot.webp","https://s.shopee.co.id/3qGxAtCS4J","","Parfum ini diformulasikan sebagai single-note fragrance yang menghadirkan aroma bergamot natural secara utuh dan konsisten. Fokus formulasi diarahkan pada kejernihan aroma, tanpa penambahan notes lain yang berpotensi mengubah karakter khas bergamot.

Elemen fixative dan diffuser digunakan secara minimal dan selektif, dengan tujuan menjaga kestabilan aroma serta memastikan penyebaran yang halus. Seluruh komposisi dirancang agar karakter bergamot tetap dominan dan mudah dikenali sepanjang pemakaian.

Hasil akhirnya adalah aroma bergamot yang bersih, segar, dan stabil, dengan karakter citrus yang lebih rounded dan sedikit aromatic, cocok bagi pengguna yang menginginkan pendekatan satu aroma tanpa distraksi.","https://cariparfum.com/parfum/laboratori-semplice-bergamot","","2026-10-06T13:25:41.259Z"
"Laboratori Semplice","Carrot Seed","Special","100000","IDR","InStock","Carrot Seed","Carrot Seed","Carrot Seed","","","","","","https://mtdlhxbwblrxtzsdjlav.supabase.co/storage/v1/object/public/perfume-images/4abd5133-4809-4745-9cc5-68bf5758b68a/t8ifvuillwt-laboratori-semplice-carrot-seed.webp","https://s.shopee.co.id/3fxWyXaqYX","","Parfum ini diformulasikan sebagai single-note fragrance yang menghadirkan aroma carrot seed natural secara utuh dan konsisten. Fokus formulasi diarahkan pada kejernihan aroma, tanpa penambahan notes lain yang berpotensi mengubah karakter khas carrot seed.

Elemen fixative dan diffuser digunakan secara minimal dan selektif, dengan tujuan menjaga kestabilan aroma serta memastikan penyebaran yang halus. Seluruh komposisi dirancang agar karakter carrot seed tetap dominan dan mudah dikenali sepanjang pemakaian.

Hasil akhirnya adalah aroma carrot seed yang kering dan earthy, dengan nuansa woody yang lembut, cocok bagi pengguna yang menyukai karakter aroma yang tenang, grounded, dan tidak manis.","https://cariparfum.com/parfum/laboratori-semplice-carrot-seed","","2026-10-06T13:25:23.873Z"
"Laboratori Semplice","Cherry Blossom","Special","100000","IDR","InStock","Cherry Blossom","Cherry Blossom","Cherry Blossom","","","","","","https://mtdlhxbwblrxtzsdjlav.supabase.co/storage/v1/object/public/perfume-images/43965baf-19d1-4bef-bf62-c3a95b3c1f98/t8ig5n-laboratori-semplice-cherry-blossom-laboratori.jpg","https://s.shopee.co.id/1Vt2OEmIDt","","Parfum ini diformulasikan sebagai single-note fragrance yang menghadirkan aroma cherry blossom natural secara utuh dan konsisten. Fokus formulasi diarahkan pada kejernihan aroma, tanpa penambahan notes lain yang berpotensi mengubah karakter lembut khas cherry blossom.

Elemen fixative dan diffuser digunakan secara minimal dan selektif, dengan tujuan menjaga kestabilan aroma serta memastikan penyebaran yang halus. Seluruh komposisi dirancang agar karakter cherry blossom tetap dominan dan mudah dikenali sepanjang pemakaian.

Hasil akhirnya adalah aroma cherry blossom yang lembut dan airy, dengan kesan floral yang halus dan bersih, cocok bagi pengguna yang menyukai aroma yang tenang, feminin, dan tidak overpowering.","https://cariparfum.com/parfum/laboratori-semplice-cherry-blossom","","2026-10-06T13:25:56.484Z"
"Laboratori Semplice","Guaiac Wood","Special","100000","IDR","InStock","Guaiac Wood","Guaiac Wood","Guaiac Wood","","","","","","https://mtdlhxbwblrxtzsdjlav.supabase.co/storage/v1/object/public/perfume-images/47be4f0b-90e3-4559-8716-e377b897303c/t8ifuqpmr5d-laboratori-semplice-guaiac-wood.webp","https://s.shopee.co.id/5AmKl0xeLF","","Parfum ini diformulasikan sebagai single-note fragrance yang menghadirkan aroma guaiac wood natural secara utuh dan konsisten. Fokus formulasi diarahkan pada kejernihan aroma, tanpa penambahan notes lain yang berpotensi mengubah karakter khas guaiac wood.

Elemen fixative dan diffuser digunakan secara minimal dan selektif, dengan tujuan menjaga kestabilan aroma serta memastikan penyebaran yang halus. Seluruh komposisi dirancang agar karakter guaiac wood tetap dominan dan mudah dikenali sepanjang pemakaian.

Hasil akhirnya adalah aroma guaiac wood yang hangat dan woody, dengan sentuhan smoky yang lembut, cocok bagi pengguna yang menyukai karakter aroma yang tenang, grounding, dan tidak agresif.","https://cariparfum.com/parfum/laboratori-semplice-guaiac-wood","","2026-10-06T13:26:23.413Z"
"Laboratori Semplice","Jasmine","Special","100000","IDR","InStock","Jasmine","Jasmine","Jasmine","","","","","","https://mtdlhxbwblrxtzsdjlav.supabase.co/storage/v1/object/public/perfume-images/06d15a31-e24e-4970-bdaa-c3af393896ad/t8ifvqbvb5e-laboratori-semplice-jasmine.webp","https://s.shopee.co.id/7fTfjpvkFc","de-antoine-l-amour-toujours | mykonos-memoir-of-meri | mykonos-black-opera","Parfum ini diformulasikan sebagai single-note fragrance yang menghadirkan aroma jasmine natural secara utuh dan konsisten. Fokus formulasi diarahkan pada kejernihan aroma, tanpa penambahan notes lain yang berpotensi mengubah karakter khas jasmine.

Elemen fixative dan diffuser digunakan secara minimal dan selektif, dengan tujuan menjaga kestabilan aroma serta memastikan penyebaran yang halus. Seluruh komposisi dirancang agar karakter jasmine tetap dominan dan mudah dikenali sepanjang pemakaian.

Hasil akhirnya adalah aroma jasmine yang lembut dan bersih, dengan nuansa white floral yang halus dan sedikit creamy, cocok bagi pengguna yang menyukai aroma floral yang elegan dan tidak menyengat.","https://cariparfum.com/parfum/laboratori-semplice-jasmine","","2026-10-06T13:26:18.784Z"
"Laboratori Semplice","Labdanum","Special","100000","IDR","InStock","Labdanum","Labdanum","Labdanum","","","","","","https://mtdlhxbwblrxtzsdjlav.supabase.co/storage/v1/object/public/perfume-images/3267ddf1-0d48-4472-93fc-4c6fd1de840a/t8ifvx89082-laboratori-semplice-labdanum.webp","https://s.shopee.co.id/9UvJvJzY8h","","Parfum ini diformulasikan sebagai single-note fragrance yang menghadirkan aroma labdanum natural secara utuh dan konsisten. Fokus formulasi diarahkan pada kejernihan aroma, tanpa penambahan notes lain yang berpotensi mengubah karakter khas labdanum.

Elemen fixative dan diffuser digunakan secara minimal dan selektif, dengan tujuan menjaga kestabilan aroma serta memastikan penyebaran yang halus. Seluruh komposisi dirancang agar karakter labdanum tetap dominan dan mudah dikenali sepanjang pemakaian.

Hasil akhirnya adalah aroma labdanum yang hangat dan resinous, dengan nuansa ambery yang dalam dan sedikit balsamic, cocok bagi pengguna yang menyukai karakter aroma yang rich, tenang, dan berlapis.","https://cariparfum.com/parfum/laboratori-semplice-labdanum","","2026-10-06T13:25:34.450Z"
"Laboratori Semplice","Lemon","Special","100000","IDR","InStock","Lemon","Lemon","Lemon","","","","","","https://mtdlhxbwblrxtzsdjlav.supabase.co/storage/v1/object/public/perfume-images/6f1589ea-462d-492f-a1dd-1d0dc85e01c9/t8ifvpmko2f-laboratori-semplice-lemon.webp","https://s.shopee.co.id/7AXP8tgSBA","mykonos-moroccan-vanilla","Parfum ini diformulasikan sebagai single-note fragrance yang menghadirkan aroma lemon natural secara utuh dan konsisten. Fokus formulasi diarahkan pada kejernihan aroma, tanpa penambahan notes lain yang berpotensi mengubah karakter lemon.

Elemen fixative dan diffuser digunakan secara minimal dan selektif, dengan tujuan menjaga kestabilan aroma serta memastikan penyebaran yang halus. Seluruh komposisi dirancang agar karakter lemon tetap dominan dan mudah dikenali sepanjang pemakaian.

Hasil akhirnya adalah aroma lemon yang bersih dan bright, cocok bagi pengguna yang menginginkan kesegaran sederhana atau pendekatan satu aroma tanpa distraksi.","https://cariparfum.com/parfum/laboratori-semplice-lemon","","2026-10-06T13:25:06.436Z"
"Laboratori Semplice","Mimosa","Special","100000","IDR","InStock","Mimosa","Mimosa","Mimosa","","","","","","https://mtdlhxbwblrxtzsdjlav.supabase.co/storage/v1/object/public/perfume-images/5bdf2e40-e190-4ad4-91d4-ca2619f03f7c/t8ifuuvgfe5-laboratori-semplice-mimosa.webp","https://s.shopee.co.id/2qOPyqvsOZ","","Parfum ini diformulasikan sebagai single-note fragrance yang menghadirkan aroma mimosa natural secara utuh dan konsisten. Fokus formulasi diarahkan pada kejernihan aroma, tanpa penambahan notes lain yang berpotensi mengubah karakter lembut khas mimosa.

Elemen fixative dan diffuser digunakan secara minimal dan selektif, dengan tujuan menjaga kestabilan aroma serta memastikan penyebaran yang halus. Seluruh komposisi dirancang agar karakter mimosa tetap dominan dan mudah dikenali sepanjang pemakaian.

Hasil akhirnya adalah aroma mimosa yang lembut dan powdery, dengan nuansa floral yang hangat dan menenangkan, cocok bagi pengguna yang menyukai aroma halus, cozy, dan tidak menyengat.","https://cariparfum.com/parfum/laboratori-semplice-mimosa","","2026-10-06T13:25:57.661Z"
"Laboratori Semplice","Neroli","Special","100000","IDR","InStock","Neroli","Neroli","Neroli","","","","","","https://mtdlhxbwblrxtzsdjlav.supabase.co/storage/v1/object/public/perfume-images/02f2bf43-8d1b-494c-960a-ce7d02aa3eff/t8ifvoqm77p-laboratori-semplice-neroli.webp","https://s.shopee.co.id/2B8jBgMMab","","Parfum ini diformulasikan sebagai single-note fragrance yang menghadirkan aroma neroli natural secara utuh dan konsisten. Fokus formulasi diarahkan pada kejernihan aroma, tanpa penambahan notes lain yang berpotensi mengubah karakter khas neroli.

Elemen fixative dan diffuser digunakan secara minimal dan selektif, dengan tujuan menjaga kestabilan aroma serta memastikan penyebaran yang halus. Seluruh komposisi dirancang agar karakter neroli tetap dominan dan mudah dikenali sepanjang pemakaian.

Hasil akhirnya adalah aroma neroli yang bersih dan segar, dengan perpaduan floral dan citrus yang seimbang serta sentuhan hijau yang ringan, cocok bagi pengguna yang menyukai aroma yang cerah namun tetap refined.","https://cariparfum.com/parfum/laboratori-semplice-neroli","","2026-10-06T13:25:27.793Z"
"Laboratori Semplice","Osmanthus","Special","100000","IDR","InStock","Osmanthus","Osmanthus","Osmanthus","","","","","","https://mtdlhxbwblrxtzsdjlav.supabase.co/storage/v1/object/public/perfume-images/9d77b4a4-c324-4f8d-b047-f30a25fd69c8/t8ig2plyhxa-laboratori-semplice-osmanthus.webp","https://s.shopee.co.id/9zraVn4UKe","","Parfum ini diformulasikan sebagai single-note fragrance yang menghadirkan aroma osmanthus natural secara utuh dan konsisten. Fokus formulasi diarahkan pada kejernihan aroma, tanpa penambahan notes lain yang berpotensi mengubah karakter khas osmanthus.

Elemen fixative dan diffuser digunakan secara minimal dan selektif, dengan tujuan menjaga kestabilan aroma serta memastikan penyebaran yang halus. Seluruh komposisi dirancang agar karakter osmanthus tetap dominan dan mudah dikenali sepanjang pemakaian.

Hasil akhirnya adalah aroma osmanthus yang lembut dan halus, dengan nuansa floral yang berpadu dengan sentuhan fruity apricot dan kesan leathery yang tipis, cocok bagi pengguna yang menyukai aroma floral yang unik, tenang, dan refined.","https://cariparfum.com/parfum/laboratori-semplice-osmanthus","","2026-10-06T13:25:11.594Z"
"Laboratori Semplice","Patchouli","Special","100000","IDR","InStock","Patchouli","Patchouli","Patchouli","","","","","","https://mtdlhxbwblrxtzsdjlav.supabase.co/storage/v1/object/public/perfume-images/f7c506d3-6b55-4560-b527-af5aead606c0/t8ifuroya3n-laboratori-semplice-patchouli.webp","https://s.shopee.co.id/4LDDlV9QL1","elaya-choose-you","Parfum ini diformulasikan sebagai single-note fragrance yang menghadirkan aroma patchouli natural secara utuh dan konsisten. Fokus formulasi diarahkan pada kejernihan aroma, tanpa penambahan notes lain yang berpotensi mengubah karakter khas patchouli.

Elemen fixative dan diffuser digunakan secara minimal dan selektif, dengan tujuan menjaga kestabilan aroma serta memastikan penyebaran yang halus. Seluruh komposisi dirancang agar karakter patchouli tetap dominan dan mudah dikenali sepanjang pemakaian.

Hasil akhirnya adalah aroma patchouli yang dalam dan earthy, dengan karakter woody yang kering serta sentuhan camphoraceous yang halus, cocok bagi pengguna yang menyukai aroma yang grounding, matang, dan berkarakter kuat namun tetap seimbang.","https://cariparfum.com/parfum/laboratori-semplice-patchouli","","2026-10-06T13:24:59.340Z"
"Laboratori Semplice","Peach","Special","100000","IDR","InStock","Peach","Peach","Peach","","","","","","https://mtdlhxbwblrxtzsdjlav.supabase.co/storage/v1/object/public/perfume-images/0a48553f-11dc-4d5e-afdd-47f5e90d3a8c/t8ifvsw0rpr-laboratori-semplice-peach.webp","https://s.shopee.co.id/AUnr7533Wg","","Parfum ini diformulasikan sebagai single-note fragrance yang menghadirkan aroma peach natural secara utuh dan konsisten. Fokus formulasi diarahkan pada kejernihan aroma, tanpa penambahan notes lain yang berpotensi mengubah karakter khas peach.

Elemen fixative dan diffuser digunakan secara minimal dan selektif, dengan tujuan menjaga kestabilan aroma serta memastikan penyebaran yang halus. Seluruh komposisi dirancang agar karakter peach tetap dominan dan mudah dikenali sepanjang pemakaian.

Hasil akhirnya adalah aroma peach yang lembut dan juicy, dengan nuansa fruity yang halus serta sentuhan creamy yang ringan, cocok bagi pengguna yang menyukai aroma buah yang manis natural dan tidak berlebihan.","https://cariparfum.com/parfum/laboratori-semplice-peach","","2026-10-06T13:26:19.316Z"
"Laboratori Semplice","Pear","Special","100000","IDR","InStock","Pear","Pear","Pear","","","","","","https://mtdlhxbwblrxtzsdjlav.supabase.co/storage/v1/object/public/perfume-images/64534acf-ae1d-49d7-9076-2832c2281943/t8ig3bphl5p-laboratori-semplice-pear.webp","https://s.shopee.co.id/1qVsms2QQ0","","Parfum single-note pear dengan aroma fruity yang segar, crisp, dan lembut.","https://cariparfum.com/parfum/laboratori-semplice-pear","","2026-10-06T13:25:48.016Z"
"Laboratori Semplice","Pettitgrain","Special","100000","IDR","InStock","Pettitgrain","Pettitgrain","Pettitgrain","","","","","","https://mtdlhxbwblrxtzsdjlav.supabase.co/storage/v1/object/public/perfume-images/e31de634-393d-4daa-88d7-3931f7edc44a/t8ifvmyg2ic-laboratori-semplice-pettitgrain.webp","https://s.shopee.co.id/5fibM5ImfQ","","Parfum single-note petitgrain dengan aroma green citrus yang segar dan aromatic.","https://cariparfum.com/parfum/laboratori-semplice-pettitgrain","","2026-10-06T13:25:08.009Z"
"Laboratori Semplice","Rose","Special","100000","IDR","InStock","Rose","Rose","Rose","","","","","","https://mtdlhxbwblrxtzsdjlav.supabase.co/storage/v1/object/public/perfume-images/ec889e85-db82-4ec1-8e17-0fa2195a6442/t8ifvvnia95-laboratori-semplice-rose.webp","https://s.shopee.co.id/6puYkNWZHj","loco-scent-red-rhapsody | mykonos-xoxo-rosy | honino-romeo-roses | mykonos-moroccan-vanilla | astree-villa-de-la-rose","Parfum single-note rose dengan aroma floral yang lembut, segar, dan sedikit powdery.","https://cariparfum.com/parfum/laboratori-semplice-rose","","2026-10-06T13:25:37.089Z"
"Laboratori Semplice","Sandalwood","Special","100000","IDR","InStock","Sandalwood","Sandalwood","Sandalwood","","","","","","https://mtdlhxbwblrxtzsdjlav.supabase.co/storage/v1/object/public/perfume-images/e5d91f49-412a-42bb-8713-3bcc8d57552a/t8ifus68qij-laboratori-semplice-sandalwood.webp","https://s.shopee.co.id/gJvOmSXyL","fordive-shelby","Parfum single-note sandalwood dengan aroma woody yang creamy dan hangat.","https://cariparfum.com/parfum/laboratori-semplice-sandalwood","","2026-10-06T13:25:24.179Z"
"Laboratori Semplice","Tuberose","Special","100000","IDR","InStock","Tuberose","Tuberose","Tuberose","","","","","","https://mtdlhxbwblrxtzsdjlav.supabase.co/storage/v1/object/public/perfume-images/ef25baeb-7701-4d7a-bdf4-c99f945c5a15/t8ig2td7byo-laboratori-semplice-tuberose.webp","https://s.shopee.co.id/4q9UMK1LoZ","","Parfum ini diformulasikan sebagai single-note fragrance yang menghadirkan aroma tuberose natural secara utuh dan konsisten. Fokus formulasi diarahkan pada kejernihan aroma, tanpa penambahan notes lain yang berpotensi mengubah karakter khas tuberose.

Elemen fixative dan diffuser digunakan secara minimal dan selektif, dengan tujuan menjaga kestabilan aroma serta memastikan penyebaran yang halus. Seluruh komposisi dirancang agar karakter tuberose tetap dominan dan mudah dikenali sepanjang pemakaian.

Hasil akhirnya adalah aroma tuberose yang kaya dan ekspresif, dengan nuansa white floral yang creamy dan elegan, cocok bagi pengguna yang menyukai aroma floral yang berkarakter kuat namun tetap refined.","https://cariparfum.com/parfum/laboratori-semplice-tuberose","","2026-10-06T13:26:34.811Z"
"Laboratori Semplice","Violet Leaf","Special","100000","IDR","InStock","Violet Leaf","Violet Leaf","Violet Leaf","","","","","","https://mtdlhxbwblrxtzsdjlav.supabase.co/storage/v1/object/public/perfume-images/6023cdc6-c110-42d9-9aa8-9ea54193bcaa/t8ifvr93nyd-laboratori-semplice-violet-leaf.webp","https://s.shopee.co.id/1gCSapIjTj","","Parfum ini diformulasikan sebagai single-note fragrance yang menghadirkan aroma violet leaf natural secara utuh dan konsisten. Fokus formulasi diarahkan pada kejernihan aroma, tanpa penambahan notes lain yang berpotensi mengubah karakter khas violet leaf.

Elemen fixative dan diffuser digunakan secara minimal dan selektif, dengan tujuan menjaga kestabilan aroma serta memastikan penyebaran yang halus. Seluruh komposisi dirancang agar karakter violet leaf tetap dominan dan mudah dikenali sepanjang pemakaian.

Hasil akhirnya adalah aroma violet leaf yang segar dan hijau, dengan sentuhan green yang crisp serta nuansa metallic yang lembut, cocok bagi pengguna yang menyukai aroma green yang bersih, modern, dan tidak manis.","https://cariparfum.com/parfum/laboratori-semplice-violet-leaf","","2026-10-06T13:24:49.906Z"
"Layr","Alexandra","Extrait de Parfum","344000","IDR","InStock","Bergamot | Glazed Fruit | Clove | Saffron","Caramel | Rose | Frankincense | Heliotrope","Amber | Musky | Tonka Bean | Moss","Amber | Gourmand","Hangat | Nyaman | Elegan","Masculine","","Sore | Malam | ️ Dingin","https://mtdlhxbwblrxtzsdjlav.supabase.co/storage/v1/object/public/perfume-images/91f05b6d-63cd-41c1-b383-5acb3fe191ec/t8adit5uqu6-layr-alexandra.jpg | https://mtdlhxbwblrxtzsdjlav.supabase.co/storage/v1/object/public/perfume-images/91f05b6d-63cd-41c1-b383-5acb3fe191ec/t8adiv0jwot-layr-alexandra.jpg","https://s.shopee.co.id/5q21ZUUD4G","honino-romeo-roses | loco-scent-red-rhapsody | byfrags-pleasure-of-jo | readyset-the-witch | mykonos-xoxo-rosy","Layr Alexandra adalah parfum XdP dengan nuansa amber gourmand, manis hangat dengan sentuhan mawar dan saffron, cocok untuk malam penuh kehangatan dan elegansi.","https://cariparfum.com/parfum/layr-alexandra","","2026-10-06T13:26:27.437Z"
"Layr","BEFORE PETRICHOR","Extrait de Parfum","284000","IDR","InStock","Spearmint | Mandarin | Petitgrain | Basil | Neroli | Lemon | Watermelon","Cedarleaf | Rose | Olibanum | White Floral | Cyclamen | Orange Flower","Olibanum | Vetiver | Moss | Musk","Hijau Segar | Akuatik","Menyegarkan | Bersih","Masculine","","Pagi | ️ Siang | Sore | ️ Panas | ️ Hujan","https://mtdlhxbwblrxtzsdjlav.supabase.co/storage/v1/object/public/perfume-images/9a086a89-daed-475c-9002-f9d05970e747/t8abwg95hhz-layr-before-petrichor.jpg | https://mtdlhxbwblrxtzsdjlav.supabase.co/storage/v1/object/public/perfume-images/9a086a89-daed-475c-9002-f9d05970e747/t8abwiqfi5o-layr-before-petrichor.jpg | https://mtdlhxbwblrxtzsdjlav.supabase.co/storage/v1/object/public/perfume-images/9a086a89-daed-475c-9002-f9d05970e747/t8abwj309xn-layr-before-petrichor.jpg","https://s.shopee.co.id/7VAFYXSSix","honino-romeo-roses | loco-scent-red-rhapsody | saudade-olfactory-bonsai-we-kept | world-of-make-scents-ermis-solid-perfume | de-antoine-rosa-damascena","Layr BEFORE PETRICHOR adalah parfum fresh dengan nuansa hijau, mint, dan tanah basah sehabis hujan, cocok untuk kamu yang suka aroma segar alami dan unik.","https://cariparfum.com/parfum/layr-before-petrichor","","2026-10-06T13:26:28.811Z"
"Layr","CHRONIC TONIC","Extrait de Parfum","294000","IDR","InStock","Thyme | Raspberry | Grapefruit | Rosemary | Chronic Cinnamon | Cypress","Mandarin Orange | Violet | Rose | Floral | Iris | Muguet | Saffron | Lactone","Sandalwood | Vetwer | Patchouli | Vanilla Amber | Olibanum | Leather | Moss | Musk","Amber | Aromatik","Hangat | Misterius","Masculine","","Sore | Malam | ️ Dingin | ️ Hujan","https://mtdlhxbwblrxtzsdjlav.supabase.co/storage/v1/object/public/perfume-images/eeff3973-099d-4aa2-8a44-e80d36baf237/t8abwn8p08o-layr-chronic-tonic.jpg | https://mtdlhxbwblrxtzsdjlav.supabase.co/storage/v1/object/public/perfume-images/eeff3973-099d-4aa2-8a44-e80d36baf237/t8abwplqy3d-layr-chronic-tonic.jpg | https://mtdlhxbwblrxtzsdjlav.supabase.co/storage/v1/object/public/perfume-images/eeff3973-099d-4aa2-8a44-e80d36baf237/t8abwquqs5i-layr-chronic-tonic.jpg","https://s.shopee.co.id/8fMCwbzrCt","loco-scent-red-rhapsody | honino-romeo-roses | layr-velvet-dream | mykonos-baby-love | layr-get-naked","Layr CHRONIC TONIC memadukan kehangatan kayu, vanila, dan rempah lembut, menghadirkan aroma cozy dan misterius yang pas untuk malam santai.","https://cariparfum.com/parfum/layr-chronic-tonic","","2026-10-06T13:25:55.841Z"
"Layr","Empty Room","Extrait de Parfum","294000","IDR","InStock","Pink Peppercorn | Paper | Fig Leaves | Lemon | Cotton","Rose | Dried Flower | Orange Flower","Sandalwood | Dust | Incense | Musk","Powdery | Woody","Ringan | Menenangkan","Masculine","","Sore | Malam | ️ Dingin | ️ Hujan","https://mtdlhxbwblrxtzsdjlav.supabase.co/storage/v1/object/public/perfume-images/39e5031e-62b9-452a-b110-ffda4cbda638/t8adgqbqdgp-layr-empty-room.jpg | https://mtdlhxbwblrxtzsdjlav.supabase.co/storage/v1/object/public/perfume-images/39e5031e-62b9-452a-b110-ffda4cbda638/t8adgrskigv-layr-empty-room.jpg | https://mtdlhxbwblrxtzsdjlav.supabase.co/storage/v1/object/public/perfume-images/39e5031e-62b9-452a-b110-ffda4cbda638/t8adgtfowax-layr-empty-room.jpg","https://s.shopee.co.id/1BGC0vYeDG","loco-scent-red-rhapsody | honino-romeo-roses | elaya-glimmer | mykonos-xoxo-rosy | mykonos-moroccan-vanilla","Layr Empty Room adalah parfum dengan nuansa bersih, airy, dan sedikit powdery, memadukan cotton, lemon, dan sandalwood untuk sensasi tenang yang unik.","https://cariparfum.com/parfum/layr-empty-room","","2026-10-06T13:26:16.679Z"
"Layr","FORBIDDEN GARDEN","Extrait de Parfum","224000","IDR","InStock","Violet | Green Apple | Rose | Blackberry | Geranium","Red Apple | Raspberry | Jasmine Sambac | Ylang-Ylang | Orris","Sandalwood | Vanilla | Patchouli | Vetiver | Musk","Fruity | Floral","Playful | Hangat","Masculine","","Sore | Malam | ️ Panas | ️ Hujan","https://mtdlhxbwblrxtzsdjlav.supabase.co/storage/v1/object/public/perfume-images/159cc6fc-815a-4aab-9ec8-39bf9133c5e4/t8adgwbx5ap-layr-forbidden-garden.jpg | https://mtdlhxbwblrxtzsdjlav.supabase.co/storage/v1/object/public/perfume-images/159cc6fc-815a-4aab-9ec8-39bf9133c5e4/t8adgyxrwfp-layr-forbidden-garden.jpg | https://mtdlhxbwblrxtzsdjlav.supabase.co/storage/v1/object/public/perfume-images/159cc6fc-815a-4aab-9ec8-39bf9133c5e4/t8adgzk5ihj-layr-forbidden-garden.jpg","https://s.shopee.co.id/9UvJw4BHit","honino-romeo-roses | loco-scent-red-rhapsody | world-of-make-scents-ermis-solid-perfume | evesol-jinggala | unke-naru-shower-of-spring","Layr Forbidden Garden menghadirkan sensasi floral fruity yang playful dan hangat, cocok untuk sore hingga malam hari di cuaca tropis Indonesia.","https://cariparfum.com/parfum/layr-forbidden-garden","","2026-10-06T13:25:22.666Z"
"Layr","GET NAKED","Extrait de Parfum","219000","IDR","InStock","Green Pear | Violet | Galbanum | Petitgrain | Orange | Tobacco | Pine","Sandalwood | Lavender | Rose | Pineapple | Magnolia | Freesia | Geranium","Amber | Cedar | Patchouli | Leather | Tonka Bean | Moss | Musk","Kering & Smoky | Amber","Tegas | Hangat","Masculine","","Malam | ️ Dingin | ️ Hujan","https://mtdlhxbwblrxtzsdjlav.supabase.co/storage/v1/object/public/perfume-images/11f2f452-10f3-45d6-a1da-6dec4b812f65/t8adh3w67q0-layr-get-naked.jpg | https://mtdlhxbwblrxtzsdjlav.supabase.co/storage/v1/object/public/perfume-images/11f2f452-10f3-45d6-a1da-6dec4b812f65/t8adh5isn9p-layr-get-naked.jpg | https://mtdlhxbwblrxtzsdjlav.supabase.co/storage/v1/object/public/perfume-images/11f2f452-10f3-45d6-a1da-6dec4b812f65/t8adh670b7v-layr-get-naked.jpg","https://s.shopee.co.id/4q9UNl9fhk","world-of-make-scents-ermis-solid-perfume | honino-romeo-roses | loco-scent-red-rhapsody | mykonos-sparkling-rose | loco-scent-smoke-on-top","Layr GET NAKED menghadirkan aroma tembakau-hijau yang hangat dan misterius, cocok dipakai malam hari atau saat cuaca dingin untuk suasana intim dan bold.","https://cariparfum.com/parfum/layr-get-naked","","2026-10-06T13:26:19.560Z"
"Layr","High Tide Low Tide","Extrait de Parfum","304000","IDR","InStock","Bergamot | Lemon | Rosemary | Tangerine | Orange Flower","Earthy Sand | Coastal Trees | Driftwood","Cedarwood | Wild Patchouli | Musk","Sitrus Segar | Woody","Menyegarkan | Earthy","Masculine","","Pagi | ️ Siang | Sore | ️ Panas | ️ Hujan","https://mtdlhxbwblrxtzsdjlav.supabase.co/storage/v1/object/public/perfume-images/d8a44bd4-26a5-4ef3-bebd-b7227a183d81/t8adhf4j3kk-layr-high-tide-low-tide.jpg | https://mtdlhxbwblrxtzsdjlav.supabase.co/storage/v1/object/public/perfume-images/d8a44bd4-26a5-4ef3-bebd-b7227a183d81/t8adhghmnu8-layr-high-tide-low-tide.jpg | https://mtdlhxbwblrxtzsdjlav.supabase.co/storage/v1/object/public/perfume-images/d8a44bd4-26a5-4ef3-bebd-b7227a183d81/t8adhiifb4r-layr-high-tide-low-tide.jpg","https://s.shopee.co.id/4VWdyyB3Ls","scent-of-jarte-rose-petals | scent-of-jarte-by-the-garden | world-of-make-scents-ermis-solid-perfume | honino-shower-song | nevernot-naughty-but-nice","Layr High Tide Low Tide menghadirkan sensasi segar citrus dan woody dengan sentuhan earthy driftwood, sempurna untuk aktivitas outdoor dan suasana santai.","https://cariparfum.com/parfum/layr-high-tide-low-tide","","2026-10-06T13:26:32.789Z"
"Layr","Hinoki Sublime","Extrait de Parfum","344000","IDR","InStock","Pear | Rose | Silver Needle Tea","Hinoki Cypress | Jasmine | Lily of the Valley | Leather","Amber | Styrax | Cashmeran | Frankincense","Woody | Floral","Menenangkan | Hangat","Masculine","","Sore | Malam | ️ Dingin | ️ Hujan","https://mtdlhxbwblrxtzsdjlav.supabase.co/storage/v1/object/public/perfume-images/ac1e7197-f485-45ca-8b20-132a5bb319bc/t8adh9u2v40-layr-hinoki-sublime.jpg | https://mtdlhxbwblrxtzsdjlav.supabase.co/storage/v1/object/public/perfume-images/ac1e7197-f485-45ca-8b20-132a5bb319bc/t8adhb2x9nx-layr-hinoki-sublime.jpg | https://mtdlhxbwblrxtzsdjlav.supabase.co/storage/v1/object/public/perfume-images/ac1e7197-f485-45ca-8b20-132a5bb319bc/t8adhcabq5g-layr-hinoki-sublime.jpg","https://s.shopee.co.id/AKUQvhfIaw","honino-romeo-roses | loco-scent-red-rhapsody | mykonos-xoxo-rosy | mandalika-forbidden-temptation | world-of-make-scents-dance-flo-solid-perfume","Layr Hinoki Sublime menghadirkan sensasi fresh woody dengan sentuhan floral dan resin hangat, menciptakan suasana menenangkan dan elegan untuk malam santai.","https://cariparfum.com/parfum/layr-hinoki-sublime","","2026-10-06T13:25:07.620Z"
"Layr","Kyoto Jazz","Extrait de Parfum","309000","IDR","InStock","Bergamot | Pear | Ozone | Lavandin | Matcha | Cocoa | Green | Yuzu | Cardamom","Orange Blossom | Violet | Cassis | Beeswax | Pineapple | Lily of the Valley | Ylang-Ylang","Amber | Sandalwood | Vanilla | Patchouli | Labdanum | Cashmere | Iris | Moss | Musk","Hijau Segar | Amber","Nyaman | Menenangkan | Menyegarkan","Masculine","","Sore | Malam | ️ Hujan | ️ Dingin","https://mtdlhxbwblrxtzsdjlav.supabase.co/storage/v1/object/public/perfume-images/aec220cf-765a-40d5-8e41-72e424b6566b/t9fn1s2yl3y-layr-kyoto-jazz.webp","https://s.shopee.co.id/2Vm8nJaiI6","honino-romeo-roses | layr-second-skin | world-of-make-scents-ermis-solid-perfume | sonder-scents-255 | reboura-flora-notes","Layr Kyoto Jazz menawarkan aroma matcha-yuzu segar yang berpadu floral lembut dan creamy woody, cocok untuk sore hujan atau malam santai di kota.","https://cariparfum.com/parfum/layr-kyoto-jazz","","2026-10-06T13:25:53.252Z"
"Layr","MIDNIGHT HAZE","Extrait de Parfum","249000","IDR","InStock","Tulip | Grass | Pink Pepper | Lavender | Cardamom | Tuberose","Cedarwood | Jasmine | Lily of the Valley | Oud | Ylang-Ylang | Orange Flower","Amber | Sandalwood | Vanilla | Vetiver | Tonka Bean | Musk","Amber | Floral","Misterius | Sensual | Hangat","Masculine","","Sore | Malam | ️ Dingin | ️ Hujan","https://mtdlhxbwblrxtzsdjlav.supabase.co/storage/v1/object/public/perfume-images/2d1415ee-38e3-4865-b7ed-25ce6132891b/t8adiydu11l-layr-midnight-haze.jpg | https://mtdlhxbwblrxtzsdjlav.supabase.co/storage/v1/object/public/perfume-images/2d1415ee-38e3-4865-b7ed-25ce6132891b/t8adj0ffqzh-layr-midnight-haze.jpg | https://mtdlhxbwblrxtzsdjlav.supabase.co/storage/v1/object/public/perfume-images/2d1415ee-38e3-4865-b7ed-25ce6132891b/t8adj1ko0j9-layr-midnight-haze.jpg","https://s.shopee.co.id/4fq4BQk6bY","honino-romeo-roses | scent-of-jarte-by-the-garden | sonder-scents-255 | evesol-jinggala | nevernot-ubud-sanctuary","Layr Midnight Haze adalah parfum XdP yang memadukan floral, oud, dan vanilla, menciptakan aura hangat dan misterius untuk malam yang intim atau penuh kejutan.","https://cariparfum.com/parfum/layr-midnight-haze","","2026-10-06T13:24:45.468Z"
"Layr","Rose d'amour","Extrait de Parfum","304000","IDR","InStock","Bergamot | Pear | Heirloom Tomato | Incense | Lychee","Bulgarian Rose | Grapefruit | Peony | Lily of the Valley","Vanilla Bali | Vetiver | Cashmere Wood | Musk","Floral | Fruity","Elegan | Hangat","Masculine","","Sore | Malam | ️ Panas | ️ Hujan","https://mtdlhxbwblrxtzsdjlav.supabase.co/storage/v1/object/public/perfume-images/96730e0a-53a0-4c86-a883-09ddbe5a376e/t8adj4dkbkh-layr-rose-d-amour.jpg | https://mtdlhxbwblrxtzsdjlav.supabase.co/storage/v1/object/public/perfume-images/96730e0a-53a0-4c86-a883-09ddbe5a376e/t8adj69jtm0-layr-rose-d-amour.jpg | https://mtdlhxbwblrxtzsdjlav.supabase.co/storage/v1/object/public/perfume-images/96730e0a-53a0-4c86-a883-09ddbe5a376e/t8adj7yfnf0-layr-rose-d-amour.jpg","https://s.shopee.co.id/4AtnaOoM6B","honino-romeo-roses | loco-scent-red-rhapsody | honino-shower-song | mykonos-hawaiian-crush | mykonos-moroccan-vanilla","Layr Rose d'amour adalah parfum floral fruity modern dengan sentuhan vanilla dan kayu, menawarkan aroma segar sekaligus hangat untuk suasana santai dan elegan.","https://cariparfum.com/parfum/layr-rose-damour","","2026-10-06T13:25:22.769Z"
"Layr","SECOND SKIN","Extrait de Parfum","224000","IDR","InStock","Bergamot | Black Pepper | Mandarin | Green | Tagete | Clary Sage","Violet | Fruity | Jasmine | Rose | Lily of the Valley | Orange Flower","Amber | Cedar | Vanilla | Patchouli | Labdanum | Musk | Lactone","Floral | Amber","Nyaman | Hangat | Elegan","Masculine","","Sore | Malam | ️ Dingin | ️ Hujan","https://mtdlhxbwblrxtzsdjlav.supabase.co/storage/v1/object/public/perfume-images/f44a48a0-9fff-49f0-a1b0-17a14b8e11b3/t8adjbge7du-layr-second-skin.jpg | https://mtdlhxbwblrxtzsdjlav.supabase.co/storage/v1/object/public/perfume-images/f44a48a0-9fff-49f0-a1b0-17a14b8e11b3/t8adjclu056-layr-second-skin.jpg | https://mtdlhxbwblrxtzsdjlav.supabase.co/storage/v1/object/public/perfume-images/f44a48a0-9fff-49f0-a1b0-17a14b8e11b3/t8adjdjfnzl-layr-second-skin.jpg","https://s.shopee.co.id/6KyIAGIXJp","honino-romeo-roses | world-of-make-scents-ermis-solid-perfume | layr-kyoto-jazz | layr-slow-dance | evesol-jinggala","Layr SECOND SKIN adalah parfum XdP dengan sentuhan floral, green, dan vanilla yang hangat, menghadirkan nuansa cozy elegan untuk sore hingga malam di iklim.","https://cariparfum.com/parfum/layr-second-skin","","2026-10-06T13:25:17.990Z"
"Layr","SLOW DANCE","Extrait de Parfum","244000","IDR","InStock","Thyme | Bergamot | Black Pepper | Cassis | Green Tea | Green Apple | Plum","Rose Turkish | Fruity | Clove | Nutmeg | Magnolia | Freesia | Jasmine Sambac | Iris | Clary Sage","Amber | Vanilla | Patchouli | Caramel | Vetiver | Musk","Amber | Floral","Hangat | Nyaman | Sensual","Masculine","","Sore | Malam | ️ Dingin | ️ Hujan","https://mtdlhxbwblrxtzsdjlav.supabase.co/storage/v1/object/public/perfume-images/dc2fd595-fa98-4137-a9e8-1df4628a468d/t8adjh9wg5d-layr-slow-dance.jpg | https://mtdlhxbwblrxtzsdjlav.supabase.co/storage/v1/object/public/perfume-images/dc2fd595-fa98-4137-a9e8-1df4628a468d/t8adji95mj3-layr-slow-dance.jpg | https://mtdlhxbwblrxtzsdjlav.supabase.co/storage/v1/object/public/perfume-images/dc2fd595-fa98-4137-a9e8-1df4628a468d/t8adjkbogu9-layr-slow-dance.jpg","https://s.shopee.co.id/70DyxWoniB","honino-romeo-roses | loco-scent-red-rhapsody | layr-second-skin | loco-scent-dialogue-ivi | speaks-to-me-slow-sunset","Layr SLOW DANCE menawarkan aroma floral amber yang hangat dan creamy dengan sentuhan spicy manis, sempurna untuk suasana malam yang intim dan santai.","https://cariparfum.com/parfum/layr-slow-dance","","2026-10-06T13:25:27.964Z"
"Layr","Velvet Dream","Extrait de Parfum","329000","IDR","InStock","Black Cherry | Citrus | Elem | Orange | Labdanum | Almond | Cypress","Strawberry | Patchouli | Whiskey Bourbon | Olibanum | Blackcurrant | Guaiacwood","Amber | Sandalwood | Cedar | Peach | Vanilla | Raspberry | Vetwer | Heliotrope | Musk","Fruity | Amber","Hangat | Playful | Nyaman","Masculine","","Sore | Malam | ️ Dingin | ️ Hujan","https://mtdlhxbwblrxtzsdjlav.supabase.co/storage/v1/object/public/perfume-images/4490bf40-cf63-4f2a-a82e-0199dbbf98fc/t9fn1tuipv3-layr-velvet-dream.webp","https://s.shopee.co.id/7VAokZ8qQr","honino-romeo-roses | sonder-scents-255 | die-without-smell-you-name-it | aoera-royale | avalanche-interview-room","Layr Velvet Dream adalah parfum gourmand fruity yang berpadu nuansa woody dan amber, cocok untuk malam hari yang hangat dan penuh keintiman.","https://cariparfum.com/parfum/layr-velvet-dream","","2026-10-06T13:25:43.429Z"
"Layr","VILLA ENIGMA","Extrait de Parfum","219000","IDR","InStock","Pear Blossom | Sunscreen | Honeysuckle | Coconut Milk | Figolide | Mint","Ambrette | Gardenia | Tuberose | Jasmine Sambac","Sandalwood | Ambergris | Bourbon Vanilla | Patchouli | Musk","Floral | Amber","Hangat | Nyaman | Misterius","Masculine","","Sore | Malam | ️ Hujan | ️ Dingin","https://mtdlhxbwblrxtzsdjlav.supabase.co/storage/v1/object/public/perfume-images/5c5fbceb-d5c2-48cc-b6e2-2eae44cc3c5d/t8adkrzlw21-layr-villa-enigma.jpg | https://mtdlhxbwblrxtzsdjlav.supabase.co/storage/v1/object/public/perfume-images/5c5fbceb-d5c2-48cc-b6e2-2eae44cc3c5d/t8adktwh98s-layr-villa-enigma.jpg | https://mtdlhxbwblrxtzsdjlav.supabase.co/storage/v1/object/public/perfume-images/5c5fbceb-d5c2-48cc-b6e2-2eae44cc3c5d/t8adkww6t42-layr-villa-enigma.jpg","https://s.shopee.co.id/1Vt2PU0HnV","honino-romeo-roses | scuse-me-bella-donna | world-of-make-scents-kiko-crumbs-solid-perfume | loco-scent-white-potion | amthra-you-drive-me-nutty","Layr VILLA ENIGMA mengajakmu ke suasana villa tropis sore hari, dengan aroma segar mint, creamy coconut, floral mewah, dan sentuhan vanilla-sandalwood.","https://cariparfum.com/parfum/layr-villa-enigma","","2026-10-06T13:25:09.276Z"
"Loco Scent","Abandoned Land","Eau de Parfum","299000","IDR","InStock","Mandarin Orange | Berry | Green Apple | Ozonic Note | Calabrian Bergamot | Juniper","Cedarwood | Violet | Green Leaf | Petitgrain | Patchouli | Cashmeran | Pomarose","Amberwood | Ambroxan | Oakmoss | Musk","Hijau Segar | Woody","Menyegarkan | Bersih","Masculine","","Pagi | ️ Siang | Sore | ️ Panas | ️ Hujan","https://mtdlhxbwblrxtzsdjlav.supabase.co/storage/v1/object/public/perfume-images/0c0d8e06-06fd-4572-a127-946a84ce4f18/t8awmffkysh-loco-scent-abandoned-land.webp | https://mtdlhxbwblrxtzsdjlav.supabase.co/storage/v1/object/public/perfume-images/0c0d8e06-06fd-4572-a127-946a84ce4f18/t8awmgjef5r-loco-scent-abandoned-land.webp","https://s.shopee.co.id/5VPAWF33gm","honino-romeo-roses | mykonos-baby-love | loco-scent-mocktail-in-the-garden | mandalika-morning-grass | world-of-make-scents-ermis-solid-perfume","Loco Scent Abandoned Land menghadirkan sensasi segar green-woody dan musk yang clean, cocok untuk kamu yang suka aroma petualangan yang menenangkan.","https://cariparfum.com/parfum/loco-scent-abandoned-land","","2026-10-06T13:24:44.116Z"
"Loco Scent","Dialogue Ivi","Eau de Parfum","309000","IDR","InStock","Bergamot | Lavender | Blood Orange | Musk Mallow | Heliotrope | Tangerine","Honey | Violet | Hawthorn | Neroli | Freesia | Jasmine Sambac | Iris | Geranium | Angelica","Amber | Palo Santo | Vanilla | Caramel | Benzoin | Tonka Bean | Musk","Powdery | Gourmand","Nyaman | Elegan","Masculine","","Sore | Malam | ️ Dingin | ️ Hujan","https://mtdlhxbwblrxtzsdjlav.supabase.co/storage/v1/object/public/perfume-images/feba22a0-b1cf-4ff8-a3af-cbb13cb625f4/t8awo37sv9w-loco-scent-dialogue-ivi.webp | https://mtdlhxbwblrxtzsdjlav.supabase.co/storage/v1/object/public/perfume-images/feba22a0-b1cf-4ff8-a3af-cbb13cb625f4/t8awo4uxg4f-loco-scent-dialogue-ivi.webp | https://mtdlhxbwblrxtzsdjlav.supabase.co/storage/v1/object/public/perfume-images/feba22a0-b1cf-4ff8-a3af-cbb13cb625f4/t8awo5pwyu7-loco-scent-dialogue-ivi.webp","https://s.shopee.co.id/2qOPLGxE8K","honino-romeo-roses | loco-scent-red-rhapsody | layr-slow-dance | hint-cherise | botanical-essentials-solace","Loco Scent Dialogue Ivi memadukan citrus segar, floral powdery, dan sentuhan vanilla caramel yang cozy, menciptakan aroma elegan untuk malam santai.","https://cariparfum.com/parfum/loco-scent-dialogue-ivi","","2026-10-06T13:25:31.405Z"
"Loco Scent","Harvest Feast","Eau de Parfum","289000","IDR","InStock","Bergamot | Amalfi Lemon | Grapefruit | Osmanthus | Lychee | Rosemary","Ginger | Orange Blossom | Jasmine | Peony | Rose | Freesia","Agarwood (Oud) | Sandalwood | Ambergris | Moss | Musk","Floral | Woody","Hangat | Energik","Masculine","","Sore | Malam | ️ Panas | ️ Hujan","https://mtdlhxbwblrxtzsdjlav.supabase.co/storage/v1/object/public/perfume-images/97fd84b1-ee4f-4678-9346-097387670517/t8awlagq6uv-loco-scent-harvest-feast.webp | https://mtdlhxbwblrxtzsdjlav.supabase.co/storage/v1/object/public/perfume-images/97fd84b1-ee4f-4678-9346-097387670517/t8awlb5pa37-loco-scent-harvest-feast.webp","https://s.shopee.co.id/8fMCICV9M9","loco-scent-red-rhapsody | de-antoine-secret-de-tilia | de-antoine-de-tilia | honino-romeo-roses | scuse-me-to-be-a-wallflower","Loco Scent Harvest Feast adalah parfum dengan sentuhan citrus, floral, dan creamy woods yang terasa fresh namun tetap hangat, cocok untuk sore hingga malam.","https://cariparfum.com/parfum/loco-scent-harvest-feast","","2026-10-06T13:24:51.172Z"
"Loco Scent","Hypnotic Spell","Eau de Parfum","299000","IDR","InStock","White Hyacinth | Coffee | Jasmine Sambac | Iris","Turkish Rose | Vanilla | Cashmeran | Opoponax","Amber | Cedarwood | Honey | White Musk","Amber | Gourmand","Hangat | Misterius","Masculine","","Sore | Malam | ️ Dingin | ️ Hujan","https://mtdlhxbwblrxtzsdjlav.supabase.co/storage/v1/object/public/perfume-images/3817e163-fe87-4de0-83ee-724078a3d5d6/t8awmb8hon4-loco-scent-hypnotic-spell.webp | https://mtdlhxbwblrxtzsdjlav.supabase.co/storage/v1/object/public/perfume-images/3817e163-fe87-4de0-83ee-724078a3d5d6/t8awmc8vdfc-loco-scent-hypnotic-spell.webp","https://s.shopee.co.id/20pILqNktL","honino-romeo-roses | loco-scent-red-rhapsody | mykonos-moroccan-vanilla | yn-perfumery-rose-in-september | ouru-warm-whiskey","Loco Scent Hypnotic Spell memadukan kopi, bunga, vanilla, dan honey, menciptakan aroma hangat nan misterius yang sempurna untuk malam santai atau momen intim.","https://cariparfum.com/parfum/loco-scent-hypnotic-spell","","2026-10-06T13:25:46.632Z"
"Loco Scent","Into the Waves","Eau de Parfum","353000","IDR","InStock","Aldehyde | Bergamot | Pink Pepper | Sea Note | Grapefruit | Lemon | Juniper Berry | Coriander | Mint","Ginger | Jasmine | Nutmeg | Melon | Rosemary | Geranium | Sage","Amber | Cedarwood | Sandalwood | Patchouli | Labdanum | Incense","Akuatik | Aromatik","Menyegarkan | Bersih | Energik","Masculine","","Pagi | ️ Siang | Sore | ️ Panas | ️ Hujan","https://mtdlhxbwblrxtzsdjlav.supabase.co/storage/v1/object/public/perfume-images/0b27d3b0-d6d6-4332-aa05-5d1e166bea2f/t8awli8ylc1-loco-scent-into-the-waves.webp | https://mtdlhxbwblrxtzsdjlav.supabase.co/storage/v1/object/public/perfume-images/0b27d3b0-d6d6-4332-aa05-5d1e166bea2f/t8awli34juw-loco-scent-into-the-waves.webp","https://s.shopee.co.id/AAB04uvRva","honor-perfume-denali | argve-ardour | avalanche-interview-room | world-of-make-scents-ermis-solid-perfume | royal-fragrance-blues","Loco Scent Into the Waves menggabungkan aroma laut segar, citrus, dan kayu lembut, menciptakan sensasi clean yang elegan untuk aktivitas harian di iklim tropis.","https://cariparfum.com/parfum/loco-scent-into-the-waves","","2026-10-06T13:26:19.418Z"
"Loco Scent","Mocktail in the Garden","Eau de Parfum","353000","IDR","InStock","Mandarin Orange | Red Apple | Sour Cherry | Strawberry | Raspberry | Lemon | Blackcurrant | Lychee","Violet | Jasmine | Rose","Amber | Woody Note | Vanilla | Oakmoss | Patchouli | Cashmeran | Musk","Fruity | Floral","Playful | Ringan","Masculine","","️ Siang | Sore | ️ Panas | ️ Hujan","https://mtdlhxbwblrxtzsdjlav.supabase.co/storage/v1/object/public/perfume-images/f4bcd987-0af9-4753-9cae-23a6206ccbfb/t8awlefrxdr-loco-scent-mocktail-in-the-garden.webp | https://mtdlhxbwblrxtzsdjlav.supabase.co/storage/v1/object/public/perfume-images/f4bcd987-0af9-4753-9cae-23a6206ccbfb/t8awlf6l565-loco-scent-mocktail-in-the-garden.webp","https://s.shopee.co.id/9fEjU1IsXg","honino-romeo-roses | royal-fragrance-mon-cheri | mykonos-moroccan-vanilla | mykonos-stilettos | loco-scent-red-rhapsody","Loco Scent Mocktail in the Garden menghadirkan sensasi fruity-floral yang playful dan airy, cocok untuk sore santai atau hangout seru di cuaca tropis.","https://cariparfum.com/parfum/loco-scent-mocktail-in-the-garden","","2026-10-06T13:25:58.793Z"
"Loco Scent","Red Rhapsody","Eau de Parfum","309000","IDR","InStock","Sweet Cinnamon | Dark Chocolate | Lavender | Neroli | Nutmeg | Saffron","Myrrh | Bulgarian Rose | Red Rose | Rose | Taif Rose | Baccara Rose | Oud | Jasmine Sambac | Cinnamon Spice | Iris","Amber | Sandalwood | Coumarin | Vanilla | Marshmallow | Incense | Oud | Tonka Bean | Musk","Amber | Floral","Mewah | Hangat | Sensual","Masculine","","Sore | Malam | ️ Dingin | ️ Hujan","https://mtdlhxbwblrxtzsdjlav.supabase.co/storage/v1/object/public/perfume-images/8c2bb81b-0c9d-4e5e-91e7-479739ae7c34/t8awnzz9gv2-loco-scent-red-rhapsody.webp | https://mtdlhxbwblrxtzsdjlav.supabase.co/storage/v1/object/public/perfume-images/8c2bb81b-0c9d-4e5e-91e7-479739ae7c34/t8awo0dtcd8-loco-scent-red-rhapsody.webp","https://s.shopee.co.id/6KyHVpWuRE","honino-romeo-roses | loco-scent-smoke-on-top | loco-scent-dialogue-ivi | avalanche-cosmic-pull | sonder-scents-255","Loco Scent Red Rhapsody adalah parfum EdP yang memadukan mawar merah, oud, dan marshmallow untuk aroma opulen dan sensual, sempurna di malam hari.","https://cariparfum.com/parfum/loco-scent-red-rhapsody","","2026-10-06T13:26:27.250Z"
"Loco Scent","Saturday Cheers","Eau de Parfum","365000","IDR","InStock","Mandarin Orange | Whisky | Rum | Cognac | Cardamom","Oak | Cinnamon | Rose | Tonka Bean | Tobacco Leaf","Praline | Cedarwood | Sandalwood | Guaiac Wood | Vanilla | Musk","Gourmand | Woody","Hangat | Nyaman | Sensual","Masculine","","Sore | Malam | ️ Dingin","https://mtdlhxbwblrxtzsdjlav.supabase.co/storage/v1/object/public/perfume-images/42143af6-0227-4337-b360-d5d729854f8a/t8awmntluiy-loco-scent-saturday-cheers.webp | https://mtdlhxbwblrxtzsdjlav.supabase.co/storage/v1/object/public/perfume-images/42143af6-0227-4337-b360-d5d729854f8a/t8awmosxlbf-loco-scent-saturday-cheers.webp","https://s.shopee.co.id/20pILmgYcs","loco-scent-red-rhapsody | honino-romeo-roses | sonder-scents-255 | byfrags-pleasure-of-jo | loco-scent-veil-of-eire","Loco Scent Saturday Cheers mengajakmu merasakan sensasi malam minggu yang hangat, manis, dan penuh nuansa woody gourmand, cocok untuk momen santai dan intim.","https://cariparfum.com/parfum/loco-scent-saturday-cheers","","2026-10-06T13:25:49.573Z"
"Loco Scent","Smoke On Top","Eau de Parfum","299000","IDR","InStock","Basil | Raspberry | Wormwood | Mint","Lavender | Birch | Gold Bar Accord | Rose | Incense | Geranium | Saffron","Amber | Agarwood (Oud) | Sandalwood | Guaiac Wood | Vanilla | Oakmoss | Benzoin | Vetiver | Tobacco | Leather | Musk","Kering & Smoky | Woody","Tegas | Misterius","Masculine","","Malam | ️ Dingin","https://mtdlhxbwblrxtzsdjlav.supabase.co/storage/v1/object/public/perfume-images/d4b09614-de25-4dff-9d8b-aaf0f6009505/t8awmjsuln4-loco-scent-smoke-on-top.webp | https://mtdlhxbwblrxtzsdjlav.supabase.co/storage/v1/object/public/perfume-images/d4b09614-de25-4dff-9d8b-aaf0f6009505/t8awmkiy35w-loco-scent-smoke-on-top.webp","https://s.shopee.co.id/2VlYwkHr8p","loco-scent-red-rhapsody | honino-romeo-roses | scentnario-adam-s-eden | ataraksia-raden-saleh-callenberg | layr-get-naked","Loco Scent Smoke On Top adalah parfum smoky-woody yang bold dengan nuansa tembakau dan kulit, cocok untuk malam penuh karakter dan kesan misterius.","https://cariparfum.com/parfum/loco-scent-smoke-on-top","","2026-10-06T13:26:32.503Z"
"Loco Scent","Veil of Eire","Eau de Parfum","299000","IDR","InStock","Nectarine | Bulgarian Rose | Grapefruit | Lily of the Valley","Suede | Mimosa | Oak | Rose | Tuberose | Tonka Bean","Praline | Sandalwood | Ambergris | Vanilla | Leather","Floral | Gourmand","Hangat | Nyaman | Sensual","Masculine","","Sore | Malam | ️ Dingin | ️ Hujan","https://mtdlhxbwblrxtzsdjlav.supabase.co/storage/v1/object/public/perfume-images/9667aac2-e692-45a5-9994-c8cef0cf18ef/t8awo74lb3n-loco-scent-veil-of-ire.webp | https://mtdlhxbwblrxtzsdjlav.supabase.co/storage/v1/object/public/perfume-images/9667aac2-e692-45a5-9994-c8cef0cf18ef/t8awo8i8vis-loco-scent-veil-of-ire.webp","https://s.shopee.co.id/1LZbYfObH2","loco-scent-red-rhapsody | mykonos-moroccan-vanilla | loco-scent-saturday-cheers | scuse-me-bella-donna | world-of-make-scents-kiko-crumbs-solid-perfume","Loco Scent Veil of Eire memadukan nuansa floral, buah, dan creamy gourmand, menciptakan aroma hangat yang cocok untuk sore hingga malam di suasana tropis.","https://cariparfum.com/parfum/loco-scent-veil-of-eire","","2026-10-06T13:26:01.042Z"
"Loco Scent","White Potion","Eau de Parfum","309000","IDR","InStock","Mandarin Blossom | Pink Pepper | Pomelo | Orange Leaf | Sweet Basil","Orange Blossom | Cannabis | Gardenia | White Tea | Tuberose | Freesia | Lily of the Valley | Jasmine Sambac","Honey | Sandalwood | Palo Santo | Vetiver | Tonka Bean | Musk","Floral | Hijau Segar","Nyaman | Menyegarkan","Masculine","","Sore | Malam | ️ Panas | ️ Hujan","https://mtdlhxbwblrxtzsdjlav.supabase.co/storage/v1/object/public/perfume-images/3f772115-34a5-4b01-b07b-65b28bb5de56/t8awnux765j-loco-scent-white-potion.webp | https://mtdlhxbwblrxtzsdjlav.supabase.co/storage/v1/object/public/perfume-images/3f772115-34a5-4b01-b07b-65b28bb5de56/t8awnvcmv4f-loco-scent-white-potion.webp","https://s.shopee.co.id/7KqohWF09q","layr-midnight-haze | loco-scent-dialogue-ivi | scuse-me-tulips-better-than-one | saka-perfumery-teaphoria | evesol-jinggala","Loco Scent White Potion menghadirkan aroma floral segar dengan sentuhan white tea dan kayu lembut, sempurna untuk momen santai di sore hari tropis.","https://cariparfum.com/parfum/loco-scent-white-potion","","2026-10-06T13:26:06.080Z"
"Maison Garnet","Alhambra Rose","Eau de Parfum","299000","IDR","InStock","Bergamot | Black Pepper | Nutmeg | Saffron","Turkish Rose | Bulgarian Rose","Cedarwood | Suede | Vanilla | Cashmeran | Vetiver","Floral | Amber","Mewah | Hangat","Masculine","","Sore | Malam | ️ Dingin | ️ Hujan","https://mtdlhxbwblrxtzsdjlav.supabase.co/storage/v1/object/public/perfume-images/4bf8ae4c-7a85-41ab-b8fc-edd1f704b570/t9euo1y8zj4-maison-garnet-alhambra-rose.webp | https://mtdlhxbwblrxtzsdjlav.supabase.co/storage/v1/object/public/perfume-images/4bf8ae4c-7a85-41ab-b8fc-edd1f704b570/t9euo2bd5t2-maison-garnet-alhambra-rose.webp","https://s.shopee.co.id/9pYiVzuqvv","loco-scent-red-rhapsody | whspr-twisted-romance | honino-romeo-roses | mykonos-moroccan-vanilla | layr-slow-dance","Maison Garnet Alhambra Rose adalah parfum floral-spicy dengan sentuhan mawar dan vanilla, cocok untuk malam penuh kehangatan dan kepercayaan diri.","https://cariparfum.com/parfum/maison-garnet-alhambra-rose","","2026-10-06T13:26:04.304Z"
"Maison Garnet","Baby’s Breath","Eau de Parfum","319000","IDR","InStock","Rice Powder | Soap Accord","Baby Powder | Milk","Vanilla | White Musk","Powdery | Floral Lembut","Nyaman | Bersih | Menenangkan","Masculine","","Pagi | ️ Siang | Sore | ️ Panas | ️ Hujan","https://mtdlhxbwblrxtzsdjlav.supabase.co/storage/v1/object/public/perfume-images/97fb023d-bb30-4d4a-bd4c-43b27d7c8477/t9eum7wxgjn-maison-garnet-baby-s-breath.webp | https://mtdlhxbwblrxtzsdjlav.supabase.co/storage/v1/object/public/perfume-images/97fb023d-bb30-4d4a-bd4c-43b27d7c8477/t9eum7zdges-maison-garnet-baby-s-breath.webp","https://s.shopee.co.id/7AXxKy7tOG","mykonos-vanilla-clouds | mykonos-moroccan-vanilla | house-of-medici-shakespeare-elegiac | mykonos-pink-drops | mykonos-caramel-fudge-cookie","Maison Garnet Baby’s Breath adalah EDP dengan nuansa bedak bayi, sabun bersih, dan susu lembut, menghadirkan kenyamanan nostalgia yang cozy dan clean.","https://cariparfum.com/parfum/maison-garnet-baby-s-breath","","2026-10-06T13:25:00.226Z"
"Maison Garnet","Dawn by The Garden","Eau de Parfum","319000","IDR","InStock","Jasmine | Neroli | Orange | Tangerine","Black Orchid | Hibiscus | Ylang-Ylang","Amber | Vanilla | Tonka Bean","Floral | Amber","Hangat | Nyaman | Energik","Masculine","","Sore | Malam | ️ Dingin | ️ Hujan","https://mtdlhxbwblrxtzsdjlav.supabase.co/storage/v1/object/public/perfume-images/6d4b721c-7322-4a59-bfcd-73058417517a/t9eumy0ge7b-maison-garnet-dawn-by-the-garden.webp | https://mtdlhxbwblrxtzsdjlav.supabase.co/storage/v1/object/public/perfume-images/6d4b721c-7322-4a59-bfcd-73058417517a/t9eumzxe2p0-maison-garnet-dawn-by-the-garden.webp","https://s.shopee.co.id/9KcRuuz0Zp","honino-romeo-roses | botanical-essentials-solace | ouru-vanilla-velvet-2-0 | loco-scent-dialogue-ivi | layr-midnight-haze","Maison Garnet Dawn by The Garden memadukan citrus segar, floral tropis, dan vanilla-amber yang creamy, menciptakan aroma hangat dan uplifting yang cocok.","https://cariparfum.com/parfum/maison-garnet-dawn-by-the-garden","","2026-10-06T13:24:52.440Z"
"Maison Garnet","Dusk by The Bay","Eau de Parfum","319000","IDR","InStock","Bergamot | Grapefruit | Calone","Violet | Bay Leaf","Cedar | Ambergris | Patchouli | Musk","Akuatik | Woody","Menyegarkan | Menenangkan","Masculine","","Sore | Malam | ️ Panas | ️ Hujan","https://mtdlhxbwblrxtzsdjlav.supabase.co/storage/v1/object/public/perfume-images/39aa6843-4f57-4929-96a5-50cf93a25331/t9eun33hpar-maison-garnet-dusk-by-the-bay.webp | https://mtdlhxbwblrxtzsdjlav.supabase.co/storage/v1/object/public/perfume-images/39aa6843-4f57-4929-96a5-50cf93a25331/t9eun4i3bf5-maison-garnet-dusk-by-the-bay.webp","https://s.shopee.co.id/9AJ1ih84YR","world-of-make-scents-ermis-solid-perfume | wonderlust-fragrance-philia | de-antoine-homme-fatale | de-antoine-velvet-garden | honino-shower-song","Maison Garnet Dusk by The Bay menawarkan nuansa segar laut dan kayu yang menenangkan, sempurna untuk sore hingga malam di iklim tropis Indonesia.","https://cariparfum.com/parfum/maison-garnet-dusk-by-the-bay","","2026-10-06T13:25:36.086Z"
"Maison Garnet","Mugunghwa Peach","Eau de Parfum","319000","IDR","InStock","Clementine | Peach | Orange","Mugunghwa | Jasmine | Tuberose","Sandalwood | Guaiac Wood | Musk","Fruity | Floral","Playful | Menenangkan","Masculine","","Sore | Malam | ️ Panas | ️ Hujan","https://mtdlhxbwblrxtzsdjlav.supabase.co/storage/v1/object/public/perfume-images/0ec04f52-17a0-4950-8e06-0dfa35b47e6a/t9euo3ds0yv-maison-garnet-mugunghwa-peach.webp | https://mtdlhxbwblrxtzsdjlav.supabase.co/storage/v1/object/public/perfume-images/0ec04f52-17a0-4950-8e06-0dfa35b47e6a/t9euo4ti4p7-maison-garnet-mugunghwa-peach.webp","https://s.shopee.co.id/8pgBK8hKLw","layr-velvet-dream | unspoken-timber | project-1945-princess-of-java | reboura-flora-notes | notts-hatsukoi","Maison Garnet Mugunghwa Peach memadukan aroma peach manis, floral mugunghwa, dan kayu lembut yang menenangkan, cocok untuk sore hingga malam hari.","https://cariparfum.com/parfum/maison-garnet-mugunghwa-peach","","2026-10-06T13:25:08.072Z"
"Maison Garnet","Pure Haneul","Eau de Parfum","319000","IDR","InStock","Aldehyde | Bergamot | Lemon","Violet | Jasmine | Lily of the Valley | Iris","Sandalwood | Cedar | White Musk","Floral Lembut | Woody","Bersih | Ringan | Menyegarkan","Masculine","","Pagi | ️ Siang | Sore | ️ Panas | ️ Hujan","https://mtdlhxbwblrxtzsdjlav.supabase.co/storage/v1/object/public/perfume-images/afd36a0a-5758-47d8-8585-85a7e603d3c0/t9eun16odot-maison-garnet-pure-haneul.webp | https://mtdlhxbwblrxtzsdjlav.supabase.co/storage/v1/object/public/perfume-images/afd36a0a-5758-47d8-8585-85a7e603d3c0/t9eun17grnj-maison-garnet-pure-haneul.webp","https://s.shopee.co.id/W13OmNCUO","world-of-make-scents-ermis-solid-perfume | honor-perfume-denali | evesol-jinggala | loco-scent-into-the-waves | argve-ardour","Maison Garnet Pure Haneul adalah EDP floral musk yang ringan dan bersih, cocok untuk kamu yang ingin aroma segar dan elegan sepanjang hari.","https://cariparfum.com/parfum/maison-garnet-pure-haneul","","2026-10-06T13:24:58.868Z"
"Maison Garnet","Snow Peony","Eau de Parfum","319000","IDR","InStock","Bergamot | Red Apple | Currant Bud","Water Lily | Cherry Blossom | Tea Rose | Peony","Amber | Sandalwood","Floral | Fruity","Ringan | Menyegarkan","Masculine","","Pagi | ️ Siang | Sore | ️ Panas | ️ Hujan","https://mtdlhxbwblrxtzsdjlav.supabase.co/storage/v1/object/public/perfume-images/9988536e-6f33-4c3d-8194-00a0693cf7f5/t9eumwbm59r-maison-garnet-snow-peony.webp | https://mtdlhxbwblrxtzsdjlav.supabase.co/storage/v1/object/public/perfume-images/9988536e-6f33-4c3d-8194-00a0693cf7f5/t9eumxjwarz-maison-garnet-snow-peony.webp","https://s.shopee.co.id/2g5Xyj6xc9","loco-scent-red-rhapsody | honino-romeo-roses | mykonos-xoxo-rosy | hint-cotton | scentalgia-fragrance-raw-morning-09-00am","Maison Garnet Snow Peony adalah EDP floral segar dengan sentuhan peony dan sandalwood, menghadirkan nuansa clean dan feminin yang lembut untuk hari cerah.","https://cariparfum.com/parfum/maison-garnet-snow-peony","","2026-10-06T13:24:52.786Z"
"Maison Garnet","Sounds of the Alps","Eau de Parfum","299000","IDR","InStock","Bergamot | Lemon | Lime","Rosemary | Wild Lavender | Clary Sage","Cedarwood | Oakmoss | Patchouli","Aromatik | Woody","Menyegarkan | Bersih","Masculine","","Pagi | ️ Siang | Sore | ️ Panas | ️ Hujan","https://mtdlhxbwblrxtzsdjlav.supabase.co/storage/v1/object/public/perfume-images/38992186-1f0a-448c-9cb9-343676159210/t9fn2chgi5p-maison-garnet-sounds-of-the-alps.webp | https://mtdlhxbwblrxtzsdjlav.supabase.co/storage/v1/object/public/perfume-images/38992186-1f0a-448c-9cb9-343676159210/t9fn2dgha4v-maison-garnet-sounds-of-the-alps.webp","https://s.shopee.co.id/3VeeyJ6Ujj","world-of-make-scents-ermis-solid-perfume | honor-perfume-crimson | honor-perfume-royce | elvicto-suit-tie | loco-scent-into-the-waves","Maison Garnet Sounds of the Alps menawarkan aroma segar pegunungan, menggabungkan citrus, herbal, dan kayu, cocok untuk pecinta outdoor dan aktivitas pagi.","https://cariparfum.com/parfum/maison-garnet-sounds-of-the-alps","","2026-10-06T13:26:22.247Z"
"Maison Garnet","The Senator","Eau de Parfum","299000","IDR","InStock","Black Pepper | Coriander","Rose","Ambergris | Vanilla | Patchouli","Amber | Floral","Hangat | Misterius","Masculine","","Malam | ️ Dingin | ️ Hujan","https://mtdlhxbwblrxtzsdjlav.supabase.co/storage/v1/object/public/perfume-images/ba35ac5b-70bb-4da3-92d6-bc4950cc2d92/t9eun5ppshe-maison-garnet-the-senator.webp | https://mtdlhxbwblrxtzsdjlav.supabase.co/storage/v1/object/public/perfume-images/ba35ac5b-70bb-4da3-92d6-bc4950cc2d92/t9eun6sistf-maison-garnet-the-senator.webp","https://s.shopee.co.id/4qA2YijFky","honino-romeo-roses | honor-perfume-husk | mykonos-moroccan-vanilla | loco-scent-red-rhapsody | citizens-of-the-world-cafe-du-monde","Maison Garnet The Senator adalah parfum EDP dengan sentuhan rempah hangat, mawar elegan, dan vanilla patchouli, pas untuk suasana malam yang cozy dan dewasa.","https://cariparfum.com/parfum/maison-garnet-the-senator","","2026-10-06T13:26:05.870Z"
"Make It","Mango Glace","Extrait de Parfum","","","InStock","Fig | Osmanthus | Mango | Coconut","Orange Blossom | Iris Concrete | Castoreum | Ylang-Ylang","Sandalwood | Lorenox | Vanilla | Benzoin","Gourmand | Fruity","Hangat | Playful","Masculine","","Sore | Malam | ️ Panas | ️ Hujan","https://mtdlhxbwblrxtzsdjlav.supabase.co/storage/v1/object/public/perfume-images/f2cd86ae-16a0-42e1-92ca-4e6cac75172c/td6og22n2ud-make-it-mango-glace.webp | https://mtdlhxbwblrxtzsdjlav.supabase.co/storage/v1/object/public/perfume-images/f2cd86ae-16a0-42e1-92ca-4e6cac75172c/td6og345810-make-it-mango-glace.webp | https://mtdlhxbwblrxtzsdjlav.supabase.co/storage/v1/object/public/perfume-images/f2cd86ae-16a0-42e1-92ca-4e6cac75172c/td6og8vo0z8-make-it-mango-glace.webp","/brand/make-it","gioia-fragrances-siena | layr-kyoto-jazz | house-of-medici-shakespeare-elegiac | project-1945-symphony-of-borobudur | argve-tarawangsa-puspa-melati","Make It Mango Glace menghadirkan sensasi fruity creamy yang playful sekaligus hangat, dengan perpaduan mangga, kelapa, bunga tropis, dan sentuhan.","https://cariparfum.com/parfum/make-it-mango-glace","","2026-10-06T13:26:36.974Z"
"Mandalika","24 Hours","Eau de Parfum","657000","IDR","InStock","Pear | Lemon | Cardamom","Cinnamon | Lavender | Iris","Amber | Cedarwood | Vanilla","Woody | Amber","Hangat | Playful | Nyaman","Masculine","","Sore | Malam | ️ Dingin | ️ Hujan","https://mtdlhxbwblrxtzsdjlav.supabase.co/storage/v1/object/public/perfume-images/498847a5-3755-41b2-af94-6e77fe31a005/td3104l078n-mandalika-24-hours.png","https://s.shopee.co.id/1gFo02hyx0","mandalika-irresistible | whspr-ode-to-revenge | honino-romeo-roses | sonder-scents-255 | layr-kyoto-jazz","Mandalika 24 Hours adalah parfum EDP bernuansa amber-woody dengan sentuhan vanilla dan rempah, nyaman untuk malam sejuk dan momen santai penuh kehangatan.","https://cariparfum.com/parfum/mandalika-24-hours","","2026-10-06T13:25:09.046Z"
"Mandalika","Day","Eau de Parfum","662000","IDR","InStock","Mandarin Orange | Cardamom | Apple","Orange Blossom | Lavender | Nutmeg","Amber | Patchouli","Amber | Fruity","Hangat | Energik","Masculine","","️ Siang | Sore | ️ Panas","https://mtdlhxbwblrxtzsdjlav.supabase.co/storage/v1/object/public/perfume-images/e037f9f8-4d06-4079-a2e9-07a1f6f1b63e/td310zurcph-mandalika-day.png","https://s.shopee.co.id/60On9JjPBC","mandalika-irresistible | world-of-make-scents-bliss-solid-perfume | honino-romeo-roses | mykonos-conquer | layr-kyoto-jazz","Mandalika Day adalah parfum EDP yang memadukan aroma fruity segar dengan warm amber, cocok untuk aktivitas siang hingga sore di iklim tropis Indonesia.","https://cariparfum.com/parfum/mandalika-day","","2026-10-06T13:26:04.273Z"
"Mandalika","Feeling Good","Eau de Parfum","661000","IDR","InStock","Bergamot | Raspberry | Blackcurrant","Lily | Rose","Vanilla | Musk","Floral | Fruity","Playful | Nyaman","Masculine","","️ Siang | Sore | ️ Panas | ️ Hujan","https://mtdlhxbwblrxtzsdjlav.supabase.co/storage/v1/object/public/perfume-images/41a85a95-8a4b-41ea-aaff-92f8d8f982b5/td311162rt7-mandalika-feeling-good.png","https://s.shopee.co.id/4qCplN1YoT","honino-romeo-roses | loco-scent-red-rhapsody | mykonos-moroccan-vanilla | merah-poetih-rayuan-pulau-kelapa | royal-fragrance-symphony-of-yogyakarta","Mandalika Feeling Good adalah parfum EDP yang memadukan aroma buah segar, bunga lembut, dan sentuhan musk-vanilla, cocok untuk suasana santai sepanjang hari.","https://cariparfum.com/parfum/mandalika-feeling-good","","2026-10-06T13:25:16.752Z"
"Mandalika","Forbidden Temptation","Eau de Parfum","662000","IDR","InStock","Pear | Red Pepper | Blackcurrant | Pineapple","Jasmine | Grapefruit | Rose | Heliotrope","Amber | Cedarwood | Vanilla | Patchouli","Fruity | Amber","Playful | Hangat","Masculine","","Sore | Malam | ️ Dingin | ️ Hujan","https://mtdlhxbwblrxtzsdjlav.supabase.co/storage/v1/object/public/perfume-images/0153eca4-63ec-4f11-9b1f-5f3b80de3a34/td311f0fkxm-mandalika-forbidden-temptation.png","https://s.shopee.co.id/6L1dYGvAdn","honino-romeo-roses | citizens-of-the-world-malaga | loco-scent-red-rhapsody | mandalika-irresistible | de-antoine-opaque-ash","Mandalika Forbidden Temptation menawarkan aroma fruity-floral yang playful dan hangat, dipadu vanilla dan amber, cocok untuk momen sore hingga malam yang intim.","https://cariparfum.com/parfum/mandalika-forbidden-temptation","","2026-10-06T13:24:59.844Z"
"Mandalika","Gorgeous Tuberose","Eau de Parfum","662000","IDR","InStock","Mandarin Orange | Bergamot | Red Berries","Orange Blossom | Jasmine | Tuberose","Cedarwood | Vanilla","Floral | Gourmand","Hangat | Sensual","Masculine","","Sore | Malam | ️ Dingin | ️ Hujan","https://mtdlhxbwblrxtzsdjlav.supabase.co/storage/v1/object/public/perfume-images/99bb5b6c-55c6-42d7-aadb-786030fc4f4b/td30zx036iy-mandalika-gorgeous-tuberose.png","https://s.shopee.co.id/5VSWYXRNes","citizens-of-the-world-av-montaigne | sighnil-cherry-on-date-night | satellite-of-glow-aura-ubud | satellite-of-glow-santorini-omorfia | scent-of-jarte-blank-space","Mandalika Gorgeous Tuberose menghadirkan aroma tuberose creamy dengan sentuhan citrus segar dan vanilla, sempurna untuk suasana sore atau malam yang elegan.","https://cariparfum.com/parfum/mandalika-gorgeous-tuberose","","2026-10-06T13:25:26.651Z"
"Mandalika","Holy Sweet","Eau de Parfum","662000","IDR","InStock","Strawberry | Raspberry | Cherry","Violet | Jasmine","Amber | Vanilla | Musk","Amber | Fruity","Playful | Nyaman","Masculine","","Sore | Malam | ️ Dingin | ️ Hujan","https://mtdlhxbwblrxtzsdjlav.supabase.co/storage/v1/object/public/perfume-images/e651b371-5020-4c7a-8ea6-ee11a4804660/td31002txzt-mandalika-holy-sweet.png","https://s.shopee.co.id/30lBZsnmts","honino-romeo-roses | loco-scent-mocktail-in-the-garden | royal-fragrance-mon-cheri | sighnil-cherry-on-date-night | evoste-midnight-cherry","Mandalika Holy Sweet menawarkan kombinasi buah manis dan floral lembut dengan sentuhan vanilla hangat, cocok untuk kamu yang suka suasana playful dan cozy.","https://cariparfum.com/parfum/mandalika-holy-sweet","","2026-10-06T13:25:36.863Z"
"Mandalika","Hypnotized","Eau de Parfum","662000","IDR","InStock","Bergamot | Plum","Honey | Hazelnut","Amber | Cedarwood | Patchouli","Amber | Fruity","Hangat | Nyaman","Masculine","","Sore | Malam | ️ Dingin | ️ Hujan","https://mtdlhxbwblrxtzsdjlav.supabase.co/storage/v1/object/public/perfume-images/b516e53d-ea57-4ffe-adc1-0d4411f61a51/td3108xs016-mandalika-hypnotized.png","https://s.shopee.co.id/7fX18V20RK","world-of-make-scents-ermis-solid-perfume | speaks-to-me-slow-sunset | honino-romeo-roses | sonder-scents-255 | saka-perfumery-teaphoria","Mandalika Hypnotized adalah parfum fruity-amber yang hangat, berpadu plum dan hazelnut di atas dasar cedarwood. Cocok untuk sore dan malam intim.","https://cariparfum.com/parfum/mandalika-hypnotized","","2026-10-06T13:25:44.006Z"
"Mandalika","Icon","Eau de Parfum","650000","IDR","InStock","Grapefruit | Lemon","Lily | Pink Pepper | Apple","Amber | Labdanum | Leather | Musk","Amber | Kering & Smoky","Hangat | Tegas","Masculine","","Sore | Malam | ️ Dingin","https://mtdlhxbwblrxtzsdjlav.supabase.co/storage/v1/object/public/perfume-images/abb7f793-11df-4f2b-b171-3653c52b6db3/td311glmim1-mandalika-icon.png","https://s.shopee.co.id/8ATHk1avD9","honino-romeo-roses | avalanche-interview-room | honino-teddys-blanket | honor-perfume-denali | elaya-good-habit","Mandalika Icon adalah parfum EDP dengan nuansa citrus segar, apel, dan dasar amber-leather yang hangat, cocok untuk kamu yang ingin tampil bold dan beda.","https://cariparfum.com/parfum/mandalika-icon","","2026-10-06T13:26:09.835Z"
"Mandalika","Irresistible","Eau de Parfum","658000","IDR","InStock","Mandarin Orange | Lavender | Lemon | Blackcurrant","Orange Blossom | Pear | Jasmine | Petitgrain","Amber | Cedarwood | Vanilla | Musk","Floral | Fruity","Playful | Nyaman","Masculine","","Sore | Malam | ️ Panas | ️ Hujan","https://mtdlhxbwblrxtzsdjlav.supabase.co/storage/v1/object/public/perfume-images/a75651e3-887a-461a-a8c6-c8ee41f739ff/td311hd7pi4-mandalika-irresistible.png","https://s.shopee.co.id/6L1dYDReYi","honino-romeo-roses | fragrance-by-petals-elysian-bloom | citizens-of-the-world-malaga | aamodini-kirana | scent-of-jarte-blank-space","Mandalika Irresistible adalah parfum fruity-floral yang playful dan hangat, cocok untuk sore santai hingga malam, hadirkan kesan segar sekaligus cozy.","https://cariparfum.com/parfum/mandalika-irresistible","","2026-10-06T13:26:09.077Z"
"Mandalika","Lady Boss","Eau de Parfum","671000","IDR","InStock","Madagascar Vanilla","Violet","Amber | Patchouli","Powdery | Amber","Hangat | Nyaman | Elegan","Masculine","","Malam | ️ Dingin | ️ Hujan","https://mtdlhxbwblrxtzsdjlav.supabase.co/storage/v1/object/public/perfume-images/e1b0ddae-b5b6-4b2d-a690-d53f4cbf90c4/td311izyka1-mandalika-lady-boss.png","https://s.shopee.co.id/8piyWYv7Ee","honino-romeo-roses | world-of-make-scents-ermis-solid-perfume | ouru-warm-whiskey | layr-kyoto-jazz | mykonos-stilettos","Mandalika Lady Boss adalah parfum EDP berkarakter vanilla-powdery dengan sentuhan amber dan patchouli, menghadirkan nuansa hangat dan elegan untuk malam hari.","https://cariparfum.com/parfum/mandalika-lady-boss","","2026-10-06T13:25:54.554Z"
"Mandalika","Morning Grass","Eau de Parfum","894000","IDR","InStock","Mandarin Orange | Bergamot | Green Apple","Violet | Kaffir Lime Leaves | Cashmeran | Pine","Amber | Oakmoss | Musk","Hijau Segar | Amber","Menyegarkan | Nyaman | Bersih","Masculine","","Pagi | ️ Siang | Sore | ️ Panas | ️ Hujan","https://mtdlhxbwblrxtzsdjlav.supabase.co/storage/v1/object/public/perfume-images/33d1fb48-1712-42a9-89ea-9d8fa2d2a5da/td311j4k6wp-mandalika-morning-grass.png","https://s.shopee.co.id/1107CXDilK","honino-romeo-roses | loco-scent-abandoned-land | loco-scent-mocktail-in-the-garden | world-of-make-scents-ermis-solid-perfume | mykonos-baby-love","Mandalika Morning Grass adalah parfum EDP yang menyatukan aroma segar hijau dan citrus dengan nuansa kayu lembut, cocok untuk hari-hari aktif di iklim tropis.","https://cariparfum.com/parfum/mandalika-morning-grass","","2026-10-06T13:25:42.039Z"
"Mandalika","Mr Fantastic","Eau de Parfum","1024000","IDR","InStock","Pineapple | Saffron","Amber | Birchwood | Rose","Vanilla | Juniper Berry | Musk","Amber | Fruity","Hangat | Misterius | Nyaman","Masculine","","Sore | Malam | ️ Dingin | ️ Hujan","https://mtdlhxbwblrxtzsdjlav.supabase.co/storage/v1/object/public/perfume-images/2073d1ca-e52a-47d5-9deb-cdee093ce43d/td310ur2dvf-mandalika-mr-fantastic.png","https://s.shopee.co.id/4Ax8yjelvU","honino-romeo-roses | loco-scent-red-rhapsody | mykonos-xoxo-rosy | mykonos-moroccan-vanilla | gioia-fragrances-jenny","Mandalika Mr Fantastic adalah parfum EDP dengan nuansa fruity smoky yang hangat dan cozy, cocok untuk suasana malam santai maupun momen intim.","https://cariparfum.com/parfum/mandalika-mr-fantastic","","2026-10-06T13:25:47.451Z"
"Mandalika","No1","Eau de Parfum","760000","IDR","InStock","Ginger | Bergamot","Violet | Sage","Amber | Cedarwood | Musk","Woody | Amber","Hangat | Nyaman","Masculine","","Sore | Malam | ️ Panas | ️ Dingin","https://mtdlhxbwblrxtzsdjlav.supabase.co/storage/v1/object/public/perfume-images/d2e2209a-307f-4fcf-a1d6-085fe05b3cb2/td31013q653-mandalika-no1.png","https://s.shopee.co.id/40dilnZzEN","world-of-make-scents-ermis-solid-perfume | de-antoine-homme-fatale | honino-romeo-roses | mykonos-sorrento | wonderlust-fragrance-philia","Mandalika No1 adalah EDP dengan sentuhan bergamot dan ginger segar, berpadu amber dan cedarwood hangat, menciptakan kesan cozy dan elegan untuk sore hari.","https://cariparfum.com/parfum/mandalika-no1","","2026-10-06T13:26:05.021Z"
"Mandalika","Only The Brave","Eau de Parfum","711000","IDR","InStock","Vanilla | Tobacco","Cedarwood | Sandalwood","Vanilla | Musk","Woody | Kering & Smoky","Hangat | Nyaman | Tegas","Masculine","","Malam | ️ Dingin","https://mtdlhxbwblrxtzsdjlav.supabase.co/storage/v1/object/public/perfume-images/3abc3a5f-8359-4704-9ed2-7fd622dcc478/td31036b8ec-mandalika-only-the-brave.png","https://s.shopee.co.id/3VhSAy3qLy","honino-romeo-roses | wonderlust-fragrance-philia | scentnario-adam-s-eden | gioia-fragrances-siena | world-of-make-scents-kiko-crumbs-solid-perfume","Mandalika Only The Brave adalah parfum EDP yang memadukan aroma tembakau, vanilla, dan kayu, ideal untuk malam santai penuh kehangatan dan karakter maskulin.","https://cariparfum.com/parfum/mandalika-only-the-brave","","2026-10-06T13:24:44.748Z"
"Mandalika","Rebel","Eau de Parfum","265000","IDR","InStock","Grapefruit","Black Pepper | Pink Pepper | Geranium","Vetiver | Leather","Woody | Kering & Smoky","Misterius | Tegas","Masculine","","Malam | ️ Dingin","https://mtdlhxbwblrxtzsdjlav.supabase.co/storage/v1/object/public/perfume-images/018a3bdc-d463-4e31-bd62-ab80c79763fd/td311kx11g3-mandalika-rebel.png","https://s.shopee.co.id/1LcxbgpzGA","hmns-the-prestige | mandalika-icon | whspr-dear-diary | saudade-olfactory-unopened-letter | elvicto-las-vegas","Mandalika Rebel adalah parfum EDP yang memadukan aroma leather, vetiver, dan grapefruit, menawarkan karakter maskulin-bold untuk malam sejuk penuh petualangan.","https://cariparfum.com/parfum/mandalika-rebel","","2026-10-06T13:24:42.226Z"
"Mandalika","Remember Me","Eau de Parfum","655000","IDR","InStock","Pear | Poppy | Daffodil","Jasmine | Tuberose | Musk","Patchouli | Vetiver","Woody | Floral","Earthy | Sensual","Masculine","","Sore | Malam | ️ Hujan | ️ Dingin","https://mtdlhxbwblrxtzsdjlav.supabase.co/storage/v1/object/public/perfume-images/64a3459b-0191-4978-b0a5-f41c435012bb/td310vixnnc-mandalika-remember-me.png","https://s.shopee.co.id/7KuAk1lGtY","honino-romeo-roses | scent-of-jarte-blank-space | world-of-make-scents-dance-flo-solid-perfume | house-of-medici-baldassare-sprezzatura | honor-perfume-baccarat","Mandalika Remember Me adalah parfum floral-woody dengan sentuhan buah pir segar dan dry down earthy yang elegan, cocok untuk sore hingga malam di Indonesia.","https://cariparfum.com/parfum/mandalika-remember-me","","2026-10-06T13:25:02.701Z"
"Mandalika","Romantica Exotica","Eau de Parfum","659000","IDR","InStock","Pear | Strawberry | Raspberry","Orange Blossom | Jasmine | Peony","Ambroxan | Patchouli","Floral | Fruity","Menyegarkan | Playful","Masculine","","Sore | Malam | ️ Panas | ️ Hujan","https://mtdlhxbwblrxtzsdjlav.supabase.co/storage/v1/object/public/perfume-images/d689882c-8552-4847-a81c-2050aa00ac71/td311t0g6ea-mandalika-romantica-exotica.png","https://s.shopee.co.id/60On9PgQpL","sighnil-rose-de-praline | world-of-make-scents-dance-flo-solid-perfume | de-antoine-l-amour-toujours | mykonos-verve | mine-perfumery-ruby-royale","Mandalika Romantica Exotica adalah parfum EDP fruity-floral yang playful dan segar, cocok untuk hangout santai hingga momen spesial di sore atau malam hari.","https://cariparfum.com/parfum/mandalika-romantica-exotica","","2026-10-06T13:25:22.699Z"
"Mandalika","Seduction","Eau de Parfum","270000","IDR","InStock","Pink Pepper | Goji Berry | Apricot Nectar","Calla Lily | Rubber Seed","Amber | Sandalwood | Milk | Saffron","Amber | Fruity","Hangat | Sensual","Masculine","","Sore | Malam | ️ Dingin","https://mtdlhxbwblrxtzsdjlav.supabase.co/storage/v1/object/public/perfume-images/4560ed95-feb4-482a-87e9-2de8289cc0c8/td310was1sq-mandalika-seduction.png","https://s.shopee.co.id/AAEM7rcC0I","speaks-to-me-by-the-beach | honino-romeo-roses | sonder-scents-255 | laboratori-semplice-sandalwood | honor-perfume-denali","Mandalika Seduction adalah parfum EDP dengan sentuhan fruity-creamy dan kehangatan amber-sandalwood yang sensual, ideal untuk suasana malam dan momen intim.","https://cariparfum.com/parfum/mandalika-seduction","","2026-10-06T13:26:23.068Z"
"Mandalika","Sensual Obsession","Eau de Parfum","671000","IDR","InStock","Lychee","Rose","Vanilla | Vetiver","Gourmand | Fruity","Hangat | Sensual","Masculine","","Sore | Malam | ️ Dingin | ️ Hujan","https://mtdlhxbwblrxtzsdjlav.supabase.co/storage/v1/object/public/perfume-images/62bb5ad4-b7c0-41c0-9d76-a1f99179042d/td311ud2ywy-mandalika-sensual-obsession.png","https://s.shopee.co.id/5L96MGRH9i","honino-romeo-roses | mykonos-moroccan-vanilla | loco-scent-red-rhapsody | whspr-twisted-romance | maison-garnet-alhambra-rose","Mandalika Sensual Obsession adalah parfum EDP buah dan floral manis, dengan nuansa vanilla dan vetiver yang sensual, cocok untuk malam penuh keintiman.","https://cariparfum.com/parfum/mandalika-sensual-obsession","","2026-10-06T13:25:41.809Z"
"Mandalika","Signature","Eau de Parfum","662000","IDR","InStock","Grapefruit | Damask Rose","Labdanum | Sage","Amber","Floral | Amber","Hangat | Elegan","Masculine","","Sore | Malam | ️ Dingin | ️ Hujan","https://mtdlhxbwblrxtzsdjlav.supabase.co/storage/v1/object/public/perfume-images/0c25a5d3-9553-4c61-9090-cae6cf96c83f/td311v061i5-mandalika-signature.png","https://s.shopee.co.id/5L96MJBURS","honino-romeo-roses | loco-scent-red-rhapsody | mykonos-xoxo-rosy | loco-scent-into-the-waves | reboura-ellinika-doors","Mandalika Signature adalah EDP floral amber yang memadukan mawar segar dan amber hangat, sempurna untuk sore hingga malam hari dengan nuansa elegan yang subtle.","https://cariparfum.com/parfum/mandalika-signature","","2026-10-06T13:25:18.653Z"
"Mandalika","Sweet Cherry Rose","Eau de Parfum","659000","IDR","InStock","Red Pepper | Blackcurrant | Cherry","Lily | Rose | Jasmine Sambac","Vanilla | Vetiver | Orris Root","Fruity | Floral","Playful | Hangat","Masculine","","Sore | Malam | ️ Panas | ️ Hujan","https://mtdlhxbwblrxtzsdjlav.supabase.co/storage/v1/object/public/perfume-images/02744c2f-b2c6-43a2-a32f-7ab7011230f2/td311x3dm7v-mandalika-sweet-cherry-rose.png","https://s.shopee.co.id/2g8LBUuC7W","honino-romeo-roses | loco-scent-red-rhapsody | mykonos-moroccan-vanilla | yn-perfumery-rose-in-september | mandalika-forbidden-temptation","Mandalika Sweet Cherry Rose adalah parfum EDP dengan aroma buah ceri manis dan floral lembut yang playful dan hangat, cocok untuk momen santai dan hangout.","https://cariparfum.com/parfum/mandalika-sweet-cherry-rose","","2026-10-06T13:26:03.003Z"
"Mandalika","The Only One","Eau de Parfum","1029000","IDR","InStock","Peach | Apple Blossom","Pineapple Blossom","Patchouli | Rose | Musk","Floral | Fruity","Playful | Nyaman","Masculine","","️ Siang | Sore | ️ Panas | ️ Hujan","https://mtdlhxbwblrxtzsdjlav.supabase.co/storage/v1/object/public/perfume-images/beeeadb6-208b-4d62-a0a0-3adce35b9ab3/td310yviet6-mandalika-the-only-one.png","https://s.shopee.co.id/8ATHk82TH0","honino-romeo-roses | loco-scent-red-rhapsody | mykonos-xoxo-rosy | honino-shower-song | elaya-choose-you","Mandalika The Only One adalah parfum fruity floral dengan sentuhan musk dan rose, cocok untuk kamu yang ingin tampil playful dan soft di sore hari.","https://cariparfum.com/parfum/mandalika-the-only-one","","2026-10-06T13:25:08.433Z"
"Mandalika","Vanilla Mango","Eau de Parfum","655000","IDR","InStock","Mandarin Orange | Bergamot | Mango","Jasmine | Apple Blossom | Olibanum","Cedarwood | Vanilla | Musk","Gourmand | Fruity","Playful | Nyaman","Masculine","","Sore | Malam | ️ Dingin","https://mtdlhxbwblrxtzsdjlav.supabase.co/storage/v1/object/public/perfume-images/3988ae8d-f31a-44ae-846d-efeaf93f3d7e/td311yth4sb-mandalika-vanilla-mango.png","https://s.shopee.co.id/gNGnqDEEi","sighnil-cherry-on-date-night | honino-romeo-roses | scent-of-jarte-by-the-garden | mandalika-irresistible | mandalika-gorgeous-tuberose","Mandalika Vanilla Mango adalah EDP fruity gourmand dengan sentuhan vanilla dan mangga creamy, cocok untuk sore hingga malam di suasana santai Indonesia.","https://cariparfum.com/parfum/mandalika-vanilla-mango","","2026-10-06T13:25:42.880Z"
"Mandalika","Yes I Am","Eau de Parfum","671000","IDR","InStock","Coriander | Menthol | Cardamom","Rhubarb | Lily | Rose","Sandalwood | Oakmoss | Lemongrass","Floral | Hijau Segar","Menyegarkan | Energik","Masculine","","Pagi | ️ Siang | Sore | ️ Panas | ️ Hujan","https://mtdlhxbwblrxtzsdjlav.supabase.co/storage/v1/object/public/perfume-images/91538d5c-3dc7-4255-970e-41f532a55062/td311zbooj0-mandalika-yes-i-am.png","https://s.shopee.co.id/17a0iqSXe","loco-scent-red-rhapsody | honino-romeo-roses | mykonos-xoxo-rosy | reboura-ellinika-doors | scentnario-adam-s-eden","Mandalika Yes I Am menawarkan sensasi floral segar dengan sentuhan rempah dan woody yang modern, cocok untuk kamu yang aktif dan ingin tampil beda setiap hari.","https://cariparfum.com/parfum/mandalika-yes-i-am","","2026-10-06T13:25:31.675Z"
"Merah Poetih","Hutan Hujan","Eau de Parfum","143000","IDR","InStock","Grapefruit | Apple | Dihydromyrcenol","Wood Oriental | Sandalwood | Dry Amber","Coumarin | Vanilla | Maltol","Woody | Gourmand","Nyaman | Hangat","Masculine","","Sore | Malam | ️ Dingin | ️ Hujan","https://mtdlhxbwblrxtzsdjlav.supabase.co/storage/v1/object/public/perfume-images/2336bb24-7137-4cd9-99f7-2e6c73131fc7/tb845b3sg5x-merah-poetih-hutan-hujan.webp | https://mtdlhxbwblrxtzsdjlav.supabase.co/storage/v1/object/public/perfume-images/2336bb24-7137-4cd9-99f7-2e6c73131fc7/tb845bthxi4-merah-poetih-hutan-hujan.webp","https://s.shopee.co.id/AUovz36quH","honino-romeo-roses | wonderlust-fragrance-philia | hmns-o-hyper-bloom | ouru-warm-whiskey | merah-poetih-rayuan-pulau-kelapa","Bayangkan berjalan di pinggir hutan setelah hujan reda. Udara segar masih basah, ada semilir wangi apel muda yang clean dan juicy, lalu pelan-pelan berubah jadi aroma kayu lembap yang hangat seperti tanah yang baru kena embun. Di akhir, aroma manis vanilla dan maltol muncul, bikin suasana makin cozy, seperti duduk santai di kabin kayu sambil menikmati alam.","https://cariparfum.com/parfum/merah-poetih-hutan-hujan","","2026-10-06T13:25:32.203Z"
"Merah Poetih","Lembayung Sutra","Eau de Parfum","143000","IDR","InStock","Grilled Pineapple | Pear","Peach | Rose | Red Berries","Maltol | Moss | Musk","Fruity | Floral","Playful | Nyaman","Masculine","","Sore | Malam | ️ Panas | ️ Hujan","https://mtdlhxbwblrxtzsdjlav.supabase.co/storage/v1/object/public/perfume-images/997f8091-13d8-45b6-b5e6-97f843796346/tb8459i01kc-merah-poetih-lembayung-sutra.webp | https://mtdlhxbwblrxtzsdjlav.supabase.co/storage/v1/object/public/perfume-images/997f8091-13d8-45b6-b5e6-97f843796346/tb84597vnon-merah-poetih-lembayung-sutra.webp","https://s.shopee.co.id/8V3rbQ6zxp","honino-romeo-roses | loco-scent-red-rhapsody | mykonos-xoxo-rosy | honino-shower-song | merah-poetih-rayuan-pulau-kelapa","Ada momen di sore hari saat matahari mulai turun, udara masih hangat tapi angin membawa aroma buah segar yang pelan-pelan berubah jadi lembut dan sedikit manis. Lembayung Sutra terasa seperti duduk di beranda, makan buah pir dingin dengan selai berry dan bunga mawar segar, lalu ada hembusan musk dan lumut yang menenangkan di akhir. Rasanya playful, tapi tetap elegan, cocok buat yang suka wangi manis tapi nggak berlebihan.","https://cariparfum.com/parfum/merah-poetih-lembayung-sutra","","2026-10-06T13:26:01.889Z"
"Merah Poetih","Rayuan Pulau Kelapa","Eau de Parfum","143000","IDR","InStock","Bergamot | Lemon | Blackcurrant | Apple","Peach | Coumarin | Rose | Coconut","Sandalwood | Vanilla | Moss | Musk","Fruity | Woody","Playful | Nyaman","Masculine","","Sore | Malam | ️ Panas | ️ Hujan","https://mtdlhxbwblrxtzsdjlav.supabase.co/storage/v1/object/public/perfume-images/90a93fc4-9ecb-470b-846c-a88ec85db341/tb8457d996g-merah-poetih-rayuan-pulau-kelapa.webp | https://mtdlhxbwblrxtzsdjlav.supabase.co/storage/v1/object/public/perfume-images/90a93fc4-9ecb-470b-846c-a88ec85db341/tb845768u2g-merah-poetih-rayuan-pulau-kelapa.webp","https://s.shopee.co.id/5q36QVJCj9","loco-scent-red-rhapsody | honino-romeo-roses | mykonos-moroccan-vanilla | world-of-make-scents-kiko-crumbs-solid-perfume | speaks-to-me-at-the-speakeasy","Ada sensasi seperti duduk di tepi pantai sore hari, angin membawa aroma kelapa dan sandalwood yang creamy, sementara sisa matahari masih terasa hangat di kulit. Sentuhan buah segar dan sedikit mawar membuatnya terasa playful, tapi ujung-ujungnya mellow, nyaman seperti nostalgia liburan yang ingin diulang.","https://cariparfum.com/parfum/merah-poetih-rayuan-pulau-kelapa","","2026-10-06T13:25:14.987Z"
"Merah Poetih","Tjoklat","Extrait de Parfum","162000","IDR","InStock","Bergamot | Lavender","Chocolate | White Floral","Sandalwood | Vanilla","Gourmand | Floral","Nyaman | Hangat","Masculine","","Malam | ️ Dingin","https://mtdlhxbwblrxtzsdjlav.supabase.co/storage/v1/object/public/perfume-images/c85bb1a3-f0c8-45bb-979f-a458d51f4a05/tb845cvtjw4-merah-poetih-tjoklat.webp","https://s.shopee.co.id/9UwOnH4Zit","world-of-make-scents-kiko-crumbs-solid-perfume | sonder-scents-255 | zataru-topaz | reboura-flora-notes | wonderlust-fragrance-philia","Ada momen di malam minggu, lampu temaram, secangkir cokelat panas, dan suara hujan samar di luar. Tjoklat terasa seperti selimut hangat, manis cokelat bertemu floral lembut, lalu pelan-pelan berubah jadi creamy vanilla dan kayu yang calming. Sensasinya cozy, nggak berat, seperti nostalgia manis yang bikin betah berlama-lama.","https://cariparfum.com/parfum/merah-poetih-tjoklat","","2026-10-06T13:25:14.334Z"
"Mine Perfumery","2021","Eau de Parfum","413000","IDR","InStock","Pink Pepper | Urban Greenery | Lemon Zest","Delta Damascone | Ozonic Woods | Futuristic Florals | Rose","Dripping Honey | Benzoin | Tonka Bean | Dry Woods","Hijau Segar | Amber","Menyegarkan | Hangat","Masculine","","Sore | Malam | ️ Dingin | ️ Hujan","https://mtdlhxbwblrxtzsdjlav.supabase.co/storage/v1/object/public/perfume-images/546a4644-2d8c-4803-a42f-d4ea9fedb469/t9ff1akrry6-mine-perfumery-2021.webp","https://s.shopee.co.id/AABZwzMFVZ","loco-scent-red-rhapsody | mykonos-xoxo-rosy | honino-romeo-roses | house-of-medici-devil-in-a-new-dress | laboratori-semplice-rose","Mine Perfumery 2021 membawa kombinasi hijau urban, lemon, mawar, kayu kering, dan madu, menciptakan aroma modern yang fresh namun tetap hangat.","https://cariparfum.com/parfum/mine-perfumery-2021","","2026-10-06T13:24:42.212Z"
"Mine Perfumery","Almalika","Eau de Parfum","210000","IDR","InStock","Myrrh | Black Pepper | Desert Lavender | Fir Needle","Desert Rose | Lilac","Guaiac Wood | White Oud | Vanillin","Aromatik | Woody","Hangat | Misterius","Masculine","","Sore | Malam | ️ Dingin | ️ Hujan","https://mtdlhxbwblrxtzsdjlav.supabase.co/storage/v1/object/public/perfume-images/d45bf14a-7ce1-4d59-98a8-bf1929ceea93/t9eupxrppdn-mine-perfumery-almalika.webp","https://s.shopee.co.id/W0yoBn1PG","loco-scent-red-rhapsody | mykonos-xoxo-rosy | astree-villa-de-la-rose | alt-perfumery-martini-in-new-york | somne-sanguine","Mine Perfumery Almalika membawa aroma lavender gurun, kayu, dan sentuhan white oud yang hangat, ideal untuk malam santai penuh misteri dan kenyamanan.","https://cariparfum.com/parfum/mine-perfumery-almalika","","2026-10-06T13:25:06.196Z"
"Mine Perfumery","Beige 96","Eau de Parfum","210000","IDR","InStock","Skin Accord | Juniper Berry | Musk Mallow","Suede | Rose","Sandalwood | Orange | Vetiver | Clary Sage","Woody | Floral","Nyaman | Bersih","Masculine","","Sore | Malam | ️ Panas | ️ Dingin","https://mtdlhxbwblrxtzsdjlav.supabase.co/storage/v1/object/public/perfume-images/dbf49f76-2a3d-47c0-b66d-2316d144e700/t9euo5pgcgh-mine-perfumery-beige-96.webp | https://mtdlhxbwblrxtzsdjlav.supabase.co/storage/v1/object/public/perfume-images/dbf49f76-2a3d-47c0-b66d-2316d144e700/t9euo5p6lpg-mine-perfumery-beige-96.webp","https://s.shopee.co.id/8V3GKoTw3s","loco-scent-red-rhapsody | botanical-essentials-sanctuary | de-antoine-secret-de-tilia | de-antoine-de-tilia | honino-romeo-roses","Mine Perfumery Beige 96 menghadirkan aroma suede lembut, rose, dan sandalwood yang warm-casual, pas dipakai sore atau malam saat ingin nuansa cozy dan clean.","https://cariparfum.com/parfum/mine-perfumery-beige-96","","2026-10-06T13:25:03.853Z"
"Mine Perfumery","Ethereal","Eau de Parfum","169000","IDR","InStock","Hedione | Almond | Vanillin","Bergamot | Baby’s Breath | Pink Pepper","Sandalwood | Cashmeran | Orange","Gourmand | Woody","Nyaman | Hangat","Masculine","","Sore | Malam | ️ Dingin | ️ Hujan","https://mtdlhxbwblrxtzsdjlav.supabase.co/storage/v1/object/public/perfume-images/a8074c70-45af-4398-aac0-09127b80651c/t9euo8dq10s-mine-perfumery-ethereal.webp | https://mtdlhxbwblrxtzsdjlav.supabase.co/storage/v1/object/public/perfume-images/a8074c70-45af-4398-aac0-09127b80651c/t9euo8czi6k-mine-perfumery-ethereal.webp","https://s.shopee.co.id/5L6EYulrON","speaks-to-me-by-the-beach | layr-velvet-dream | royal-fragrance-sunrise-of-java | laboratori-semplice-bergamot | laboratori-semplice-sandalwood","Mine Perfumery Ethereal adalah EDP gourmand woody dengan sentuhan segar dan creamy, cocok untuk momen santai atau hangat di sore dan malam hari.","https://cariparfum.com/parfum/mine-perfumery-ethereal","","2026-10-06T13:25:48.981Z"
"Mine Perfumery","Ethereal Thermal","Eau de Parfum","225000","IDR","InStock","Bergamot | Cassis | Rose","Sandalwood | Violet | Suede","Vanilla | White Musk | Vetiver","Floral | Woody","Menenangkan | Hangat","Masculine","","Sore | Malam | ️ Dingin | ️ Hujan","https://mtdlhxbwblrxtzsdjlav.supabase.co/storage/v1/object/public/perfume-images/d23a2622-5808-4934-80c9-4be6c45a44f7/t9eup1r603p-mine-perfumery-ethereal-thermal.webp","https://s.shopee.co.id/3VeaNnICJA","mykonos-moroccan-vanilla | loco-scent-red-rhapsody | honino-romeo-roses | maison-garnet-alhambra-rose | scentalgia-fragrance-the-starry-night-nocturne","Mine Perfumery Ethereal Thermal menghadirkan aroma floral-woody yang lembut, dengan nuansa suede dan vanilla yang menenangkan, sempurna untuk sore hingga.","https://cariparfum.com/parfum/mine-perfumery-ethereal-thermal","","2026-10-06T13:25:05.063Z"
"Mine Perfumery","Floraison","Eau de Parfum","210000","IDR","InStock","Pink Pepper | Peony | Lychee | Wild Berry","Rose Otto Oil | Hedione","Patchouli | White Musk | Bois De Rose","Floral | Fruity","Playful | Menyegarkan | Elegan","Masculine","","Pagi | ️ Siang | Sore | ️ Panas | ️ Hujan","https://mtdlhxbwblrxtzsdjlav.supabase.co/storage/v1/object/public/perfume-images/52d1cd28-061a-4dba-9266-9f0cd05cf754/t9eup5cvp6j-mine-perfumery-floraison.webp","https://s.shopee.co.id/8pg6jS5irs","mykonos-xoxo-rosy | loco-scent-red-rhapsody | scentalgia-fragrance-raw-morning-09-00am | sighnil-orange-wine-peppy-musk | voie-mistinguett","Mine Perfumery Floraison memadukan aroma floral segar dan fruity yang lembut, cocok untuk kamu yang suka wangi feminin modern, ringan, dan tetap elegan.","https://cariparfum.com/parfum/mine-perfumery-floraison","","2026-10-06T13:25:52.322Z"
"Mine Perfumery","La Boheme","Eau de Parfum","391000","IDR","InStock","Forest Mist | Cannabis | Raspberry Ketone","Violet | Oakmoss | Vanillin","Ethyl Maltol | Patchouli | Wild Vetiver","Woody Lumut | Gourmand","Earthy | Hangat | Playful","Masculine","","Malam | ️ Dingin | ️ Hujan","https://mtdlhxbwblrxtzsdjlav.supabase.co/storage/v1/object/public/perfume-images/790f4a5c-de86-46d5-b779-fd1b481811b2/t9euoz6w2oo-mine-perfumery-la-boheme.webp","https://s.shopee.co.id/8pgCMamJnp","saudade-olfactory-unopened-letter | world-of-make-scents-ermis-solid-perfume | house-of-medici-baldassare-sprezzatura | laboratori-semplice-patchouli | elvicto-las-vegas","Mine Perfumery La Boheme membawa nuansa hutan berkabut yang earthy dan manis, cocok untuk malam santai dan suasana introspektif yang hangat dan unik.","https://cariparfum.com/parfum/mine-perfumery-la-boheme","","2026-10-06T13:26:11.445Z"
"Mine Perfumery","Lucid Dreams","Eau de Parfum","225000","IDR","InStock","Air Notes | Gardenia | White Peach","Solar Notes | Maltol | Vanillin","Ambergris | Ambroxan | White Musk","Floral Lembut | Gourmand","Ringan | Nyaman","Masculine","","Sore | Malam | ️ Panas | ️ Hujan","https://mtdlhxbwblrxtzsdjlav.supabase.co/storage/v1/object/public/perfume-images/7e8d49a7-ef3b-492b-ae09-29bf67ea8fe0/t9eup3llzr7-mine-perfumery-lucid-dreams.webp | https://mtdlhxbwblrxtzsdjlav.supabase.co/storage/v1/object/public/perfume-images/7e8d49a7-ef3b-492b-ae09-29bf67ea8fe0/t9eup46wu11-mine-perfumery-lucid-dreams.webp","https://s.shopee.co.id/8Kjq8dZaVN","scuse-me-to-be-a-wallflower | voie-mistinguett | mine-perfumery-toxique-vanille | mine-perfumery-ruby-royale | saka-perfumery-harrods","Mine Perfumery Lucid Dreams adalah parfum EDP airy yang berpadu manis dan cozy, menciptakan kesan clean hangat untuk malam santai yang personal dan menenangkan.","https://cariparfum.com/parfum/mine-perfumery-lucid-dreams","","2026-10-06T13:25:10.149Z"
"Mine Perfumery","Narcotique","Eau de Parfum","210000","IDR","InStock","Bergamot | Sicilian Lemon | Blood Orange","Sea Salt | Petitgrain | Cardamom","Cedarwood | Ambrette | Vetiver","Sitrus Segar | Woody","Menyegarkan | Bersih | Earthy","Masculine","","Pagi | ️ Siang | Sore | ️ Panas | ️ Hujan","https://mtdlhxbwblrxtzsdjlav.supabase.co/storage/v1/object/public/perfume-images/3295a2ab-6310-44fc-806d-a2ca9e12fc21/t9euoxdl1kx-mine-perfumery-narcotique.webp","https://s.shopee.co.id/30iJmyH7vh","saka-perfumery-etherwave | project-1945-fields-of-ubud | atsiri-beksan | wonderlust-fragrance-philia | wonderlust-fragrance-flaneur","Mine Perfumery Narcotique adalah parfum citrus woody dengan nuansa sea salt dan vetiver, cocok untuk penyuka aroma segar yang sophisticated.","https://cariparfum.com/parfum/mine-perfumery-narcotique","","2026-10-06T13:26:21.811Z"
"Mine Perfumery","Rebel Instinct","Eau de Parfum","225000","IDR","InStock","Mandarin | Orange","Black Pepper | Sandalwood | Violet","Cedarwood | Benzoin | Vetiver","Woody | Sitrus Segar","Energik | Hangat","Masculine","","Sore | Malam | ️ Panas | ️ Dingin","https://mtdlhxbwblrxtzsdjlav.supabase.co/storage/v1/object/public/perfume-images/d243ba0f-a136-470a-b05f-0bb9e5eba86e/t9eupyn77sb-mine-perfumery-rebel-instinct.webp","https://s.shopee.co.id/qdpCvELFi","world-of-make-scents-ermis-solid-perfume | house-of-medici-da-vinci-lost-supper | evesol-jinggala | unke-naru-kala-jingga | mykonos-down-to-earth","Mine Perfumery Rebel Instinct memadukan citrus segar dengan sentuhan woody dan spicy, menghadirkan karakter maskulin yang modern untuk sore hingga malam hari.","https://cariparfum.com/parfum/mine-perfumery-rebel-instinct","","2026-10-06T13:26:32.256Z"
"Mine Perfumery","Ruby Royale","Eau de Parfum","245000","IDR","InStock","Violet | Cassis | Lavandin | Peony | Rose","Strawberry | Ruby | White Peach","Amber | Ambroxan | Patchouli | Pine","Fruity | Floral","Playful | Hangat","Masculine","","Sore | Malam | ️ Panas | ️ Hujan","https://mtdlhxbwblrxtzsdjlav.supabase.co/storage/v1/object/public/perfume-images/add816ed-34f3-4887-9a0f-9ffdb813d54e/t9euq0ctfrh-mine-perfumery-ruby-royale.webp","https://s.shopee.co.id/9AIx819zpx","honino-romeo-roses | loco-scent-red-rhapsody | scentalgia-fragrance-raw-morning-09-00am | world-of-make-scents-ermis-solid-perfume | layr-kyoto-jazz","Mine Perfumery Ruby Royale memadukan sensasi fruity-floral dengan sentuhan amber dan woody, cocok untuk sore hangout atau malam santai yang penuh kehangatan.","https://cariparfum.com/parfum/mine-perfumery-ruby-royale","","2026-10-06T13:25:14.638Z"
"Mine Perfumery","Tatami","Eau de Parfum","168000","IDR","InStock","Orange Blossom | Earl Grey | Plum","Lily Of The Valley Bud | Blackcurrant | Peony Rose","Ambrettolide | Tea Leaf | Violet Leaf","Floral | Hijau Segar","Bersih | Menenangkan","Masculine","","Pagi | ️ Siang | Sore | ️ Panas | ️ Hujan","https://mtdlhxbwblrxtzsdjlav.supabase.co/storage/v1/object/public/perfume-images/abeb29a8-937d-4a94-8f05-6129244fc68d/t9euo67o6gx-mine-perfumery-tatami.webp","https://s.shopee.co.id/8V3GKxhPx7","loco-scent-red-rhapsody | yn-perfumery-rose-in-september | mykonos-xoxo-rosy | scentalgia-fragrance-raw-morning-05-00am | personal-chemistry-patina","Mine Perfumery Tatami menggabungkan nuansa plum, Earl Grey, dan floral lembut, menciptakan aroma clean yang elegan dan segar untuk hari-hari santai.","https://cariparfum.com/parfum/mine-perfumery-tatami","","2026-10-06T13:26:29.590Z"
"Mine Perfumery","Toxique Vanille","Eau de Parfum","255000","IDR","InStock","Plum | White Musk","Resinous Notes | Whiskey Cognac | Cigar | Labdanum | White Woods","Amber | Ambroxan | Guaiac Wood | Vanilla | Oud","Amber | Gourmand","Hangat | Sensual | Misterius","Masculine","","Malam | ️ Dingin","https://mtdlhxbwblrxtzsdjlav.supabase.co/storage/v1/object/public/perfume-images/5d9ca79d-ab18-48b8-9437-c0221cc26db1/t9euq2r5big-mine-perfumery-toxique-vanille.webp | https://mtdlhxbwblrxtzsdjlav.supabase.co/storage/v1/object/public/perfume-images/5d9ca79d-ab18-48b8-9437-c0221cc26db1/t9euq3fkwp3-mine-perfumery-toxique-vanille.webp","https://s.shopee.co.id/9KcNKWmATM","honino-romeo-roses | byfrags-gori | ouru-warm-whiskey | layr-velvet-dream | mykonos-vanilla-clouds","Mine Perfumery Toxique Vanille membawa aroma manis-berani dengan perpaduan vanilla, oud, dan whiskey, cocok untuk momen malam penuh kehangatan dan misteri.","https://cariparfum.com/parfum/mine-perfumery-toxique-vanille","","2026-10-06T13:25:47.160Z"
"Mine Perfumery","Untamed","Eau de Parfum","245000","IDR","InStock","Orange Blossom | Citrus | Pink Pepper","Sandalwood | Toasted Almond | Juniper","Indonesian Patchouli | Vanilla | Oud","Woody | Amber","Tegas | Hangat | Misterius","Masculine","","Sore | Malam | ️ Dingin","https://mtdlhxbwblrxtzsdjlav.supabase.co/storage/v1/object/public/perfume-images/7b4bad86-eab8-4ff7-a39b-c812d17c10c4/t9eupz8hbye-mine-perfumery-untamed.webp | https://mtdlhxbwblrxtzsdjlav.supabase.co/storage/v1/object/public/perfume-images/7b4bad86-eab8-4ff7-a39b-c812d17c10c4/t9eupzp6vge-mine-perfumery-untamed.webp","https://s.shopee.co.id/5fj4xitUcj","world-of-make-scents-kiko-crumbs-solid-perfume | mykonos-black-opera | loco-scent-red-rhapsody | alt-perfumery-alexandria-oud | layr-midnight-haze","Mine Perfumery Untamed adalah EDP yang menggabungkan citrus segar dengan creamy almond, sandalwood, dan oud patchouli, menciptakan aroma malam yang bold.","https://cariparfum.com/parfum/mine-perfumery-untamed","","2026-10-06T13:26:26.096Z"
"MYKONOS","Affair","Extrait de Parfum","319000","IDR","InStock","Raspberry Sorbet | Pink Pepper","Peony | Rose","Vanilla | Salted Caramel | Patchouli | Cashmere Wood","Fruity | Gourmand","Playful | Hangat | Sensual","Masculine","","Sore | Malam | ️ Dingin","https://mtdlhxbwblrxtzsdjlav.supabase.co/storage/v1/object/public/perfume-images/e87937bf-6f7f-41ce-819c-72331bead38c/t8awujzszyu-mykonos-affair.webp | https://mtdlhxbwblrxtzsdjlav.supabase.co/storage/v1/object/public/perfume-images/e87937bf-6f7f-41ce-819c-72331bead38c/t8awukqaek0-mykonos-affair.webp","https://s.shopee.co.id/3B1GLAGPyS","honino-romeo-roses | mykonos-moroccan-vanilla | loco-scent-red-rhapsody | house-of-medici-devil-in-a-new-dress | citizens-of-the-world-cafe-du-monde","MYKONOS Affair adalah parfum gourmand-floral yang playful sekaligus elegan, memadukan raspberry, rose, dan salted caramel untuk malam penuh kesan.","https://cariparfum.com/parfum/mykonos-affair","","2026-10-06T13:26:33.887Z"
"MYKONOS","Aphrodite","Extrait de Parfum","279000","IDR","InStock","Myrrh | Jasmine | Burnt Cinnamon","Cedarwood | Sandalwood | Tonka Bean","Mineral Amber | Vanilla | White Musk | Tobacco","Amber | Woody","Hangat | Sensual | Mewah","Masculine","","Sore | Malam | ️ Dingin | ️ Hujan","https://mtdlhxbwblrxtzsdjlav.supabase.co/storage/v1/object/public/perfume-images/10f809c4-b973-4818-9e6c-3205f8a03b3a/t8aww90k3tp-mykonos-aphrodite.webp | https://mtdlhxbwblrxtzsdjlav.supabase.co/storage/v1/object/public/perfume-images/10f809c4-b973-4818-9e6c-3205f8a03b3a/t8aww9ajgcy-mykonos-aphrodite.webp","https://s.shopee.co.id/9KbtfqUx6o","honino-romeo-roses | layr-midnight-haze | mandalika-only-the-brave | sonder-scents-255 | ouru-vanilla-velvet-2-0","MYKONOS Aphrodite adalah parfum hangat dengan sentuhan jasmine, kayu, dan vanilla creamy, sempurna untuk momen malam penuh keintiman dan kemewahan.","https://cariparfum.com/parfum/mykonos-aphrodite","","2026-10-06T13:25:15.019Z"
"MYKONOS","Baby Love","Eau de Parfum","120000","IDR","InStock","Violet | Rose | Musk","Violet | Rose","Violet | Musk","Floral Lembut | Powdery","Elegan | Nyaman","Masculine","","Sore | Malam | ️ Dingin | ️ Hujan","https://mtdlhxbwblrxtzsdjlav.supabase.co/storage/v1/object/public/perfume-images/aa439ca6-e312-4d9e-a522-7d841643900f/t8awzd23yga-mykonos-baby-love.webp | https://mtdlhxbwblrxtzsdjlav.supabase.co/storage/v1/object/public/perfume-images/aa439ca6-e312-4d9e-a522-7d841643900f/t8awzdy51cp-mykonos-baby-love.webp","https://s.shopee.co.id/1Vt2LnGl2H","honino-romeo-roses | loco-scent-red-rhapsody | mykonos-xoxo-rosy | world-of-make-scents-ermis-solid-perfume | alt-perfumery-martini-in-new-york","MYKONOS Baby Love adalah parfum lembut dengan nuansa violet dan musk yang powdery, cocok untuk pecinta aroma clean-elegan yang menenangkan hati.","https://cariparfum.com/parfum/mykonos-baby-love","","2026-10-06T13:26:15.231Z"
"MYKONOS","Berry Caramel Pancake","Eau de Parfum","199000","IDR","InStock","Mixed Berry Coulis | Brown Sugar | Lemon","Butter Pancake | Smoked Brown Sugar Caramel","Caramel | Blackberry | Tonka Bean | Cashmere Wood","Gourmand | Fruity","Playful | Nyaman","Masculine","","Malam | ️ Dingin","https://mtdlhxbwblrxtzsdjlav.supabase.co/storage/v1/object/public/perfume-images/980d6cba-b857-4480-921e-ae8af9374f37/t8ax2rmwqiw-mykonos-berry-caramel-pancake.webp | https://mtdlhxbwblrxtzsdjlav.supabase.co/storage/v1/object/public/perfume-images/980d6cba-b857-4480-921e-ae8af9374f37/t8ax2spn2zw-mykonos-berry-caramel-pancake.webp","https://s.shopee.co.id/4fq486EvUW","laboratori-semplice-lemon | mykonos-caramel-fudge-cookie | hindsight-twilight | scentalgia-fragrance-the-starry-night-nocturne | botanical-essentials-solace","MYKONOS Berry Caramel Pancake menghadirkan sensasi manis berry, karamel, dan pancake hangat yang playful serta cozy, cocok untuk malam santai atau momen.","https://cariparfum.com/parfum/mykonos-berry-caramel-pancake","","2026-10-06T13:25:57.186Z"
"MYKONOS","Black Opera","Extrait de Parfum","349000","IDR","InStock","Orange Blossom | Vanilla | Pink Pepper","Licorice | Jasmine | Coffee | Almond","Vanilla | Jasmine | Patchouli | Cashmere Wood","Gourmand | Woody","Hangat | Misterius","Masculine","","Malam | ️ Dingin","https://mtdlhxbwblrxtzsdjlav.supabase.co/storage/v1/object/public/perfume-images/7c544bcc-7c59-4f2f-a41c-621bf2ab0059/t8ax1sq619q-mykonos-black-opera.webp | https://mtdlhxbwblrxtzsdjlav.supabase.co/storage/v1/object/public/perfume-images/7c544bcc-7c59-4f2f-a41c-621bf2ab0059/t8ax1tbx0bk-mykonos-black-opera.webp","https://s.shopee.co.id/2VlZY991vZ","saff-co-chno | saka-perfumery-te-anue | sumu-legacy | mykonos-memoir-of-meri | mykonos-verve","MYKONOS Black Opera menghadirkan aroma vanilla creamy dan kopi dengan nuansa woody yang hangat dan misterius, cocok untuk malam penuh kesan intim.","https://cariparfum.com/parfum/mykonos-black-opera","","2026-10-06T13:25:31.739Z"
"MYKONOS","Bonfire Vanilla","Extrait de Parfum","169000","IDR","InStock","Vanilla | Pink Pepper | Clove | Nutmeg | Orange Zest","Burnt Brown Sugar | Smoked Wood | Guaiac Wood | Pepper","Smoked Wood | Vanilla | Marshmallow | Caramel","Gourmand | Kering & Smoky","Hangat | Nyaman | Tegas","Masculine","","Malam | ️ Dingin","https://mtdlhxbwblrxtzsdjlav.supabase.co/storage/v1/object/public/perfume-images/e7d196ec-fcf7-4c3d-8695-023ec8fbd8bc/t8ax1pyanhr-mykonos-bonfire-vanilla.webp | https://mtdlhxbwblrxtzsdjlav.supabase.co/storage/v1/object/public/perfume-images/e7d196ec-fcf7-4c3d-8695-023ec8fbd8bc/t8ax1qb32dg-mykonos-bonfire-vanilla.webp","https://s.shopee.co.id/2g4zjl4B9t","mykonos-caramel-fudge-cookie | mykonos-vanilla-clouds | layr-slow-dance | scentrail-the-laughter-factory | world-of-make-scents-kiko-crumbs-solid-perfume","MYKONOS Bonfire Vanilla menghadirkan aroma vanilla smoky dan caramel manis yang menghangatkan, cocok untuk malam santai penuh keakraban.","https://cariparfum.com/parfum/mykonos-bonfire-vanilla","","2026-10-06T13:25:03.909Z"
"MYKONOS","Cafe Drops","Extrait de Parfum","189000","IDR","InStock","Jasmine | Coffee | Orchid","Vanilla | Caramel | Milk | Tonka Bean","Amber | Wood | Patchouli | Musk","Gourmand | Amber","Hangat | Nyaman","Masculine","","Sore | Malam | ️ Dingin","https://mtdlhxbwblrxtzsdjlav.supabase.co/storage/v1/object/public/perfume-images/6790b9ad-66a0-4378-8f07-347bd783dcc2/t8ax0lcqa0l-mykonos-cafe-drops.webp | https://mtdlhxbwblrxtzsdjlav.supabase.co/storage/v1/object/public/perfume-images/6790b9ad-66a0-4378-8f07-347bd783dcc2/t8ax0mj7qus-mykonos-cafe-drops.webp","https://s.shopee.co.id/8pfd5OpwIu","honino-romeo-roses | mykonos-chai-crema-latte | world-of-make-scents-sugary-solid-perfume | ouru-warm-whiskey | mykonos-black-opera","MYKONOS Cafe Drops adalah parfum gourmand hangat dengan sentuhan kopi dan vanilla, cocok untuk malam santai atau momen intim penuh kehangatan.","https://cariparfum.com/parfum/mykonos-cafe-drops","","2026-10-06T13:26:25.518Z"
"MYKONOS","California","Extrait de Parfum","189000","IDR","InStock","Mandarin Orange | Lemon","Aquatic Note | Lavender | Cardamom | Lychee | Rosemary | Geranium","Vetiver | Teak Wood | Tonka Bean","Sitrus Segar | Akuatik","Menyegarkan | Energik | Bersih","Masculine","","Pagi | ️ Siang | Sore | ️ Panas | ️ Hujan","https://mtdlhxbwblrxtzsdjlav.supabase.co/storage/v1/object/public/perfume-images/5e4785d6-5585-4f23-a8d4-a056e307ef87/t8ax4x9n7xq-mykonos-california.webp","https://s.shopee.co.id/14EZbQ49Y","scentalgia-fragrance-the-starry-night-nocturne | elvicto-las-vegas | project-1945-the-great-batavia | alt-perfumery-baron | layr-midnight-haze","MYKONOS California adalah parfum dengan aroma citrus segar dan aquatic yang ringan, pas untuk suasana santai di cuaca panas tropis Indonesia.","https://cariparfum.com/parfum/mykonos-california","","2026-10-06T13:26:24.705Z"
"MYKONOS","California Blue","Extrait de Parfum","298000","IDR","InStock","Pear | Pink Salt | Lavender | Grapefruit","Rhubarb | Water Blossom | Marine Note","Soft Wood | Caramel | Moss","Akuatik | Fruity","Menyegarkan | Ringan","Masculine","","Pagi | ️ Siang | Sore | ️ Panas | ️ Hujan","https://mtdlhxbwblrxtzsdjlav.supabase.co/storage/v1/object/public/perfume-images/fb18f5c6-f625-494d-b227-24bb62c86656/t8awtei81pg-mykonos-california-blue.webp | https://mtdlhxbwblrxtzsdjlav.supabase.co/storage/v1/object/public/perfume-images/fb18f5c6-f625-494d-b227-24bb62c86656/t8awtfhx07e-mykonos-california-blue.webp","https://s.shopee.co.id/7pnfA3l0z2","fragrance-by-petals-aqua-marine | mykonos-monaco-royale | mykonos-caramel-fudge-cookie | sianc-11-am | reboura-ellinika-doors","MYKONOS California Blue adalah parfum segar dengan nuansa aquatic, buah pir, dan sentuhan kayu manis, cocok untuk suasana santai dan aktif di cuaca tropis.","https://cariparfum.com/parfum/mykonos-california-blue","","2026-10-06T13:26:35.215Z"
"MYKONOS","California Club","Extrait de Parfum","199000","IDR","InStock","Bergamot | Lemon | Violet Leaf","Violet | Rose | Iris","Amberwood | Sandalwood | Ambrette","Floral | Woody","Elegan | Hangat","Masculine","","️ Siang | Sore | Malam | ️ Panas | ️ Hujan","https://mtdlhxbwblrxtzsdjlav.supabase.co/storage/v1/object/public/perfume-images/7710d299-528d-4108-8ce1-04b7becab1ef/t8ax3mn3nb3-mykonos-california-club.webp | https://mtdlhxbwblrxtzsdjlav.supabase.co/storage/v1/object/public/perfume-images/7710d299-528d-4108-8ce1-04b7becab1ef/t8ax3n4ks7g-mykonos-california-club.webp","https://s.shopee.co.id/3fxWw7VIzz","loco-scent-red-rhapsody | world-of-make-scents-ermis-solid-perfume | maison-garnet-pure-haneul | unspoken-timber | mykonos-baby-love","MYKONOS California Club adalah parfum floral woody dengan sentuhan citrus, menghadirkan nuansa segar dan hangat yang cocok untuk aktivitas santai di siang.","https://cariparfum.com/parfum/mykonos-california-club","","2026-10-06T13:25:04.706Z"
"MYKONOS","Caramel Fudge Cookie","Eau de Parfum","199000","IDR","InStock","Vanilla | Caramel | Cookie Dough","Sea Salt | Condensed Milk | Caramel","Praline | Vanilla | Caramel | White Musk","Gourmand","Nyaman | Hangat","Masculine","","Malam | ️ Dingin","https://mtdlhxbwblrxtzsdjlav.supabase.co/storage/v1/object/public/perfume-images/e3eb352b-8b99-4547-a751-c43f764d2c3d/t8ax1v0wbmb-mykonos-caramel-fudge-cookie.webp | https://mtdlhxbwblrxtzsdjlav.supabase.co/storage/v1/object/public/perfume-images/e3eb352b-8b99-4547-a751-c43f764d2c3d/t8ax1ww3equ-mykonos-caramel-fudge-cookie.webp","https://s.shopee.co.id/4fq48LUWPN","mykonos-vanilla-clouds | mykonos-moroccan-vanilla | notts-stellar | world-of-make-scents-euphoria | world-of-make-scents-kiko-crumbs-solid-perfume","MYKONOS Caramel Fudge Cookie adalah parfum gourmand creamy manis dengan nuansa salted caramel dan vanilla, cocok untuk suasana santai di malam sejuk.","https://cariparfum.com/parfum/mykonos-caramel-fudge-cookie","","2026-10-06T13:25:07.492Z"
"MYKONOS","Chai Crema Latte","Extrait de Parfum","209000","IDR","InStock","Cinnamon | Coffee | Cardamom | Gingerbread","Tea Leaf | Caramel | Milk | Hazelnut","Vanilla | Milk | Tonka Bean | Musk","Gourmand | Amber","Nyaman | Hangat","Masculine","","Sore | Malam | ️ Dingin | ️ Hujan","https://mtdlhxbwblrxtzsdjlav.supabase.co/storage/v1/object/public/perfume-images/a50df535-8879-4a7f-8dd5-ab2c7c4d6213/t8ax0iph3fj-mykonos-chai-crema-latte.webp | https://mtdlhxbwblrxtzsdjlav.supabase.co/storage/v1/object/public/perfume-images/a50df535-8879-4a7f-8dd5-ab2c7c4d6213/t8ax0jd35fr-mykonos-chai-crema-latte.webp","https://s.shopee.co.id/3fxWwAYHrU","scensology-oranos | mykonos-cafe-drops | world-of-make-scents-kiko-crumbs-solid-perfume | honino-romeo-roses | sonder-scents-255","MYKONOS Chai Crema Latte menghadirkan aroma kopi creamy dan rempah hangat, sempurna untuk suasana cozy di malam sejuk atau hujan bersama orang tersayang.","https://cariparfum.com/parfum/mykonos-chai-crema-latte","","2026-10-06T13:24:42.154Z"
"MYKONOS","Coconut Dreams","Extrait de Parfum","149000","IDR","InStock","Aloe Vera | Lily of the Valley | Coconut","Vanilla | Sweet Rice | Coconut Cream","Vanilla | Cashmere Wood","Gourmand | Floral","Nyaman | Hangat","Masculine","","Malam | ️ Dingin","https://mtdlhxbwblrxtzsdjlav.supabase.co/storage/v1/object/public/perfume-images/24742256-8cd3-4801-bcbf-ad5124b9fa2f/t8awwehau24-mykonos-coconut-dreams.webp | https://mtdlhxbwblrxtzsdjlav.supabase.co/storage/v1/object/public/perfume-images/24742256-8cd3-4801-bcbf-ad5124b9fa2f/t8awwf2d54r-mykonos-coconut-dreams.webp","https://s.shopee.co.id/8pfd52yl2D","house-of-medici-shakespeare-elegiac | mykonos-black-opera | mykonos-vanilla-clouds | mykonos-moroccan-vanilla | layr-rose-damour","MYKONOS Coconut Dreams menghadirkan sensasi creamy coconut dan vanilla yang cozy, seperti dessert tropis di malam santai. Temukan kehangatannya sekarang!","https://cariparfum.com/parfum/mykonos-coconut-dreams","","2026-10-06T13:25:47.969Z"
"MYKONOS","Conquer","Extrait de Parfum","344000","IDR","InStock","Ginger | Bergamot | Cardamom","Orange Blossom | Orris","Modern Amber | Vanilla | Patchouli | Musk","Amber | Woody","Hangat | Tegas","Masculine","","Sore | Malam | ️ Dingin | ️ Hujan","https://mtdlhxbwblrxtzsdjlav.supabase.co/storage/v1/object/public/perfume-images/c61da41f-80f1-4f30-b157-4a3057376ea9/t9fn2jxnck5-mykonos-conquer.webp","https://s.shopee.co.id/70EYAbZF9Z","honino-romeo-roses | layr-kyoto-jazz | sonder-scents-255 | alt-perfumery-always-right | mykonos-reflection","MYKONOS Conquer menghadirkan aroma hangat spicy-amber dengan sentuhan cardamom dan vanilla, cocok untuk malam santai yang penuh percaya diri dan kehangatan.","https://cariparfum.com/parfum/mykonos-conquer","","2026-10-06T13:26:31.402Z"
"MYKONOS","Crimson","Extrait de Parfum","499000","IDR","InStock","Bergamot | Cherry Nectar | Poached Peach Creme","Caramel Creme Accord | Geranium Petal | Jasmine Absolute","Patchouli Madagascar | White Musk | Honeyed Amber","Fruity | Gourmand","Playful | Hangat","Masculine","","Sore | Malam | ️ Dingin | ️ Hujan","https://mtdlhxbwblrxtzsdjlav.supabase.co/storage/v1/object/public/perfume-images/5f4ae1a7-b146-4e5e-af1f-d3acdf1721ea/t8awt90l5jn-mykonos-crimson.webp | https://mtdlhxbwblrxtzsdjlav.supabase.co/storage/v1/object/public/perfume-images/5f4ae1a7-b146-4e5e-af1f-d3acdf1721ea/t8awt9osrzz-mykonos-crimson.webp","https://s.shopee.co.id/5VPB7uVQFG","scentnario-hidden-haven | honino-romeo-roses | atsiri-1963 | sianc-iltsb | reboura-majestic-night","MYKONOS Crimson adalah parfum XdP gourmand fruity yang playful dan hangat, cocok untuk malam hangout atau momen intim yang ingin terasa istimewa.","https://cariparfum.com/parfum/mykonos-crimson","","2026-10-06T13:25:03.441Z"
"MYKONOS","Dark Secret","Extrait de Parfum","399000","IDR","InStock","Bergamot | Black Cherry | Saffron","Praline | Marigold | Cinnamon | Jasmine | Nutmeg","Amber | Sandalwood | Tonka Bean | Musk","Amber | Gourmand","Hangat | Misterius | Sensual","Masculine","","Sore | Malam | ️ Dingin","https://mtdlhxbwblrxtzsdjlav.supabase.co/storage/v1/object/public/perfume-images/68057ec8-2f72-4b7e-8b10-d3e12d9e9479/t8ax4zui1e1-mykonos-dark-secret.webp | https://mtdlhxbwblrxtzsdjlav.supabase.co/storage/v1/object/public/perfume-images/68057ec8-2f72-4b7e-8b10-d3e12d9e9479/t8ax4zgsp5a-mykonos-dark-secret.webp","https://s.shopee.co.id/3LKgXwrDpR","honino-romeo-roses | sonder-scents-255 | evoste-midnight-cherry | loco-scent-red-rhapsody | reboura-majestic-night","MYKONOS Dark Secret adalah parfum gourmand amber dengan cherry gelap dan rempah hangat, cocok untuk malam penuh misteri dan kehangatan intim.","https://cariparfum.com/parfum/mykonos-dark-secret","","2026-10-06T13:26:25.582Z"
"MYKONOS","Down To Earth","Extrait de Parfum","239000","IDR","InStock","Fig | Matcha Green Tea | Bergamot | Cinnamon | Incense","Orange | Milky | Figolide | Orcanox | Cashmere Wood","Santamanol | Cedarwood | Sandalwood | Vetiver","Hijau Segar | Woody","Earthy | Menenangkan","Masculine","","Sore | Malam | ️ Hujan | ️ Dingin","https://mtdlhxbwblrxtzsdjlav.supabase.co/storage/v1/object/public/perfume-images/ebd759e5-aeac-49db-ad21-139519626c3c/t8ax56v7049-mykonos-down-to-earth.webp | https://mtdlhxbwblrxtzsdjlav.supabase.co/storage/v1/object/public/perfume-images/ebd759e5-aeac-49db-ad21-139519626c3c/t8ax57xg3l8-mykonos-down-to-earth.webp","https://s.shopee.co.id/7AXP71W7CH","project-1945-heiress-of-minahasa | astree-sunday-at-monaco | yn-perfumery-lost-in-sahara | avalanche-blooming-desert | mine-perfumery-rebel-instinct","MYKONOS Down To Earth menawarkan aroma segar hijau dan creamy woody yang earthy, cocok untuk pecinta parfum dengan nuansa natural dan menenangkan.","https://cariparfum.com/parfum/mykonos-down-to-earth","","2026-10-06T13:26:34.161Z"
"MYKONOS","Dreamscape","Extrait de Parfum","249000","IDR","InStock","Rhubarb | Mango | Italian Lemon","Praline | Ginger | Violet | Jasmine | Pink Pepper","Cedarwood | Grey Amber | Tonka Bean | Moss","Fruity | Gourmand","Playful | Hangat","Masculine","","Sore | Malam | ️ Dingin | ️ Hujan","https://mtdlhxbwblrxtzsdjlav.supabase.co/storage/v1/object/public/perfume-images/60aa6007-1f33-48c6-b8d6-d5ebd293f333/t8awtcn1mie-mykonos-dreamscape.webp | https://mtdlhxbwblrxtzsdjlav.supabase.co/storage/v1/object/public/perfume-images/60aa6007-1f33-48c6-b8d6-d5ebd293f333/t8awtcp8srt-mykonos-dreamscape.webp","https://s.shopee.co.id/6VHiJtk7FY","world-of-make-scents-ermis-solid-perfume | honor-perfume-denali | alt-perfumery-joie-de-vivre | mykonos-pink-beach | loco-scent-into-the-waves","MYKONOS Dreamscape adalah parfum fruity-gourmand yang playful dengan sentuhan hangat cedar dan amber, cocok untuk sore hingga malam di cuaca tropis Indonesia.","https://cariparfum.com/parfum/mykonos-dreamscape","","2026-10-06T13:26:24.740Z"
"MYKONOS","Enchanted","Extrait de Parfum","159000","IDR","InStock","Mandarin Orange","Violet | Peach | Peony | Rose","Iris | Musk","Floral | Fruity","Elegan | Ringan","Masculine","","Pagi | ️ Siang | Sore | ️ Panas | ️ Hujan","https://mtdlhxbwblrxtzsdjlav.supabase.co/storage/v1/object/public/perfume-images/de0429db-0c1f-4d7d-8e4b-56960b82ea71/t8awumuxlop-mykonos-enchanted.webp | https://mtdlhxbwblrxtzsdjlav.supabase.co/storage/v1/object/public/perfume-images/de0429db-0c1f-4d7d-8e4b-56960b82ea71/t8awumx7l7o-mykonos-enchanted.webp","https://s.shopee.co.id/8APwHkya2Y","honino-romeo-roses | mykonos-baby-love | loco-scent-red-rhapsody | mykonos-xoxo-rosy | yn-perfumery-rose-in-september","MYKONOS Enchanted adalah parfum floral fruity yang lembut dengan sentuhan powdery iris, cocok untuk pecinta aroma elegan dan feminin sepanjang hari.","https://cariparfum.com/parfum/mykonos-enchanted","","2026-10-06T13:25:16.157Z"
"MYKONOS","Glitch","Extrait de Parfum","299000","IDR","InStock","Grapefruit | Sicilian Bergamot | Charred Pineapple | Apple","Artemisia | Pink Pepper | Lavender | Dried Jasmine | Lily of the Valley","Vanilla | Patchouli | Musk","Fruity | Aromatik","Playful | Nyaman","Masculine","","Sore | Malam | ️ Panas | ️ Hujan","https://mtdlhxbwblrxtzsdjlav.supabase.co/storage/v1/object/public/perfume-images/30fb50c4-501d-48c8-b750-e149757f401d/t8ax64setlw-mykonos-glitch.webp | https://mtdlhxbwblrxtzsdjlav.supabase.co/storage/v1/object/public/perfume-images/30fb50c4-501d-48c8-b750-e149757f401d/t8ax64858uc-mykonos-glitch.webp","https://s.shopee.co.id/gJvNCf7Ir","honino-romeo-roses | mykonos-black-opera | layr-midnight-haze | reboura-majestic-night | sonder-scents-255","MYKONOS Glitch adalah parfum fruity-aromatic yang segar dan playful, dengan sentuhan creamy vanilla dan musk, cocok untuk sore hingga malam hari.","https://cariparfum.com/parfum/mykonos-glitch","","2026-10-06T13:26:21.812Z"
"MYKONOS","Hawaiian Crush","Extrait de Parfum","170000","IDR","InStock","Black Tea | Lychee | Red Fruit","Black Tea | Rose | Lychee | Lily of the Valley","Amber | Patchouli | Incense | Musk","Fruity | Amber","Playful | Hangat","Masculine","","Sore | Malam | ️ Panas | ️ Hujan","https://mtdlhxbwblrxtzsdjlav.supabase.co/storage/v1/object/public/perfume-images/08e9f963-5440-467c-a8ec-c806ad454ce2/t8awzf7p0uw-mykonos-hawaiian-crush.webp | https://mtdlhxbwblrxtzsdjlav.supabase.co/storage/v1/object/public/perfume-images/08e9f963-5440-467c-a8ec-c806ad454ce2/t8awzg4rl5v-mykonos-hawaiian-crush.webp","https://s.shopee.co.id/4VWdvaXWup","honino-romeo-roses | loco-scent-red-rhapsody | mykonos-xoxo-rosy | world-of-make-scents-ermis-solid-perfume | mykonos-sparkling-rose","MYKONOS Hawaiian Crush membawa aroma buah tropis dan teh hitam dengan sentuhan floral, amber, dan incense, sempurna untuk hangout sore-malam yang penuh gaya.","https://cariparfum.com/parfum/mykonos-hawaiian-crush","","2026-10-06T13:25:26.524Z"
"MYKONOS","Inception","Extrait de Parfum","299000","IDR","InStock","Ginger | Bergamot | Lemon | Orange","Cinnamon | Black Tea | Biga Flower | Neroli","Cedarwood | Lorenox | Guaiac | Musk","Sitrus Segar | Woody","Menyegarkan | Hangat","Masculine","","Sore | Malam | ️ Panas | ️ Hujan","https://mtdlhxbwblrxtzsdjlav.supabase.co/storage/v1/object/public/perfume-images/a894e6d7-69f3-494b-9cae-acceda0eea3d/t8ax3h4bvhr-mykonos-inception.webp | https://mtdlhxbwblrxtzsdjlav.supabase.co/storage/v1/object/public/perfume-images/a894e6d7-69f3-494b-9cae-acceda0eea3d/t8ax3ij7lk0-mykonos-inception.webp","https://s.shopee.co.id/2LS9MI6wmO","saudade-olfactory-bonsai-we-kept | mykonos-sorrento | honino-shower-song | elvicto-old-money | alt-perfumery-moroccan-sunset","MYKONOS Inception adalah parfum citrus-woody modern dengan sentuhan teh hitam, cocok untuk sore hingga malam di cuaca tropis Indonesia.","https://cariparfum.com/parfum/mykonos-inception","","2026-10-06T13:26:28.829Z"
"MYKONOS","Invade","Extrait de Parfum","249000","IDR","InStock","Pink Pepper | Juniper | Lavender Absolute","Cinnamon Bark | Cashmeran | Caramel","Amber | Dry Wood | Madagascar Vanilla","Amber | Gourmand","Hangat | Sensual","Masculine","","Sore | Malam | ️ Dingin","https://mtdlhxbwblrxtzsdjlav.supabase.co/storage/v1/object/public/perfume-images/c845186f-47c9-4f78-abdd-c8fddd68a6e3/t8awuuf3mt9-mykonos-invade.webp | https://mtdlhxbwblrxtzsdjlav.supabase.co/storage/v1/object/public/perfume-images/c845186f-47c9-4f78-abdd-c8fddd68a6e3/t8awuuogvg5-mykonos-invade.webp","https://s.shopee.co.id/9pYAHOvZDz","honino-romeo-roses | mykonos-caramel-fudge-cookie | ouru-warm-whiskey | fordive-1970 | mykonos-bonfire-vanilla","MYKONOS Invade menghadirkan sensasi caramel spicy-woody yang hangat dan elegan, sempurna untuk malam santai atau momen intim penuh kehangatan.","https://cariparfum.com/parfum/mykonos-invade","","2026-10-06T13:25:35.279Z"
"MYKONOS","Luminos","Extrait de Parfum","269000","IDR","InStock","Banana | Apple","Orange Blossom | Vanilla | Rose | White Floral | Tuberose | Lily of the Valley","Solar Accord | Amber | Ice Cream | Amberwood | Edible Note | Cashmere","Fruity | Gourmand","Playful | Hangat","Masculine","","Sore | Malam | ️ Dingin | ️ Hujan","https://mtdlhxbwblrxtzsdjlav.supabase.co/storage/v1/object/public/perfume-images/fba1f308-e797-44f0-b337-8ae48daa57d1/t8awt5s2gvx-mykonos-luminos.webp | https://mtdlhxbwblrxtzsdjlav.supabase.co/storage/v1/object/public/perfume-images/fba1f308-e797-44f0-b337-8ae48daa57d1/t8awt6r4cqu-mykonos-luminos.webp","https://s.shopee.co.id/9zraUPQzVZ","honino-romeo-roses | loco-scent-red-rhapsody | mykonos-moroccan-vanilla | layr-kyoto-jazz | citizens-of-the-world-cafe-du-monde","MYKONOS Luminos adalah parfum XdP yang playful dengan aroma buah, bunga putih, dan sentuhan gourmand creamy, cocok untuk sore hingga malam spesial.","https://cariparfum.com/parfum/mykonos-luminos","","2026-10-06T13:25:58.829Z"
"MYKONOS","Memoir Of Meri","Extrait de Parfum","329000","IDR","InStock","Orange Blossom | Jasmine","Jasmine | White Tea | Cashmere Wood | Driftwood","Vanilla | Patchouli | Musk","Floral | Woody","Nyaman | Sensual","Masculine","","Sore | Malam | ️ Dingin | ️ Hujan","https://mtdlhxbwblrxtzsdjlav.supabase.co/storage/v1/object/public/perfume-images/408a8b07-b878-44ed-b7b1-16e57601888a/t8ax66ecegd-mykonos-memoir-of-meri.webp | https://mtdlhxbwblrxtzsdjlav.supabase.co/storage/v1/object/public/perfume-images/408a8b07-b878-44ed-b7b1-16e57601888a/t8ax67bhkcd-mykonos-memoir-of-meri.webp","https://s.shopee.co.id/2VlZYeREjy","honino-romeo-roses | mykonos-black-opera | mykonos-verve | royal-fragrance-evening-in-venice | mykonos-stilettos","MYKONOS Memoir Of Meri adalah parfum floral-woody yang berbalut musk, cocok untuk suasana hangat, tenang, dan penuh keintiman di sore hingga malam hari.","https://cariparfum.com/parfum/mykonos-memoir-of-meri","","2026-10-06T13:25:15.487Z"
"MYKONOS","Milk Drops","Extrait de Parfum","199000","IDR","InStock","Floral Bouquet | Milk","Green Note | Milk","White Wood | White Musk | Tonka Bean","Floral Lembut | Gourmand","Nyaman | Menenangkan","Masculine","","Sore | Malam | ️ Dingin | ️ Hujan","https://mtdlhxbwblrxtzsdjlav.supabase.co/storage/v1/object/public/perfume-images/a3808be6-3a02-4c67-8d18-e9759d1243b4/t8awup3n21p-mykonos-milk-drops.webp | https://mtdlhxbwblrxtzsdjlav.supabase.co/storage/v1/object/public/perfume-images/a3808be6-3a02-4c67-8d18-e9759d1243b4/t8awup8uxp8-mykonos-milk-drops.webp","https://s.shopee.co.id/3Ve6jqe4Kw","mykonos-chai-crema-latte | scent-of-jarte-fragnos | world-of-make-scents-nostalgic | world-of-make-scents-nostalgic-solid-perfume | maison-garnet-baby-s-breath","MYKONOS Milk Drops menghadirkan aroma milky-floral yang cozy dan lembut, cocok untuk kamu yang mencari kenyamanan santai di sore dan malam hari.","https://cariparfum.com/parfum/mykonos-milk-drops","","2026-10-06T13:25:11.630Z"
"MYKONOS","Monaco Royale","Extrait de Parfum","399000","IDR","InStock","Pear | Green Note | Melon","Cedarwood | Soft Wood","Caramel | Moss | Musk","Fruity | Woody","Playful | Nyaman","Masculine","","️ Siang | Sore | Malam | ️ Panas | ️ Hujan","https://mtdlhxbwblrxtzsdjlav.supabase.co/storage/v1/object/public/perfume-images/bd9f8e8a-a536-4832-82ae-2ad2a0840edc/t8ax31q5hg1-mykonos-monaco-royale.webp | https://mtdlhxbwblrxtzsdjlav.supabase.co/storage/v1/object/public/perfume-images/bd9f8e8a-a536-4832-82ae-2ad2a0840edc/t8ax31e94n1-mykonos-monaco-royale.webp","https://s.shopee.co.id/9pYAI9yVls","fragrance-by-petals-aqua-marine | mykonos-california-blue | reboura-living-montage | scent-of-jarte-blank-space | mandalika-irresistible","MYKONOS Monaco Royale menghadirkan aroma fruity-woody dengan sentuhan caramel dan musk, cocok untuk kamu yang suka wangi playful namun tetap elegan.","https://cariparfum.com/parfum/mykonos-monaco-royale","","2026-10-06T13:26:30.943Z"
"MYKONOS","Moroccan Vanilla","Extrait de Parfum","299000","IDR","InStock","Bulgarian Rose | Lemon | Moroccan Vanilla | Rose","Bulgarian Rose | Vanilla | Lemon | Sugar","Vanilla | White Musk | Sugar","Gourmand | Floral","Hangat | Nyaman","Masculine","","Malam | ️ Dingin","https://mtdlhxbwblrxtzsdjlav.supabase.co/storage/v1/object/public/perfume-images/d67fc9d3-4c80-4b16-aaa8-7ae34e7f3c1c/t8awz8cehme-mykonos-moroccan-vanilla.webp | https://mtdlhxbwblrxtzsdjlav.supabase.co/storage/v1/object/public/perfume-images/d67fc9d3-4c80-4b16-aaa8-7ae34e7f3c1c/t8awz97dc0a-mykonos-moroccan-vanilla.webp","https://s.shopee.co.id/50SuW8ErYV","saka-perfumery-olgaline | loco-scent-red-rhapsody | honino-romeo-roses | citizens-of-the-world-cafe-du-monde | mykonos-xoxo-rosy","MYKONOS Moroccan Vanilla adalah parfum gourmand floral dengan vanilla Maroko, mawar, dan gula, menghadirkan nuansa hangat-manis yang cocok untuk malam santai.","https://cariparfum.com/parfum/mykonos-moroccan-vanilla","","2026-10-06T13:26:32.575Z"
"MYKONOS","Musk Aura","Extrait de Parfum","279000","IDR","InStock","Bergamot | Yuzu | Apple","Lily of the Valley | Jasmine Sambac | Ylang-Ylang","Amber | Nectarine | Citrus | Musk","Sitrus Segar | Floral","Bersih | Energik","Masculine","","Pagi | ️ Siang | Sore | ️ Panas | ️ Hujan","https://mtdlhxbwblrxtzsdjlav.supabase.co/storage/v1/object/public/perfume-images/01b73b69-440a-4e08-a4fb-4d281d230083/t8awzbxivbe-mykonos-musk-aura.webp | https://mtdlhxbwblrxtzsdjlav.supabase.co/storage/v1/object/public/perfume-images/01b73b69-440a-4e08-a4fb-4d281d230083/t8awzbj2ctl-mykonos-musk-aura.webp","https://s.shopee.co.id/3Ve6jWYwt2","honino-romeo-roses | layr-kyoto-jazz | reboura-majestic-night | reboura-flora-notes | botanical-essentials-solace","MYKONOS Musk Aura menawarkan nuansa citrus segar dan musk bersih yang lembut, cocok dipakai sehari-hari untuk kamu yang suka aroma clean dan natural.","https://cariparfum.com/parfum/mykonos-musk-aura","","2026-10-06T13:25:12.572Z"
"MYKONOS","On The Rocks","Extrait de Parfum","399000","IDR","InStock","Myrrh | Bergamot | Apple","Praline | Guaiac Wood | Orange Flower","Praline | Ambroxan | Vanilla","Gourmand | Amber","Hangat | Nyaman | Misterius","Masculine","","Sore | Malam | ️ Dingin","https://mtdlhxbwblrxtzsdjlav.supabase.co/storage/v1/object/public/perfume-images/3128b61f-b89a-40ee-8c6b-76a63b389953/t8ax4uz8usj-mykonos-on-the-rocks.webp | https://mtdlhxbwblrxtzsdjlav.supabase.co/storage/v1/object/public/perfume-images/3128b61f-b89a-40ee-8c6b-76a63b389953/t8ax4uv21mv-mykonos-on-the-rocks.webp","https://s.shopee.co.id/3LKgYGDj69","house-of-medici-shakespeare-elegiac | scuse-me-bella-donna | scent-of-jarte-by-the-garden | world-of-make-scents-kiko-crumbs-solid-perfume | speaks-to-me-at-the-speakeasy","MYKONOS On The Rocks menghadirkan aroma gourmand-warm yang cozy dan sedikit misterius, sempurna untuk malam santai atau hangout penuh kehangatan.","https://cariparfum.com/parfum/mykonos-on-the-rocks","","2026-10-06T13:25:01.558Z"
"MYKONOS","Once Upon Don","Extrait de Parfum","329000","IDR","InStock","Mandarin Orange | Pineapple | Cardamom | Violet Leaf","Artemisia | Jasmine | Lavender | Lily of the Valley","Amberwood | White Musk | Moss","Fruity | Floral","Menyegarkan | Bersih","Masculine","","Pagi | ️ Siang | Sore | ️ Panas | ️ Hujan","https://mtdlhxbwblrxtzsdjlav.supabase.co/storage/v1/object/public/perfume-images/f1e72821-60cb-4330-a362-911a0123b2e8/t8ax61ccn7y-mykonos-once-upon-don.webp | https://mtdlhxbwblrxtzsdjlav.supabase.co/storage/v1/object/public/perfume-images/f1e72821-60cb-4330-a362-911a0123b2e8/t8ax61545ol-mykonos-once-upon-don.webp","https://s.shopee.co.id/2qOPxN0w3O","layr-kyoto-jazz | fragrance-by-petals-elysian-bloom | mykonos-glitch | layr-midnight-haze | avalanche-sunpetal","MYKONOS Once Upon Don adalah parfum XdP dengan kombinasi fruity-floral segar dan nuansa musk amber yang clean, cocok untuk hari-hari aktif di Indonesia.","https://cariparfum.com/parfum/mykonos-once-upon-don","","2026-10-06T13:24:46.191Z"
"MYKONOS","Paradise","Extrait de Parfum","159000","IDR","InStock","Mandarin Orange | Pear | Pineapple | Coconut","Frangipani | Lily | Jasmine","Amber | Vanilla | Woody","Fruity | Floral","Playful | Hangat","Masculine","","Sore | Malam | ️ Panas | ️ Hujan","https://mtdlhxbwblrxtzsdjlav.supabase.co/storage/v1/object/public/perfume-images/8b0c1140-0c70-4a3a-8e1e-07e71fc787a7/t8ax0cblmwk-mykonos-paradise.webp | https://mtdlhxbwblrxtzsdjlav.supabase.co/storage/v1/object/public/perfume-images/8b0c1140-0c70-4a3a-8e1e-07e71fc787a7/t8ax0dsq0o1-mykonos-paradise.webp","https://s.shopee.co.id/806W5lrLGk","honino-romeo-roses | mandalika-irresistible | mandalika-forbidden-temptation | blackstag-bright | citizens-of-the-world-malaga","MYKONOS Paradise menawarkan sensasi tropis dengan sentuhan fruity dan creamy floral, cocok untuk hangout santai di sore hari atau sekadar me time.","https://cariparfum.com/parfum/mykonos-paradise","","2026-10-06T13:25:11.057Z"
"MYKONOS","Penthouse","Extrait de Parfum","239000","IDR","InStock","Aldehyde | Mandarin Zest | Sparkling Blackcurrant | Rose Mist","Cedarwood | White Soap Accord | White Tea Vapor | Velvety White Floral | Cashmere Wood","Amber | Clean Musk | Cashmeran | Iso E Super | Tonka Foam","Floral Lembut | Amber","Bersih | Nyaman | Elegan","Masculine","","Sore | Malam | ️ Dingin | ️ Hujan","https://mtdlhxbwblrxtzsdjlav.supabase.co/storage/v1/object/public/perfume-images/9d32bce9-f44e-417a-9f89-bd26bba09dca/t8awtic89bu-mykonos-penthouse.webp | https://mtdlhxbwblrxtzsdjlav.supabase.co/storage/v1/object/public/perfume-images/9d32bce9-f44e-417a-9f89-bd26bba09dca/t8awtjmfq06-mykonos-penthouse.webp","https://s.shopee.co.id/7fTfiHUs8Z","honino-romeo-roses | loco-scent-red-rhapsody | mykonos-xoxo-rosy | vlagio-perfume-medina | hint-cotton","MYKONOS Penthouse memadukan aroma clean floral, white tea, dan cashmere wood, memberikan nuansa segar sekaligus cozy yang elegan untuk aktivitas sore hingga.","https://cariparfum.com/parfum/mykonos-penthouse","","2026-10-06T13:26:28.623Z"
"MYKONOS","Pink Beach","Eau de Parfum","159000","IDR","InStock","Rhubarb | Pink Pepper | Kiwi","Jasmine | Watermelon | Cyclamen","Cedarwood | Sandalwood | Powdery Note | Juniper Berry | Tonka Bean | Musk","Fruity | Powdery","Playful | Nyaman","Masculine","","Sore | Malam | ️ Panas | ️ Hujan","https://mtdlhxbwblrxtzsdjlav.supabase.co/storage/v1/object/public/perfume-images/bfbde109-ef55-4f60-8f05-c01cc9acfe03/t8ax0f4rg3x-mykonos-pink-beach.webp | https://mtdlhxbwblrxtzsdjlav.supabase.co/storage/v1/object/public/perfume-images/bfbde109-ef55-4f60-8f05-c01cc9acfe03/t8ax0f7nt1k-mykonos-pink-beach.webp","https://s.shopee.co.id/4q9UJzkegw","evesol-jinggala | altar-scents-paradiso | layr-midnight-haze | avalanche-interview-room | world-of-make-scents-summerity","MYKONOS Pink Beach adalah parfum buah-floral yang segar dan powdery, ideal untuk pecinta aroma feminin manis lembut khas sore-malam tropis.","https://cariparfum.com/parfum/mykonos-pink-beach","","2026-10-06T13:25:58.473Z"
"MYKONOS","Pink Drops","Extrait de Parfum","239000","IDR","InStock","Caramel | Almond | Strawberry Preserve","Milk | Heliotrope","Vanilla | White Musk","Gourmand | Fruity","Nyaman | Playful","Masculine","","Malam | ️ Dingin | ️ Hujan","https://mtdlhxbwblrxtzsdjlav.supabase.co/storage/v1/object/public/perfume-images/c27d8217-a84b-4033-a549-1133a989d407/t8ax2zprgqg-mykonos-pink-drops.webp | https://mtdlhxbwblrxtzsdjlav.supabase.co/storage/v1/object/public/perfume-images/c27d8217-a84b-4033-a549-1133a989d407/t8ax2zsf1k0-mykonos-pink-drops.webp","https://s.shopee.co.id/4LDDkB47Q9","mykonos-caramel-fudge-cookie | mykonos-vanilla-clouds | scentalgia-fragrance-golden-hour | mykonos-chai-crema-latte | mykonos-moroccan-vanilla","MYKONOS Pink Drops adalah parfum gourmand creamy dengan sentuhan stroberi dan vanilla, menghadirkan suasana playful dan cozy di malam hari.","https://cariparfum.com/parfum/mykonos-pink-drops","","2026-10-06T13:26:31.372Z"
"MYKONOS","Reflection","Extrait de Parfum","299000","IDR","InStock","Ginger | Bergamot | Grapefruit","Cardamom | Lily of the Valley | Marine Note","Amber | Ambroxan | Patchouli | Musk","Akuatik | Amber","Bersih | Menyegarkan","Masculine","","Pagi | ️ Siang | Sore | ️ Panas | ️ Hujan","https://mtdlhxbwblrxtzsdjlav.supabase.co/storage/v1/object/public/perfume-images/06534a00-3e52-4767-b87d-4a9273ea2e22/t8ax3ez52x8-mykonos-reflection.webp | https://mtdlhxbwblrxtzsdjlav.supabase.co/storage/v1/object/public/perfume-images/06534a00-3e52-4767-b87d-4a9273ea2e22/t8ax3finif7-mykonos-reflection.webp","https://s.shopee.co.id/8KjMVYass0","honino-romeo-roses | mykonos-conquer | layr-kyoto-jazz | sonder-scents-255 | mykonos-sorrento","MYKONOS Reflection menghadirkan kesegaran citrus dan marine yang clean, berpadu sentuhan musk-amber, cocok untuk pecinta parfum fresh yang tetap elegan.","https://cariparfum.com/parfum/mykonos-reflection","","2026-10-06T13:24:57.838Z"
"MYKONOS","Rouge","Eau de Parfum","179000","IDR","InStock","Green Pear | Lemon Blossom","Violet | Ambrette | Lily of the Valley","Orcanox | Musk","Fruity | Floral","Menyegarkan | Bersih","Masculine","","Pagi | ️ Siang | Sore | ️ Panas | ️ Hujan","https://mtdlhxbwblrxtzsdjlav.supabase.co/storage/v1/object/public/perfume-images/34aab0c3-9b2e-4c49-8b2d-a13998cddb17/t8ax0nhat1h-mykonos-rouge.webp | https://mtdlhxbwblrxtzsdjlav.supabase.co/storage/v1/object/public/perfume-images/34aab0c3-9b2e-4c49-8b2d-a13998cddb17/t8ax0oy2fw5-mykonos-rouge.webp","https://s.shopee.co.id/7fTfhEzWp5","mykonos-baby-love | world-of-make-scents-ermis-solid-perfume | de-antoine-homme-fatale | voie-kyoto-dewberry | honino-romeo-roses","MYKONOS Rouge adalah parfum EdP dengan sentuhan green pear dan lily of the valley, menciptakan aroma fresh-floral yang lembut dan clean untuk keseharian.","https://cariparfum.com/parfum/mykonos-rouge","","2026-10-06T13:25:06.649Z"
"MYKONOS","Royal Ispahan","Extrait de Parfum","298000","IDR","InStock","Bergamot | Cotton Flower | Raspberry | Lychee","Violet | Rose Milk | Soft Wood","Amber | Guaiac Wood | Vanilla","Fruity | Amber","Nyaman | Hangat","Masculine","","Sore | Malam | ️ Dingin | ️ Hujan","https://mtdlhxbwblrxtzsdjlav.supabase.co/storage/v1/object/public/perfume-images/8db39b66-f355-4802-9dcd-c3cca3c0d716/t9fn9f73c01-mykonos-royal-ispahan.webp | https://mtdlhxbwblrxtzsdjlav.supabase.co/storage/v1/object/public/perfume-images/8db39b66-f355-4802-9dcd-c3cca3c0d716/t9fn9gl6com-mykonos-royal-ispahan.webp","https://s.shopee.co.id/5VPkNoAYEe","honino-romeo-roses | loco-scent-red-rhapsody | world-of-make-scents-ermis-solid-perfume | mykonos-moroccan-vanilla | loco-scent-mocktail-in-the-garden","MYKONOS Royal Ispahan menghadirkan sentuhan fruity-floral creamy dan vanilla kayu lembut, menciptakan suasana hangat yang cocok untuk malam santai dan momen.","https://cariparfum.com/parfum/mykonos-royal-ispahan","","2026-10-06T13:24:44.675Z"
"MYKONOS","Sansa","Extrait de Parfum","279000","IDR","InStock","Peach | Black Tea | Osmanthus | Moss","Narcissus | Toffee | Rose | Tuberose","Cedarwood | Dark Chocolate | Vetiver | Orris Root","Floral | Gourmand","Hangat | Sensual","Masculine","","Sore | Malam | ️ Dingin | ️ Hujan","https://mtdlhxbwblrxtzsdjlav.supabase.co/storage/v1/object/public/perfume-images/727604c4-0bcf-40e1-8337-7787481d0da9/t8awurjxshp-mykonos-sansa.webp | https://mtdlhxbwblrxtzsdjlav.supabase.co/storage/v1/object/public/perfume-images/727604c4-0bcf-40e1-8337-7787481d0da9/t8awus4h0zj-mykonos-sansa.webp","https://s.shopee.co.id/9Kbtg6yJ1o","loco-scent-red-rhapsody | yn-perfumery-rose-in-september | compounded-by-eloise | honino-romeo-roses | maison-garnet-alhambra-rose","MYKONOS Sansa membawa nuansa floral-gourmand yang hangat dan misterius, cocok untuk malam santai atau momen intim bersama orang spesial.","https://cariparfum.com/parfum/mykonos-sansa","","2026-10-06T13:26:08.259Z"
"MYKONOS","Satin Blanc","Extrait de Parfum","329000","IDR","InStock","Bergamot | Black Pepper | Green Apple","Cedarwood | Floral Bouquet | Jasmine Tea | Aquatic","Vanilla | White Amber | Tonka Bean","Floral | Amber","Ringan | Nyaman | Bersih","Masculine","","Sore | Malam | ️ Panas | ️ Hujan","https://mtdlhxbwblrxtzsdjlav.supabase.co/storage/v1/object/public/perfume-images/eab8f231-fd1c-453b-8911-ac6029a9c60c/t8ax3pg7iyz-mykonos-satin-blanc.webp | https://mtdlhxbwblrxtzsdjlav.supabase.co/storage/v1/object/public/perfume-images/eab8f231-fd1c-453b-8911-ac6029a9c60c/t8ax3q4f3ew-mykonos-satin-blanc.webp","https://s.shopee.co.id/2g4zlBhMHG","speaks-to-me-slow-sunset | honino-romeo-roses | sonder-scents-255 | layr-slow-dance | layr-second-skin","MYKONOS Satin Blanc adalah parfum airy woody-floral dengan sentuhan vanilla yang creamy, cocok untuk sore hingga malam di cuaca panas maupun hujan.","https://cariparfum.com/parfum/mykonos-satin-blanc","","2026-10-06T13:25:21.514Z"
"MYKONOS","Senja","Extrait de Parfum","229000","IDR","InStock","Coffee | Almond","Chocolate | Patchouli | Milk","Sandalwood | Chocolate | Vetiver | Cistus","Gourmand | Woody","Nyaman | Hangat","Masculine","","Sore | Malam | ️ Dingin | ️ Hujan","https://mtdlhxbwblrxtzsdjlav.supabase.co/storage/v1/object/public/perfume-images/5d6b2a2c-4bb1-4501-9b90-dab9b957d345/t8ax1mp3bxb-mykonos-senja.webp | https://mtdlhxbwblrxtzsdjlav.supabase.co/storage/v1/object/public/perfume-images/5d6b2a2c-4bb1-4501-9b90-dab9b957d345/t8ax1n8l43k-mykonos-senja.webp","https://s.shopee.co.id/4LDDkH4mxJ","personal-chemistry-memo | somne-nectar | layr-velvet-dream | laboratori-semplice-sandalwood | laboratori-semplice-patchouli","MYKONOS Senja menghadirkan aroma kopi, cokelat, dan sandalwood yang cozy dan hangat, ideal dipakai di malam hari untuk momen santai atau suasana intim.","https://cariparfum.com/parfum/mykonos-senja","","2026-10-06T13:25:10.288Z"
"MYKONOS","Silent Whisper","Extrait de Parfum","249000","IDR","InStock","Melon | Apple | Honeydew","Amber | Lily of the Valley","Amber | Vanilla","Fruity | Amber","Nyaman | Playful","Masculine","","Sore | Malam | ️ Dingin","https://mtdlhxbwblrxtzsdjlav.supabase.co/storage/v1/object/public/perfume-images/546987e1-a9fb-468c-8942-22e4ecec7552/t8ax3ktfe7n-mykonos-silent-whisper.webp | https://mtdlhxbwblrxtzsdjlav.supabase.co/storage/v1/object/public/perfume-images/546987e1-a9fb-468c-8942-22e4ecec7552/t8ax3kjb00j-mykonos-silent-whisper.webp","https://s.shopee.co.id/qdLZrRCDF","honino-romeo-roses | ouru-warm-whiskey | mykonos-luminos | hmns-o-hyper-bloom | merah-poetih-hutan-hujan","MYKONOS Silent Whisper memadukan aroma buah segar dan vanilla amber yang hangat, ideal untuk sore hingga malam di iklim tropis Indonesia.","https://cariparfum.com/parfum/mykonos-silent-whisper","","2026-10-06T13:26:24.216Z"
"MYKONOS","Slow Living","Eau de Parfum","149000","IDR","InStock","Amalfi Lemon | Lemon Blossom","Lavender | Neroli","Cedarwood | Orcanox | Musk","Sitrus Segar | Woody","Menyegarkan | Menenangkan","Masculine","","Pagi | ️ Siang | Sore | ️ Panas | ️ Hujan","https://mtdlhxbwblrxtzsdjlav.supabase.co/storage/v1/object/public/perfume-images/28a6fcc3-288c-4478-9008-e3462049be05/t8ax2txy2en-mykonos-slow-living.webp | https://mtdlhxbwblrxtzsdjlav.supabase.co/storage/v1/object/public/perfume-images/28a6fcc3-288c-4478-9008-e3462049be05/t8ax2ud42hd-mykonos-slow-living.webp","https://s.shopee.co.id/20pIy1UbG1","saudade-olfactory-bonsai-we-kept | fragrance-by-petals-elysian-bloom | avalanche-cosmic-pull | reboura-noisy-bathroom | gioia-fragrances-siena","MYKONOS Slow Living adalah parfum citrus woody yang segar dan menenangkan, sempurna untuk dipakai sehari-hari di cuaca panas Indonesia.","https://cariparfum.com/parfum/mykonos-slow-living","","2026-10-06T13:25:40.393Z"
"MYKONOS","Sorrento","Extrait de Parfum","249000","IDR","InStock","Ginger | Mandarin Orange | Bergamot | Fizzy Grapefruit | Magnolia","Ginger | Fizzy Grapefruit | Powdery Note | Neroli | Water Note","Amber | Cedarwood | Fizzy Grapefruit | Patchouli | Orris Root | Musk","Sitrus Segar | Akuatik","Menyegarkan | Bersih","Masculine","","Pagi | ️ Siang | Sore | ️ Panas | ️ Hujan","https://mtdlhxbwblrxtzsdjlav.supabase.co/storage/v1/object/public/perfume-images/463c6fd3-e595-4630-82f4-7358dff5ef3b/t8ax2xwa3q6-mykonos-sorrento.webp | https://mtdlhxbwblrxtzsdjlav.supabase.co/storage/v1/object/public/perfume-images/463c6fd3-e595-4630-82f4-7358dff5ef3b/t8ax2x5i0re-mykonos-sorrento.webp","https://s.shopee.co.id/9pYAIS4qt6","honino-romeo-roses | saudade-olfactory-bonsai-we-kept | wonderlust-fragrance-philia | wonderlust-fragrance-flaneur | mandalika-no1","MYKONOS Sorrento adalah parfum citrus-aquatic yang memadukan grapefruit segar dan musk lembut, cocok untuk hari panas dan suasana santai.","https://cariparfum.com/parfum/mykonos-sorrento","","2026-10-06T13:26:23.337Z"
"MYKONOS","Sparkling Rose","Extrait de Parfum","319000","IDR","InStock","Damask Rose | Orange | Geranium","Sandalwood | Sparkling Red Berry | Plum | May Rose","Amber | Guaiac Wood | Patchouli | Musk","Floral | Fruity","Elegan | Hangat","Masculine","","Sore | Malam | ️ Panas | ️ Hujan","https://mtdlhxbwblrxtzsdjlav.supabase.co/storage/v1/object/public/perfume-images/e3b5736c-4950-4ace-9d23-a11f85c30cb9/t8awwhtc7vm-mykonos-sparkling-ros.webp | https://mtdlhxbwblrxtzsdjlav.supabase.co/storage/v1/object/public/perfume-images/e3b5736c-4950-4ace-9d23-a11f85c30cb9/t8awwiqmp74-mykonos-sparkling-ros.webp","https://s.shopee.co.id/AKUQs11c6s","honino-romeo-roses | loco-scent-red-rhapsody | world-of-make-scents-ermis-solid-perfume | layr-get-naked | layr-velvet-dream","MYKONOS Sparkling Rose adalah parfum floral fruity dengan sentuhan kayu dan amber yang segar, cocok untuk sore santai atau momen elegan di cuaca tropis.","https://cariparfum.com/parfum/mykonos-sparkling-rose","","2026-10-06T13:25:04.080Z"
"MYKONOS","Stilettos","Eau de Parfum","149000","IDR","InStock","Mandarin Orange | Sour Cherry | Blackberry","Violet | Jasmine","Amber | Vanilla | Patchouli | Cashmere Wood | Musk","Fruity | Amber","Sensual | Hangat | Nyaman","Masculine","","Sore | Malam | ️ Dingin","https://mtdlhxbwblrxtzsdjlav.supabase.co/storage/v1/object/public/perfume-images/68bec085-8e7f-497e-b24a-09dbff4e478c/t8aww6m4ex7-mykonos-stilettos.webp | https://mtdlhxbwblrxtzsdjlav.supabase.co/storage/v1/object/public/perfume-images/68bec085-8e7f-497e-b24a-09dbff4e478c/t8aww7vdcit-mykonos-stilettos.webp","https://s.shopee.co.id/20pIwoPu8c","honino-romeo-roses | loco-scent-mocktail-in-the-garden | sighnil-cherry-on-date-night | royal-fragrance-mon-cheri | mykonos-memoir-of-meri","MYKONOS Stilettos adalah parfum EdP dengan nuansa fruity, floral, dan sentuhan vanilla hangat yang cocok untuk malam penuh kesan sensual dan elegan.","https://cariparfum.com/parfum/mykonos-stilettos","","2026-10-06T13:26:25.604Z"
"MYKONOS","Utopia","Extrait de Parfum","329000","IDR","InStock","Citrus | Calabrian Bergamot | White Tea | Fruit","Jasmine Sambac | Iris | Ylang-Ylang","Cedarwood | White Musk","Sitrus Segar | Floral","Bersih | Ringan | Menyegarkan","Masculine","","Pagi | ️ Siang | Sore | ️ Panas | ️ Hujan","https://mtdlhxbwblrxtzsdjlav.supabase.co/storage/v1/object/public/perfume-images/ec5f98ef-8720-4919-9015-5532af8ef27a/t8ax51u9yff-mykonos-utopia.webp | https://mtdlhxbwblrxtzsdjlav.supabase.co/storage/v1/object/public/perfume-images/ec5f98ef-8720-4919-9015-5532af8ef27a/t8ax53jo88v-mykonos-utopia.webp","https://s.shopee.co.id/5AmKimo5Oz","loco-scent-hypnotic-spell | maison-garnet-pure-haneul | unke-naru-for-me | mykonos-musk-aura | aoera-majestic","MYKONOS Utopia adalah parfum XdP yang segar, floral, dan airy, menyatukan white tea, citrus, iris, dan musk untuk vibe clean elegan sehari-hari.","https://cariparfum.com/parfum/mykonos-utopia","","2026-10-06T13:25:23.003Z"
"MYKONOS","Vanilla Clouds","Extrait de Parfum","149000","IDR","InStock","Vanilla | Heliotrope | White Floral Accord","Vanilla | Marshmallow | Iris","Vanilla | Caramel | White Musk","Gourmand | Powdery","Nyaman | Hangat","Masculine","","Malam | ️ Dingin | ️ Hujan","https://mtdlhxbwblrxtzsdjlav.supabase.co/storage/v1/object/public/perfume-images/9621a4d1-d080-4efc-b42e-ecbc7ac86e2d/t8awzhks1x5-mykonos-vanilla-clouds.webp | https://mtdlhxbwblrxtzsdjlav.supabase.co/storage/v1/object/public/perfume-images/9621a4d1-d080-4efc-b42e-ecbc7ac86e2d/t8awzi4mnyh-mykonos-vanilla-clouds.webp","https://s.shopee.co.id/60LRhgNl25","mykonos-caramel-fudge-cookie | mykonos-pink-drops | mykonos-bonfire-vanilla | mykonos-moroccan-vanilla | loco-scent-dialogue-ivi","MYKONOS Vanilla Clouds adalah parfum gourmand powdery dengan nuansa vanilla, marshmallow, dan heliotrope yang cozy - pas untuk malam santai di cuaca sejuk.","https://cariparfum.com/parfum/mykonos-vanilla-clouds","","2026-10-06T13:24:48.055Z"
"MYKONOS","Verve","Extrait de Parfum","149000","IDR","InStock","Pear | Vanilla | Blackcurrant","Orange Blossom | Jasmine | Iris","Praline | Vanilla | Patchouli | Tonka Bean","Gourmand | Floral","Hangat | Nyaman | Playful","Masculine","","Malam | ️ Dingin","https://mtdlhxbwblrxtzsdjlav.supabase.co/storage/v1/object/public/perfume-images/3e10fb7c-f92d-49f6-bfe4-ee8864378c62/t9fn2fbzbku-mykonos-verve.webp | https://mtdlhxbwblrxtzsdjlav.supabase.co/storage/v1/object/public/perfume-images/3e10fb7c-f92d-49f6-bfe4-ee8864378c62/t9fn2gpkq6m-mykonos-verve.webp","https://s.shopee.co.id/7KrOZK3AR6","sighnil-rose-de-praline | saka-perfumery-oreal | royal-fragrance-cheerful | royal-fragrance-redberry | mykonos-black-opera","MYKONOS Verve adalah parfum gourmand-floral yang hangat dan playful, cocok untuk malam santai atau momen intim di ruangan ber-AC. Temukan sensasinya.","https://cariparfum.com/parfum/mykonos-verve","","2026-10-06T13:26:23.072Z"
"MYKONOS","When In Paris","Extrait de Parfum","149000","IDR","InStock","Mandarin Orange | Marigold | Lychee","Wild Orchid | Vanilla Orchid | Magnolia","Apricot | Cashmere Musk | Guaiac Wood","Fruity | Floral","Playful | Nyaman","Masculine","","Sore | Malam | ️ Panas | ️ Hujan","https://mtdlhxbwblrxtzsdjlav.supabase.co/storage/v1/object/public/perfume-images/a2f734ad-5e21-4e5a-9e1b-485099483240/t9fn2hsaz1r-mykonos-when-in-paris.webp | https://mtdlhxbwblrxtzsdjlav.supabase.co/storage/v1/object/public/perfume-images/a2f734ad-5e21-4e5a-9e1b-485099483240/t9fn2h0vm8y-mykonos-when-in-paris.webp","https://s.shopee.co.id/7KrOZK3AR6","honino-romeo-roses | loco-scent-saturday-cheers | loco-scent-mocktail-in-the-garden | wonderlust-fragrance-philia | sighnil-cherry-on-date-night","MYKONOS When In Paris menghadirkan aroma fruity-floral yang playful dan cozy, cocok untuk momen hangout atau santai di sore hingga malam hari.","https://cariparfum.com/parfum/mykonos-when-in-paris","","2026-10-06T13:26:14.093Z"
"MYKONOS","Xoxo Rosy","Eau de Parfum","199000","IDR","InStock","Turkish Rose | Green Note | Pink Pepper","Turkish Red Rose | Orange Jam | Rose Petal | Red Berry","Amber | Rose | Musk","Floral | Amber","Elegan | Hangat","Masculine","","Sore | Malam | ️ Hujan | ️ Panas","https://mtdlhxbwblrxtzsdjlav.supabase.co/storage/v1/object/public/perfume-images/a8d73387-a36a-4306-adb2-0af0a11ff528/t8ax1y0nfo7-mykonos-xoxo-rosy.webp | https://mtdlhxbwblrxtzsdjlav.supabase.co/storage/v1/object/public/perfume-images/a8d73387-a36a-4306-adb2-0af0a11ff528/t8ax1zmif0e-mykonos-xoxo-rosy.webp","https://s.shopee.co.id/10wlmEoj1C","honino-romeo-roses | loco-scent-red-rhapsody | scentorium-fragrance-after-hours | vlagio-perfume-velove | honor-perfume-florian","MYKONOS Xoxo Rosy menghadirkan aroma mawar Turki segar dengan sentuhan berry dan amber hangat, cocok untuk sore hingga malam yang intim dan hangat.","https://cariparfum.com/parfum/mykonos-xoxo-rosy","","2026-10-06T13:26:28.865Z"
"Nevernot","3am in Senop","Eau de Parfum","219000","IDR","InStock","Rum | Almond | Cherry","Jasmine | Rose | Tuberose","Amber | Gourmand Note | Wood | Tonka","Gourmand | Floral","Sensual | Hangat","Masculine","","Sore | Malam | ️ Dingin","https://mtdlhxbwblrxtzsdjlav.supabase.co/storage/v1/object/public/perfume-images/30c51a7d-aa6e-4041-bbb0-999938a496b5/t8ieqz4c1q0-nevernot-3am-in-senop.webp | https://mtdlhxbwblrxtzsdjlav.supabase.co/storage/v1/object/public/perfume-images/30c51a7d-aa6e-4041-bbb0-999938a496b5/t8ier0d2hky-nevernot-3am-in-senop.webp | https://mtdlhxbwblrxtzsdjlav.supabase.co/storage/v1/object/public/perfume-images/30c51a7d-aa6e-4041-bbb0-999938a496b5/t8ier0e9z1p-nevernot-3am-in-senop.webp","https://s.shopee.co.id/qdCkeQO97","honino-romeo-roses | loco-scent-red-rhapsody | mykonos-xoxo-rosy | evoste-midnight-cherry | loco-scent-mocktail-in-the-garden","Nevernot 3am in Senop adalah parfum malam yang menghadirkan sensasi cherry gourmand, floral sensual, dan amber hangat yang cocok untuk suasana intim di kota.","https://cariparfum.com/parfum/nevernot-3am-in-senop","","2026-10-06T13:24:56.029Z"
"Nevernot","Afternoon Sunset","Eau de Parfum","188000","IDR","InStock","Pear | Wisteria | Blackberry","Jasmine | Lychee","White Wood | Musk","Fruity | Floral","Playful | Menyegarkan","Masculine","","️ Siang | Sore | ️ Panas | ️ Hujan","https://mtdlhxbwblrxtzsdjlav.supabase.co/storage/v1/object/public/perfume-images/0b0a40bd-9beb-45b4-b818-e3c1cadc4cfa/t8iesgjodde-nevernot-afternoon-sunset.webp | https://mtdlhxbwblrxtzsdjlav.supabase.co/storage/v1/object/public/perfume-images/0b0a40bd-9beb-45b4-b818-e3c1cadc4cfa/t8iesgs2tso-nevernot-afternoon-sunset.webp | https://mtdlhxbwblrxtzsdjlav.supabase.co/storage/v1/object/public/perfume-images/0b0a40bd-9beb-45b4-b818-e3c1cadc4cfa/t8iesh50ens-nevernot-afternoon-sunset.webp","https://s.shopee.co.id/3B17WtJ87N","honino-romeo-roses | fordive-majestic | reboura-living-montage | sighnil-cherry-on-date-night | scent-of-jarte-fragnos","Nevernot Afternoon Sunset adalah parfum EdP dengan nuansa fruity-floral yang segar dan lembut, cocok untuk suasana santai sore hingga malam di iklim tropis.","https://cariparfum.com/parfum/nevernot-afternoon-sunset","","2026-10-06T13:24:51.986Z"
"Nevernot","Cabin 119","Eau de Parfum","165000","IDR","InStock","Citrus | Lavender","Neroli","Cedarwood | Patchouli","Aromatik | Woody","Menenangkan | Menyegarkan","Masculine","","Pagi | ️ Siang | Sore | ️ Panas | ️ Hujan","https://mtdlhxbwblrxtzsdjlav.supabase.co/storage/v1/object/public/perfume-images/90bc24dd-1e7b-48d2-bd94-8b93652150f8/t8ier3wkpkc-nevernot-cabin-119.webp | https://mtdlhxbwblrxtzsdjlav.supabase.co/storage/v1/object/public/perfume-images/90bc24dd-1e7b-48d2-bd94-8b93652150f8/t8ier4507yu-nevernot-cabin-119.webp | https://mtdlhxbwblrxtzsdjlav.supabase.co/storage/v1/object/public/perfume-images/90bc24dd-1e7b-48d2-bd94-8b93652150f8/t8ier42uyg9-nevernot-cabin-119.webp","https://s.shopee.co.id/9KbksC8yQ4","saudade-olfactory-bonsai-we-kept | periodic-03-daylight | house-of-medici-baldassare-sprezzatura | compounded-by-ethan | honino-shower-song","Nevernot Cabin 119 menghadirkan sensasi segar lavender, citrus, dan kayu cedar yang clean, cocok untuk kamu yang suka aroma tenang dan maskulin modern.","https://cariparfum.com/parfum/nevernot-cabin-119","","2026-10-06T13:26:27.285Z"
"Nevernot","Date of Birth","Eau de Parfum","179000","IDR","InStock","Violet | Vanilla | Rose","Pear Flower | Freesia","White Wood | Powder Note","Powdery | Floral","Nyaman | Menenangkan","Masculine","","Sore | Malam | ️ Dingin | ️ Hujan","https://mtdlhxbwblrxtzsdjlav.supabase.co/storage/v1/object/public/perfume-images/a275f368-cd2d-4864-92c2-38e8cbdb0d5a/t8ielxy5zpo-nevernot-date-of-birth.webp | https://mtdlhxbwblrxtzsdjlav.supabase.co/storage/v1/object/public/perfume-images/a275f368-cd2d-4864-92c2-38e8cbdb0d5a/t8ielyc409t-nevernot-date-of-birth.webp | https://mtdlhxbwblrxtzsdjlav.supabase.co/storage/v1/object/public/perfume-images/a275f368-cd2d-4864-92c2-38e8cbdb0d5a/t8ielzygwdp-nevernot-date-of-birth.webp","https://s.shopee.co.id/2B8aKpaqFG","mykonos-moroccan-vanilla | loco-scent-red-rhapsody | honino-romeo-roses | mykonos-baby-love | citizens-of-the-world-cafe-du-monde","Nevernot Date of Birth adalah parfum powdery-floral yang lembut dan menenangkan, cocok untuk malam santai atau saat hujan turun di luar, memberi nuansa hangat.","https://cariparfum.com/parfum/nevernot-date-of-birth","","2026-10-06T13:25:29.652Z"
"Nevernot","Grandma's Kitchen","Eau de Parfum","185000","IDR","InStock","Jasmine | Peony | Milk","Bourbon Vanilla | Cacao","Sandalwood | Musk","Gourmand | Floral","Nyaman | Hangat","Masculine","","Sore | Malam | ️ Dingin | ️ Hujan","https://mtdlhxbwblrxtzsdjlav.supabase.co/storage/v1/object/public/perfume-images/6ab90908-7c97-4c66-8efc-5a701243d1f6/t8iesj86xfd-nevernot-grandma-s-kitchen.webp | https://mtdlhxbwblrxtzsdjlav.supabase.co/storage/v1/object/public/perfume-images/6ab90908-7c97-4c66-8efc-5a701243d1f6/t8ieskofqzk-nevernot-grandma-s-kitchen.webp | https://mtdlhxbwblrxtzsdjlav.supabase.co/storage/v1/object/public/perfume-images/6ab90908-7c97-4c66-8efc-5a701243d1f6/t8iesln1m5w-nevernot-grandma-s-kitchen.webp","https://s.shopee.co.id/1gCJk5L2AR","honino-romeo-roses | evesol-jinggala | alt-perfumery-shft-hydra | house-of-dappers-nomadland | reboura-flora-notes","Nevernot Grandma's Kitchen membawa nuansa dapur hangat dan lembut, dengan sentuhan vanilla, susu, dan floral ringan yang cozy untuk momen santai.","https://cariparfum.com/parfum/nevernot-grandmas-kitchen","","2026-10-06T13:25:47.352Z"
"Nevernot","Hello Prune","Eau de Parfum","165000","IDR","InStock","Bergamot | Magnolia","Peach | Jasmine","Amber | Sandalwood | Vanilla","Floral | Fruity","Nyaman | Playful","Masculine","","Sore | Malam | ️ Panas | ️ Hujan","https://mtdlhxbwblrxtzsdjlav.supabase.co/storage/v1/object/public/perfume-images/b8494415-a70f-4bc3-a722-e9c33a8c579a/t8ier6gkqqj-nevernot-hello-prune.webp | https://mtdlhxbwblrxtzsdjlav.supabase.co/storage/v1/object/public/perfume-images/b8494415-a70f-4bc3-a722-e9c33a8c579a/t8ier7ytura-nevernot-hello-prune.webp | https://mtdlhxbwblrxtzsdjlav.supabase.co/storage/v1/object/public/perfume-images/b8494415-a70f-4bc3-a722-e9c33a8c579a/t8ier8ard3d-nevernot-hello-prune.webp","https://s.shopee.co.id/3fxO7diHrv","honino-romeo-roses | wonderlust-fragrance-philia | world-of-make-scents-kiko-crumbs-solid-perfume | evesol-jinggala | elvicto-10-pm","Nevernot Hello Prune adalah parfum EdP yang menggabungkan nuansa buah persik, vanilla, dan sandalwood untuk aroma hangat dan playful, cocok untuk suasana.","https://cariparfum.com/parfum/nevernot-hello-prune","","2026-10-06T13:25:17.211Z"
"Nevernot","Imperial Jasmine Tea","Eau de Parfum","229000","IDR","InStock","Jasmine | Black Tea | Osmanthus","Petitgrain | Ylang-Ylang","Balsamic Note | Vanilla | Musk","Floral | Hijau Segar","Menenangkan | Nyaman","Masculine","","Sore | Malam | ️ Panas | ️ Hujan","https://mtdlhxbwblrxtzsdjlav.supabase.co/storage/v1/object/public/perfume-images/ba27ed0c-44fd-47ab-945a-4298fb1dd494/t8iem155bok-nevernot-imperial-jasmine-tea.webp | https://mtdlhxbwblrxtzsdjlav.supabase.co/storage/v1/object/public/perfume-images/ba27ed0c-44fd-47ab-945a-4298fb1dd494/t8iem2y5dwj-nevernot-imperial-jasmine-tea.webp | https://mtdlhxbwblrxtzsdjlav.supabase.co/storage/v1/object/public/perfume-images/ba27ed0c-44fd-47ab-945a-4298fb1dd494/t8iem2y5zl4-nevernot-imperial-jasmine-tea.webp","https://s.shopee.co.id/3fxO7tjWWW","honino-romeo-roses | reboura-flora-notes | notts-hatsukoi | scent-of-jarte-by-the-garden | mandalika-irresistible","Nevernot Imperial Jasmine Tea menghadirkan sensasi floral-tea yang lembut dan menenangkan, cocok untuk sore santai atau malam penuh kehangatan bersama orang.","https://cariparfum.com/parfum/nevernot-imperial-jasmine-tea","","2026-10-06T13:26:12.922Z"
"Nevernot","Kenangan Brew","Extrait de Parfum","249000","IDR","InStock","Lily | Roasted Vanilla | Caramel","Latte | Brown Sugar | Tuberose","Patchouli | Vetiver","Gourmand | Floral","Nyaman | Hangat | Sensual","Masculine","","Malam | ️ Dingin | ️ Hujan","https://mtdlhxbwblrxtzsdjlav.supabase.co/storage/v1/object/public/perfume-images/2a30697e-d5f5-4a7a-8244-84cdcd04342c/t8iequu6xim-nevernot-kenangan-brew.webp | https://mtdlhxbwblrxtzsdjlav.supabase.co/storage/v1/object/public/perfume-images/2a30697e-d5f5-4a7a-8244-84cdcd04342c/t8ieqvxq8rc-nevernot-kenangan-brew.webp | https://mtdlhxbwblrxtzsdjlav.supabase.co/storage/v1/object/public/perfume-images/2a30697e-d5f5-4a7a-8244-84cdcd04342c/t8ieqw4mpsi-nevernot-kenangan-brew.webp","https://s.shopee.co.id/9zrRfWYwni","honino-romeo-roses | mykonos-caramel-fudge-cookie | citizens-of-the-world-cafe-du-monde | the-body-tale-rosie-de-marrie | mykonos-vanilla-clouds","Nevernot Kenangan Brew adalah parfum gourmand-floral yang menghadirkan nuansa kafe hangat dan manis, sempurna untuk malam santai atau momen intim.","https://cariparfum.com/parfum/nevernot-kenangan-brew","","2026-10-06T13:24:44.645Z"
"Nevernot","Kenangan Tea Blend","Extrait de Parfum","249000","IDR","InStock","Bergamot | Earl Grey","Jasmine | Geranium","Sandalwood | Pepper | Musk","Hijau Segar | Woody","Menenangkan | Bersih","Masculine","","Pagi | ️ Siang | Sore | ️ Panas | ️ Hujan","https://mtdlhxbwblrxtzsdjlav.supabase.co/storage/v1/object/public/perfume-images/1923b4c3-11ef-4155-b1d8-d16def714c58/t8ielpgdkxn-nevernot-kenangan-tea-blend.webp | https://mtdlhxbwblrxtzsdjlav.supabase.co/storage/v1/object/public/perfume-images/1923b4c3-11ef-4155-b1d8-d16def714c58/t8ielqsvus5-nevernot-kenangan-tea-blend.webp | https://mtdlhxbwblrxtzsdjlav.supabase.co/storage/v1/object/public/perfume-images/1923b4c3-11ef-4155-b1d8-d16def714c58/t8ielrhw9ia-nevernot-kenangan-tea-blend.webp","https://s.shopee.co.id/4VWV7MzUsg","evesol-jinggala | argve-ardour | reboura-flora-notes | botanical-essentials-desert-sunset | botanical-essentials-sanctuary","Nevernot Kenangan Tea Blend menghadirkan aroma teh earl grey segar dengan sentuhan floral dan sandalwood lembut, cocok untuk suasana santai dan keseharian.","https://cariparfum.com/parfum/nevernot-kenangan-tea-blend","","2026-10-06T13:25:04.233Z"
"Nevernot","Kitchen in Pool","Eau de Parfum","185000","IDR","InStock","Bergamot | Pear | Lemon Zest | Mint","Wisteria | Lavender | Geranium","Amberwood | Tonka Bean","Sitrus Segar | Fruity","Menyegarkan | Energik | Nyaman","Masculine","","Pagi | ️ Siang | Sore | ️ Panas | ️ Hujan","https://mtdlhxbwblrxtzsdjlav.supabase.co/storage/v1/object/public/perfume-images/7ac02ff9-b4cb-49c0-8921-340d6714a308/t8ies811xqw-nevernot-kitchen-in-pool.webp | https://mtdlhxbwblrxtzsdjlav.supabase.co/storage/v1/object/public/perfume-images/7ac02ff9-b4cb-49c0-8921-340d6714a308/t8ies9fcahw-nevernot-kitchen-in-pool.webp | https://mtdlhxbwblrxtzsdjlav.supabase.co/storage/v1/object/public/perfume-images/7ac02ff9-b4cb-49c0-8921-340d6714a308/t8iesa0un8h-nevernot-kitchen-in-pool.webp","https://s.shopee.co.id/3LKXjB9cRH","ataraksia-raden-saleh-callenberg | atsiri-rayu | citizens-of-the-world-cloud-ride-in-provence | loco-scent-dialogue-ivi | anamcara-de-pistachio","Nevernot Kitchen in Pool adalah Eau de Parfum yang memadukan kesegaran citrus, mint, dan pear dengan sentuhan floral dan creamy amberwood-tonka yang bikin.","https://cariparfum.com/parfum/nevernot-kitchen-in-pool","","2026-10-06T13:24:49.140Z"
"Nevernot","Naughty But Nice","Eau de Parfum","210000","IDR","InStock","Bergamot | Pink Pepper | Lemon","Coriander | Sweet Pea | Orange Flower","Amber | Cedar | Tonka","Sitrus Segar | Amber","Playful | Hangat","Masculine","","Sore | Malam | ️ Dingin","https://mtdlhxbwblrxtzsdjlav.supabase.co/storage/v1/object/public/perfume-images/5a4cf8ba-5004-423f-ba01-3178808be686/t9fn9hw5k0j-nevernot-naughty-but-nice.webp | https://mtdlhxbwblrxtzsdjlav.supabase.co/storage/v1/object/public/perfume-images/5a4cf8ba-5004-423f-ba01-3178808be686/t9fn9ir4f20-nevernot-naughty-but-nice.webp","https://s.shopee.co.id/4LDn0127PQ","honor-perfume-denali | loco-scent-into-the-waves | argve-ardour | scentnario-hidden-haven | scent-of-jarte-by-the-garden","Nevernot Naughty But Nice adalah parfum citrus woody dengan sentuhan amber yang hangat dan playful, cocok untuk sore hingga malam hari di suasana santai.","https://cariparfum.com/parfum/nevernot-naughty-but-nice","","2026-10-06T13:25:49.155Z"
"Nevernot","Never Been Drunk","Eau de Parfum","181000","IDR","InStock","Grape | Cinnamon | Cranberry","Plum | Nutmeg | Lemongrass","Sandalwood | Vanilla","Fruity | Gourmand","Playful | Hangat","Masculine","","Sore | Malam | ️ Dingin | ️ Hujan","https://mtdlhxbwblrxtzsdjlav.supabase.co/storage/v1/object/public/perfume-images/5579af88-2d47-46fc-9235-d3b22f51e3a4/t8ieraszo7x-nevernot-never-been-drunk.webp | https://mtdlhxbwblrxtzsdjlav.supabase.co/storage/v1/object/public/perfume-images/5579af88-2d47-46fc-9235-d3b22f51e3a4/t8ierbp67n0-nevernot-never-been-drunk.webp | https://mtdlhxbwblrxtzsdjlav.supabase.co/storage/v1/object/public/perfume-images/5579af88-2d47-46fc-9235-d3b22f51e3a4/t8iercpdfqc-nevernot-never-been-drunk.webp","https://s.shopee.co.id/1LZTLOTLCD","reboura-bibliosmia | reboura-flora-notes | scentrail-the-laughter-factory | mandalika-only-the-brave | world-of-make-scents-kiko-crumbs-solid-perfume","Nevernot Never Been Drunk adalah parfum fruity gourmand dengan sentuhan spicy yang playful, ideal untuk malam santai atau momen hangout penuh kehangatan.","https://cariparfum.com/parfum/nevernot-never-been-drunk","","2026-10-06T13:25:31.598Z"
"Nevernot","Petite Avenue","Extrait de Parfum","168000","IDR","InStock","Mandarin Orange | Earl Grey Tea","Jasmine | Rose | Freesia","Sandalwood | Iris | Musk","Floral | Powdery","Bersih | Elegan","Masculine","","Pagi | ️ Siang | Sore | ️ Panas | ️ Hujan","https://mtdlhxbwblrxtzsdjlav.supabase.co/storage/v1/object/public/perfume-images/7f6a26a5-f7d4-46f2-bc7f-0efd6c441a55/t8iellr9v4h-nevernot-petite-avenue.webp | https://mtdlhxbwblrxtzsdjlav.supabase.co/storage/v1/object/public/perfume-images/7f6a26a5-f7d4-46f2-bc7f-0efd6c441a55/t8ielmgphf2-nevernot-petite-avenue.webp | https://mtdlhxbwblrxtzsdjlav.supabase.co/storage/v1/object/public/perfume-images/7f6a26a5-f7d4-46f2-bc7f-0efd6c441a55/t8ielnrrt5c-nevernot-petite-avenue.webp","https://s.shopee.co.id/7AXGHysHmJ","honino-romeo-roses | loco-scent-red-rhapsody | the-body-tale-portrait-of-kyoto | de-antoine-secret-de-tilia | de-antoine-de-tilia","Nevernot Petite Avenue adalah parfum floral powdery yang lembut dan airy, cocok untuk suasana santai di pagi hingga sore hari di iklim tropis.","https://cariparfum.com/parfum/nevernot-petite-avenue","","2026-10-06T13:26:26.347Z"
"Nevernot","RSVP","Eau de Parfum","165000","IDR","InStock","Peach | Raspberry | Cherry","Marshmallow | Gardenia | Orchid","Oak | Ylang-Ylang | Musk","Fruity | Gourmand","Playful | Nyaman","Masculine","","Sore | Malam | ️ Panas | ️ Hujan","https://mtdlhxbwblrxtzsdjlav.supabase.co/storage/v1/object/public/perfume-images/a48fd909-3261-4312-afc5-1fbcca9bc1f1/t8ies4i6g5e-nevernot-rsvp.webp | https://mtdlhxbwblrxtzsdjlav.supabase.co/storage/v1/object/public/perfume-images/a48fd909-3261-4312-afc5-1fbcca9bc1f1/t8ies5wzck5-nevernot-rsvp.webp | https://mtdlhxbwblrxtzsdjlav.supabase.co/storage/v1/object/public/perfume-images/a48fd909-3261-4312-afc5-1fbcca9bc1f1/t8ies6lvodr-nevernot-rsvp.webp","https://s.shopee.co.id/1VstXd3r4y","honino-romeo-roses | sianc-sweet-talker | notts-hatsukoi | sighnil-cherry-on-date-night | mandalika-holy-sweet","Nevernot RSVP adalah Eau de Parfum gourmand fruity-floral yang playful dan cozy, cocok untuk hangout santai sore-malam di cuaca tropis Indonesia.","https://cariparfum.com/parfum/nevernot-rsvp","","2026-10-06T13:25:45.531Z"
"Nevernot","Tripping Apple","Eau de Parfum","165000","IDR","InStock","Cassis | Red Apple","May Rose | Freesia | Iris","Sandalwood | Vanilla | Patchouli | Virginia Cedar","Fruity | Floral","Playful | Nyaman","Masculine","","️ Siang | Sore | ️ Panas | ️ Hujan","https://mtdlhxbwblrxtzsdjlav.supabase.co/storage/v1/object/public/perfume-images/bcf2a0f2-644f-46a3-9c71-ca8c7c504695/t8iesce34yc-nevernot-tripping-apple.webp | https://mtdlhxbwblrxtzsdjlav.supabase.co/storage/v1/object/public/perfume-images/bcf2a0f2-644f-46a3-9c71-ca8c7c504695/t8iesd5p2bj-nevernot-tripping-apple.webp | https://mtdlhxbwblrxtzsdjlav.supabase.co/storage/v1/object/public/perfume-images/bcf2a0f2-644f-46a3-9c71-ca8c7c504695/t8iesetu3hc-nevernot-tripping-apple.webp","https://s.shopee.co.id/5VP2J2DCCP","loco-scent-red-rhapsody | honino-romeo-roses | byfrags-pleasure-of-jo | citizens-of-the-world-cafe-du-monde | mykonos-moroccan-vanilla","Nevernot Tripping Apple menghadirkan aroma apel merah, floral lembut, dan kayu manis yang playful sekaligus cozy, cocok untuk momen santai sore di Indonesia.","https://cariparfum.com/parfum/nevernot-tripping-apple","","2026-10-06T13:25:15.641Z"
"Nevernot","Ubud Sanctuary","Eau de Parfum","219000","IDR","InStock","Bergamot | Galbanum | Clove | Orange Flower","Jasmine | Ozonic Note | Tuberose | Ylang-Ylang","Amber | Cedarwood | Musky Note | Vanilla","Floral | Amber","Sensual | Nyaman","Masculine","","Sore | Malam | ️ Dingin | ️ Hujan","https://mtdlhxbwblrxtzsdjlav.supabase.co/storage/v1/object/public/perfume-images/b7f345b8-e6cb-4828-8dea-ee2ed43a0caa/t8ielt3xml5-nevernot-ubud-sanctuary.webp | https://mtdlhxbwblrxtzsdjlav.supabase.co/storage/v1/object/public/perfume-images/b7f345b8-e6cb-4828-8dea-ee2ed43a0caa/t8ielu23hx1-nevernot-ubud-sanctuary.webp | https://mtdlhxbwblrxtzsdjlav.supabase.co/storage/v1/object/public/perfume-images/b7f345b8-e6cb-4828-8dea-ee2ed43a0caa/t8ielvazrye-nevernot-ubud-sanctuary.webp","https://s.shopee.co.id/1LZTLXGM8I","scent-of-jarte-by-the-garden | honino-romeo-roses | layr-midnight-haze | saff-co-sotb | layr-second-skin","Nevernot Ubud Sanctuary membawa suasana pagi tropis Ubud ke kulitmu, dengan aroma floral hijau dan nuansa musky kayu yang nyaman untuk sore atau malam.","https://cariparfum.com/parfum/nevernot-ubud-sanctuary","","2026-10-06T13:25:29.192Z"
"Notts","Hatsukoi","Eau de Parfum","259000","IDR","InStock","Green Tea | Citrus | Petitgrain | Fresh Note","Peach | Lactonic Note | Jasmine | Ylang-Ylang","Sandalwood | Powdery Note | Musky Note","Hijau Segar | Floral Lembut","Bersih | Menyegarkan | Menenangkan","Masculine","","Pagi | ️ Siang | Sore | ️ Panas | ️ Hujan","https://mtdlhxbwblrxtzsdjlav.supabase.co/storage/v1/object/public/perfume-images/d29ddf3d-e000-4869-af34-6a389f910134/td6p6t42bqz-notts-hatsukoi.webp | https://mtdlhxbwblrxtzsdjlav.supabase.co/storage/v1/object/public/perfume-images/d29ddf3d-e000-4869-af34-6a389f910134/td6p6uznm6x-notts-hatsukoi.webp | https://mtdlhxbwblrxtzsdjlav.supabase.co/storage/v1/object/public/perfume-images/d29ddf3d-e000-4869-af34-6a389f910134/td6p6u7mnsu-notts-hatsukoi.webp","https://s.shopee.co.id/2g8LMvBiAi","honino-romeo-roses | evesol-jinggala | hmns-sore-eterna | reboura-flora-notes | world-of-make-scents-summerity","Notts Hatsukoi adalah parfum EDP segar dengan nuansa green tea dan floral yang clean, cocok untuk suasana pagi hingga sore di iklim tropis Indonesia.","https://cariparfum.com/parfum/notts-hatsukoi","","2026-10-06T13:25:06.365Z"
"Notts","Heirloom","Eau de Parfum","259000","IDR","InStock","Oud Wood | Cypress","Raspberry | Lily of the Valley","Musky Note | Leathery Note","Woody | Kering & Smoky","Misterius | Tegas","Masculine","","Malam | ️ Dingin","https://mtdlhxbwblrxtzsdjlav.supabase.co/storage/v1/object/public/perfume-images/8499869c-d995-4a43-8f0f-ee70c2752275/td6p6p3j6zc-notts-heirloom.webp | https://mtdlhxbwblrxtzsdjlav.supabase.co/storage/v1/object/public/perfume-images/8499869c-d995-4a43-8f0f-ee70c2752275/td6p6qlyn8i-notts-heirloom.webp | https://mtdlhxbwblrxtzsdjlav.supabase.co/storage/v1/object/public/perfume-images/8499869c-d995-4a43-8f0f-ee70c2752275/td6p6psu366-notts-heirloom.webp","https://s.shopee.co.id/9fI5hovjfl","honino-romeo-roses | layr-velvet-dream | royal-fragrance-sunset-passion | layr-chronic-tonic | citizens-of-the-world-sunset-picnic-in-honolulu","Notts Heirloom adalah parfum woody-leather dengan sentuhan floral dan musky, cocok untuk malam sejuk atau saat ingin tampil bold dan misterius.","https://cariparfum.com/parfum/notts-heirloom","","2026-10-06T13:25:25.411Z"
"Notts","Lady Vanille","Eau de Parfum","227000","IDR","InStock","Edible Note | Toffee | White Floral Accord","Woody Note | Floral Accord","Amberwood | Musky Note | Vanilla | Sweet Note","Gourmand | Floral","Hangat | Nyaman","Masculine","","Malam | ️ Dingin","https://mtdlhxbwblrxtzsdjlav.supabase.co/storage/v1/object/public/perfume-images/84424251-075b-4256-a239-18041f28e364/td6p6y2dzl1-notts-lady-vanille.webp | https://mtdlhxbwblrxtzsdjlav.supabase.co/storage/v1/object/public/perfume-images/84424251-075b-4256-a239-18041f28e364/td6p6zyf5ik-notts-lady-vanille.webp | https://mtdlhxbwblrxtzsdjlav.supabase.co/storage/v1/object/public/perfume-images/84424251-075b-4256-a239-18041f28e364/td6p6yt6a37-notts-lady-vanille.webp","https://s.shopee.co.id/9ALp6wj9wQ","honino-romeo-roses | mykonos-vanilla-clouds | scentalgia-fragrance-the-kiss | scuse-me-beauty-and-the-freeze | botanical-essentials-solace","Notts Lady Vanille adalah parfum EDP gourmand floral yang creamy dan hangat, cocok untuk pecinta aroma manis elegan di malam santai atau momen intim.","https://cariparfum.com/parfum/notts-lady-vanille","","2026-10-06T13:25:50.460Z"
"Notts","Monet’s Garden","Eau de Parfum","259000","IDR","InStock","Grapefruit | Blooming Rose","Sandalwood | Jasmine","Violet | Ambery Note | Musk","Floral | Sitrus Segar","Menenangkan | Menyegarkan","Masculine","","Pagi | ️ Siang | Sore | ️ Panas | ️ Hujan","https://mtdlhxbwblrxtzsdjlav.supabase.co/storage/v1/object/public/perfume-images/fd308d1f-c17a-47a9-97fa-0bc86255fcb4/td6p6r6sg8h-notts-monet-s-garden.webp | https://mtdlhxbwblrxtzsdjlav.supabase.co/storage/v1/object/public/perfume-images/fd308d1f-c17a-47a9-97fa-0bc86255fcb4/td6p6subk4w-notts-monet-s-garden.webp","https://s.shopee.co.id/5q5N8msjqa","honino-romeo-roses | avalanche-tidal-wave | wonderlust-fragrance-philia | world-of-make-scents-ermis-solid-perfume | die-without-smell-yes-honey","Notts Monet’s Garden adalah EDP floral segar dengan sentuhan rose, jasmine, dan sandalwood, menghadirkan nuansa taman pagi yang lembut dan menenangkan.","https://cariparfum.com/parfum/notts-monet-s-garden","","2026-10-06T13:25:14.672Z"
"Notts","Reverie","Eau de Parfum","259000","IDR","InStock","Pink Peppercorn | Bergamot","Lily of the Valley | Orris","Musky Note","Powdery | Floral","Bersih | Elegan","Masculine","","Pagi | ️ Siang | Sore | ️ Panas | ️ Hujan","https://mtdlhxbwblrxtzsdjlav.supabase.co/storage/v1/object/public/perfume-images/5805e07f-7dd6-4b70-bed2-8d031f2fc108/td6p6iqghpe-notts-reverie.webp | https://mtdlhxbwblrxtzsdjlav.supabase.co/storage/v1/object/public/perfume-images/5805e07f-7dd6-4b70-bed2-8d031f2fc108/td6p6lolewe-notts-reverie.webp | https://mtdlhxbwblrxtzsdjlav.supabase.co/storage/v1/object/public/perfume-images/5805e07f-7dd6-4b70-bed2-8d031f2fc108/td6p6mpigw7-notts-reverie.webp","https://s.shopee.co.id/8ATHv2XoAK","scent-of-jarte-close-to-skin | reboura-majestic-night | reboura-flora-notes | scuse-me-tulips-better-than-one | botanical-essentials-in-the-clouds","Notts Reverie adalah EDP floral-musky yang terasa segar, lembut, dan bersih, cocok untuk hari-hari cerah di Indonesia maupun suasana formal santai.","https://cariparfum.com/parfum/notts-reverie","","2026-10-06T13:24:45.965Z"
"Notts","Stellar","Eau de Parfum","259000","IDR","InStock","Mandarin Orange | Orange Blossom | Bergamot","Woody Note | Marine Note","Vanilla | White Musk","Akuatik | Sitrus Segar","Menyegarkan | Nyaman | Bersih","Masculine","","️ Siang | Sore | Malam | ️ Panas | ️ Hujan","https://mtdlhxbwblrxtzsdjlav.supabase.co/storage/v1/object/public/perfume-images/ce6e2f05-d090-40eb-999c-effedd4f8655/td6p6vl7h0t-notts-stellar.webp | https://mtdlhxbwblrxtzsdjlav.supabase.co/storage/v1/object/public/perfume-images/ce6e2f05-d090-40eb-999c-effedd4f8655/td6p6wkzxuz-notts-stellar.webp | https://mtdlhxbwblrxtzsdjlav.supabase.co/storage/v1/object/public/perfume-images/ce6e2f05-d090-40eb-999c-effedd4f8655/td6p6xd6o74-notts-stellar.webp","https://s.shopee.co.id/50WG9ERaMu","scentalgia-fragrance-raw-morning-05-00am | botanical-essentials-solace | mandalika-gorgeous-tuberose | world-of-make-scents-nostalgic | world-of-make-scents-nostalgic-solid-perfume","Notts Stellar adalah parfum EDP yang memadukan citrus segar, nuansa laut, dan musk-vanila halus untuk aroma clean dan nyaman, cocok di segala suasana.","https://cariparfum.com/parfum/notts-stellar","","2026-10-06T13:26:14.990Z"
"Oaken Lab","Batavia Barber","Eau de Parfum","899000","IDR","InStock","Bergamot | Jasmine | Orange","Lavender | Neroli | Moss","Patchouli | Leather | Musk","Aromatik | Kering & Smoky","Menenangkan | Tegas","Masculine","","Sore | Malam | ️ Dingin","https://mtdlhxbwblrxtzsdjlav.supabase.co/storage/v1/object/public/perfume-images/cffba34f-8ed6-462b-a68e-f2671666c37e/ta5d1f-brand-perfume.webp | https://mtdlhxbwblrxtzsdjlav.supabase.co/storage/v1/object/public/perfume-images/cffba34f-8ed6-462b-a68e-f2671666c37e/ta5d37-brand-perfume.webp","https://s.shopee.co.id/4qA2YSM5RS","layr-get-naked | reboura-majestic-night | compounded-by-london | honino-romeo-roses | saudade-olfactory-bonsai-we-kept","Oaken Lab Batavia Barber menghadirkan aroma barbershop maskulin klasik dengan sentuhan citrus, lavender, dan leather yang elegan dan menenangkan.","https://cariparfum.com/parfum/oaken-lab-batavia-barber","","2026-10-06T13:26:09.684Z"
"Oaken Lab","Before Moonrise","Eau de Parfum","849000","IDR","InStock","Darjeeling Black Tea | Pomelo","White Woods | Coconut","Vanilla | Indonesian Oud","Woody | Gourmand","Hangat | Misterius | Nyaman","Masculine","","Sore | Malam | ️ Dingin","https://mtdlhxbwblrxtzsdjlav.supabase.co/storage/v1/object/public/perfume-images/6b267218-c108-4723-8f20-887c1b9cf7a5/t9fn9lm3fvh-oaken-lab-before-moonrise.webp | https://mtdlhxbwblrxtzsdjlav.supabase.co/storage/v1/object/public/perfume-images/6b267218-c108-4723-8f20-887c1b9cf7a5/t9fn9l2lywy-oaken-lab-before-moonrise.webp | https://mtdlhxbwblrxtzsdjlav.supabase.co/storage/v1/object/public/perfume-images/6b267218-c108-4723-8f20-887c1b9cf7a5/t9fn9m0wrt7-oaken-lab-before-moonrise.webp","https://s.shopee.co.id/4VXC9ui5A8","oaken-lab-serious-moonlight | world-of-make-scents-kiko-crumbs-solid-perfume | whspr-spellbound | mine-perfumery-toxique-vanille | house-of-medici-shakespeare-elegiac","Oaken Lab Before Moonrise adalah parfum EDP yang menyatukan teh Darjeeling, kelapa, vanilla, dan oud Indonesia, menghadirkan aroma woody-warm eksotik.","https://cariparfum.com/parfum/oaken-lab-before-moonrise","","2026-10-06T13:25:00.067Z"
"Oaken Lab","Caught a Glimpse of My Office Crush Through the Gap of Our Cubicles","Eau de Parfum","799000","IDR","InStock","Black Pepper | Rose | Geranium","Cedar Atlas | Paper | Frankincense | Clary Sage","Cashmeran | Benzoin Sumatra | Ink Accord","Floral | Woody","Bersih | Misterius","Masculine","","Sore | Malam | ️ Dingin | ️ Hujan","https://mtdlhxbwblrxtzsdjlav.supabase.co/storage/v1/object/public/perfume-images/cc851a4c-3686-43e0-8707-fa4c21bc174f/t9fn9nncqy7-oaken-lab-caught-a-glimpse-of-my-office-crush-through-the-gap-of-our-cubicles.webp | https://mtdlhxbwblrxtzsdjlav.supabase.co/storage/v1/object/public/perfume-images/cc851a4c-3686-43e0-8707-fa4c21bc174f/t9fn9oifzuh-oaken-lab-caught-a-glimpse-of-my-office-crush-through-the-gap-of-our-cubicles.webp | https://mtdlhxbwblrxtzsdjlav.supabase.co/storage/v1/object/public/perfume-images/cc851a4c-3686-43e0-8707-fa4c21bc174f/t9fn9nn9int-oaken-lab-caught-a-glimpse-of-my-office-crush-through-the-gap-of-our-cubicles.webp","https://s.shopee.co.id/6KyrO26RIy","maison-garnet-alhambra-rose | loco-scent-red-rhapsody | astree-villa-de-la-rose | botanical-essentials-sanctuary | saudade-olfactory-pinky-promise","Oaken Lab Caught a Glimpse of My Office Crush Through the Gap of Our Cubicles menawarkan aroma clean floral-woody dengan nuansa resin dan tinta, cocok.","https://cariparfum.com/parfum/oaken-lab-caught-a-glimpse-of-my-office-crush-through-the-gap-of-our-cubicles","","2026-10-06T13:26:32.160Z"
"Oaken Lab","Monko","Eau de Parfum","899000","IDR","InStock","Hyacinth | Neroli | Dried Fruit","Carrot Seed | Angelica Root | Saffron | Orris","Amber | Old Wood | Hinoki | Patchouli | Musk","Woody | Amber","Hangat | Misterius","Masculine","","Sore | Malam | ️ Dingin | ️ Hujan","https://mtdlhxbwblrxtzsdjlav.supabase.co/storage/v1/object/public/perfume-images/b9b337cc-920d-4645-8de7-07c52fc8b1df/t8adlaljblw-oaken-monko.png","https://s.shopee.co.id/50SugvYnSu","honino-romeo-roses | botanical-essentials-where-it-begins | mykonos-conquer | sonder-scents-255 | vlagio-perfume-malika","Oaken Lab Monko menghadirkan aroma kayu tua dan patchouli yang misterius dan hangat, cocok untuk suasana malam sejuk atau momen intim yang menenangkan.","https://cariparfum.com/parfum/oaken-lab-monko","","2026-10-06T13:25:12.921Z"
"Oaken Lab","Narikela","Eau de Parfum","899000","IDR","InStock","Sea Salt | Warm Ginger | Pandan Leaf","Sunlit Florals | Ocean Air | Milky Woods | Coconut Water","Mineral Ember | Sandalwood | Incense Smoke | Sandy Musk","Akuatik | Woody","Ringan | Menenangkan","Masculine","","Sore | Malam | ️ Panas | ️ Hujan","https://mtdlhxbwblrxtzsdjlav.supabase.co/storage/v1/object/public/perfume-images/25dfa9aa-a1f4-4823-86e6-0aa745927a38/t8adl0opicy-oaken-narikela.png","https://s.shopee.co.id/2g4zuci5FB","ataraksia-semilir-bayang-mangata | alchemist-powder-room | scentalgia-fragrance-yuzu-shochu | scent-of-jarte-peony-noel | scent-of-jarte-tulip-valley","Oaken Lab Narikela mengajakmu menikmati aroma laut, pandan, dan kelapa yang airy dengan lapisan kayu hangat dan asap lembut, cocok untuk sore atau malam.","https://cariparfum.com/parfum/oaken-lab-narikela","","2026-10-06T13:26:07.074Z"
"Oaken Lab","Serious Moonlight","Eau de Parfum","849000","IDR","InStock","Darjeeling Black Tea | Pomelo","Night Jasmine | Wood | Coconut","Vanilla | Leather Tar | Indonesian Oud","Woody | Kering & Smoky","Misterius | Hangat | Sensual","Masculine","","Sore | Malam | ️ Dingin | ️ Hujan","https://mtdlhxbwblrxtzsdjlav.supabase.co/storage/v1/object/public/perfume-images/895100c5-0bd1-4bf6-86ce-9e05788cf341/t9fn9k1cpzo-oaken-lab-serious-moonlight.webp | https://mtdlhxbwblrxtzsdjlav.supabase.co/storage/v1/object/public/perfume-images/895100c5-0bd1-4bf6-86ce-9e05788cf341/t9fn9kixwci-oaken-lab-serious-moonlight.webp","https://s.shopee.co.id/6VIGXZEsFT","oaken-lab-before-moonrise | world-of-make-scents-kiko-crumbs-solid-perfume | whspr-spellbound | house-of-medici-shakespeare-elegiac | unke-naru-jenggala","Oaken Lab Serious Moonlight adalah parfum dengan nuansa teh, kayu, oud, dan vanila yang misterius, cocok untuk malam santai di suasana tropis Indonesia.","https://cariparfum.com/parfum/oaken-lab-serious-moonlight","","2026-10-06T13:26:03.756Z"
"Oaken Lab","Temple Moss","Eau de Parfum","899000","IDR","InStock","Dewy Stone Accord | Hyacinth | Fresh Green Leaves","Creamy Woods | Wild Violet | Soft Patchouli","Dry Cedarwood | Tree Moss | Mineral Musk | Sacred Incense","Hijau Segar | Woody Lumut","Earthy | Menenangkan","Masculine","","Pagi | Sore | Malam | ️ Panas | ️ Hujan","https://mtdlhxbwblrxtzsdjlav.supabase.co/storage/v1/object/public/perfume-images/852238b7-0df7-49ad-a33a-ef64457dd923/t8adl5ri67o-oaken-temple-moss.png","https://s.shopee.co.id/8pfdFvHDpC","scent-of-jarte-rose-petals | honino-romeo-roses | vlagio-perfume-medina | reboura-noisy-bathroom | wonderlust-fragrance-philia","Oaken Lab Temple Moss adalah parfum EdP dengan nuansa hijau-dewy, mossy woods, dan sentuhan incense yang earthy dan menenangkan untuk pecinta aroma alam.","https://cariparfum.com/parfum/oaken-lab-temple-moss","","2026-10-06T13:26:27.055Z"
"OURU","Cactus.","Extrait de Parfum","229000","IDR","InStock","Cactus Flower","Fressia | Jasmine | Rose","Cedar | Woody","Floral | Woody","Menyegarkan | Bersih | Menenangkan","Masculine","","Pagi | ️ Siang | Sore | ️ Panas | ️ Hujan","https://mtdlhxbwblrxtzsdjlav.supabase.co/storage/v1/object/public/perfume-images/763d098c-3a07-4e32-b7fa-71499ad2bedd/t9fhstiubl9-brand-perfume.webp","https://s.shopee.co.id/5L6KAOZLV3","loco-scent-red-rhapsody | honino-romeo-roses | vlagio-perfume-medina | mykonos-xoxo-rosy | alt-perfumery-martini-in-new-york","OURU Cactus memadukan aroma bunga kaktus segar, freesia, dan cedar, menghadirkan sensasi floral-clean yang cocok untuk iklim tropis dan aktivitas sehari-hari.","https://cariparfum.com/parfum/ouru-cactus","","2026-10-06T13:25:37.972Z"
"OURU","Mantra","Extrait de Parfum","249000","IDR","InStock","Orange Blossom | Peach","Tuberose ABS India LMR | Rose | Ylang-Ylang","Vanilla | Dry Amber","Floral | Fruity","Hangat | Playful","Masculine","","Sore | Malam | ️ Dingin | ️ Hujan","https://mtdlhxbwblrxtzsdjlav.supabase.co/storage/v1/object/public/perfume-images/ded56d91-67a5-452c-9edb-4f3b3e25ef0a/tb8at6oetpn-ouru-mantra.webp | https://mtdlhxbwblrxtzsdjlav.supabase.co/storage/v1/object/public/perfume-images/ded56d91-67a5-452c-9edb-4f3b3e25ef0a/tb8at6axy80-ouru-mantra.webp","https://s.shopee.co.id/3fyc0SP8tM","honino-romeo-roses | loco-scent-red-rhapsody | mykonos-moroccan-vanilla | mykonos-xoxo-rosy | scentalgia-fragrance-raw-morning-05-00am","OURU Mantra adalah parfum floral fruity dengan sentuhan vanilla dan amber yang creamy, menciptakan suasana hangat dan playful untuk sore hingga malam.","https://cariparfum.com/parfum/ouru-mantra","","2026-10-06T13:25:32.777Z"
"OURU","Ms. Independent","Extrait de Parfum","229000","IDR","InStock","Bergamot | Cassis | Raspberry","Jasmine | Peony | Orris","Vanilla Musk | Syphony Heliotrope","Fruity | Floral","Playful | Hangat","Masculine","","Sore | Malam | ️ Panas | ️ Hujan","https://mtdlhxbwblrxtzsdjlav.supabase.co/storage/v1/object/public/perfume-images/5d36c25e-4970-4327-a1f2-d91475beea67/t9hax49nd1l-brand-perfume.webp | https://mtdlhxbwblrxtzsdjlav.supabase.co/storage/v1/object/public/perfume-images/5d36c25e-4970-4327-a1f2-d91475beea67/t9haxhilwho-brand-perfume.webp","https://s.shopee.co.id/10xL0Mdz4m","aoera-sweet-coconut | de-antoine-l-amour-toujours | de-antoine-velvet-garden | evoste-ivory-bloom | speaks-to-me-sneaky-sugar-rush","OURU Ms. Independent adalah parfum fruity-floral dengan aksen vanilla musk yang lembut, cocok untuk kamu yang ingin tampil segar, percaya diri, dan feminin.","https://cariparfum.com/parfum/ouru-ms-independent","","2026-10-06T13:25:31.624Z"
"OURU","Papa's Bread","Eau de Parfum","259000","IDR","InStock","Toasted Bread Accord","Patchouli Heart N.3 LMR","Cedarwood | Tonka Bean","Woody | Gourmand","Nyaman | Earthy","Masculine","","Sore | Malam | ️ Dingin | ️ Hujan","https://mtdlhxbwblrxtzsdjlav.supabase.co/storage/v1/object/public/perfume-images/85ad4887-5721-4bd1-b26c-a19aa726b81e/tb8auuef2ve-brand-perfume.webp | https://mtdlhxbwblrxtzsdjlav.supabase.co/storage/v1/object/public/perfume-images/85ad4887-5721-4bd1-b26c-a19aa726b81e/tb8av6t0ejr-brand-perfume.webp","https://s.shopee.co.id/AABZvFmTzx","reboura-noisy-bathroom | botanical-essentials-in-the-clouds | world-of-make-scents-ermis-solid-perfume | speaks-to-me-slow-sunset | house-of-medici-baldassare-sprezzatura","OURU Papa's Bread membawa kehangatan aroma roti panggang, patchouli, dan kayu cedar yang cozy, menciptakan nuansa nostalgia yang earthy dan hangat.","https://cariparfum.com/parfum/ouru-papas-bread","","2026-10-06T13:26:03.245Z"
"OURU","Roses Reverie","Eau de Parfum","249000","IDR","InStock","Calabrian Bergamot | California Orange","Violet | Bulgarian Rose | Magnolia | Grasse Rose","Musk Cedar","Floral | Sitrus Segar","Menyegarkan | Bersih | Elegan","Masculine","","Pagi | ️ Siang | Sore | ️ Panas | ️ Hujan","https://mtdlhxbwblrxtzsdjlav.supabase.co/storage/v1/object/public/perfume-images/35f43f4f-0f28-443b-89fe-e5e487c0d6d7/tb8at07ym4u-ouru-roses.webp | https://mtdlhxbwblrxtzsdjlav.supabase.co/storage/v1/object/public/perfume-images/35f43f4f-0f28-443b-89fe-e5e487c0d6d7/tb8at1zhtx4-ouru-roses.webp","https://s.shopee.co.id/8KkRZABILl","mykonos-baby-love | loco-scent-red-rhapsody | mykonos-xoxo-rosy | astree-villa-de-la-rose | world-of-make-scents-ermis-solid-perfume","OURU Roses adalah EDP floral modern dengan aroma mawar segar dan sentuhan citrus, berpadu musk cedar yang clean, cocok untuk sehari-hari di iklim tropis.","https://cariparfum.com/parfum/ouru-roses-reverie","","2026-10-06T13:25:45.049Z"
"OURU","Skin & Soul","Eau de Parfum","229000","IDR","InStock","Pepper Pink CO2 LMR | Lily of the Valley | Ylang-Ylang","White Flower","Patchouli Oil | Cashmeran | Moss | Musk","Floral Lembut | Woody Lumut","Bersih | Nyaman","Masculine","","Sore | Malam | ️ Panas | ️ Hujan","https://mtdlhxbwblrxtzsdjlav.supabase.co/storage/v1/object/public/perfume-images/15575ebd-4a4b-4f0f-b990-7174066a2314/tb8awfw6cwi-brand-perfume.webp | https://mtdlhxbwblrxtzsdjlav.supabase.co/storage/v1/object/public/perfume-images/15575ebd-4a4b-4f0f-b990-7174066a2314/tb8awpau95y-brand-perfume.webp","https://s.shopee.co.id/9Uvt80y1Ao","honino-romeo-roses | layr-kyoto-jazz | reboura-flora-notes | voie-kyoto-dewberry | evesol-jinggala","OURU Skin & Soul memadukan sentuhan floral segar dengan nuansa musk dan moss yang lembut, cocok untuk kamu yang suka aroma bersih namun tetap hangat.","https://cariparfum.com/parfum/ouru-skin-soul","","2026-10-06T13:26:14.654Z"
"OURU","Vanilla Velvet 2.0","Extrait de Parfum","229000","IDR","InStock","Mandarin | Lavender","Orange Blossom | Jasmine","Amber Dry | Amber | Vanilla | Tonka Bean","Gourmand | Amber","Nyaman | Hangat","Masculine","","Malam | ️ Dingin","https://mtdlhxbwblrxtzsdjlav.supabase.co/storage/v1/object/public/perfume-images/fb499058-c44a-44e3-9759-2957738ecc71/t9bkjgfr84t-ouru-vanilla-velvet-2-0.webp | https://mtdlhxbwblrxtzsdjlav.supabase.co/storage/v1/object/public/perfume-images/fb499058-c44a-44e3-9759-2957738ecc71/t9bkjhi9njz-ouru-vanilla-velvet-2-0.webp","https://s.shopee.co.id/AABZvIbzSk","honino-romeo-roses | satellite-of-glow-cielo | mandalika-irresistible | compounded-by-london | mykonos-verve","OURU Vanilla Velvet 2.0 menghadirkan sensasi vanilla creamy yang cozy dan hangat, cocok untuk malam santai atau momen intim di ruangan ber-AC.","https://cariparfum.com/parfum/ouru-vanilla-velvet-2-0","","2026-10-06T13:24:51.677Z"
"OURU","Warm Whiskey","Extrait de Parfum","249000","IDR","InStock","Amber | Sweet Notes | Vanilla | Warm Spicy Notes | Whiskey","Coffee","Amber | Vanilla | Musk","Gourmand | Amber","Hangat | Misterius | Nyaman","Masculine","","Sore | Malam | ️ Dingin","https://mtdlhxbwblrxtzsdjlav.supabase.co/storage/v1/object/public/perfume-images/c3b665c1-48ce-43e6-9a07-8b8e332b6cce/tb8at3qij6u-ouru-warm-whiskey.webp | https://mtdlhxbwblrxtzsdjlav.supabase.co/storage/v1/object/public/perfume-images/c3b665c1-48ce-43e6-9a07-8b8e332b6cce/tb8at45t7gb-ouru-warm-whiskey.webp | https://mtdlhxbwblrxtzsdjlav.supabase.co/storage/v1/object/public/perfume-images/c3b665c1-48ce-43e6-9a07-8b8e332b6cce/tb8b88sn81l-brand-perfume.webp","https://s.shopee.co.id/30ivDOEDt5","honino-romeo-roses | speaks-to-me-slow-sunset | zataru-amethyst | mykonos-cafe-drops | reboura-living-montage","OURU Warm Whiskey menghadirkan aroma hangat whiskey, amber, vanilla, dan kopi untuk suasana malam yang intim dan cozy, sempurna untuk pecinta parfum gourmand.","https://cariparfum.com/parfum/ouru-warm-whiskey","","2026-10-06T13:26:13.717Z"
"Periodic","01 IVY","Eau de Parfum","470000","IDR","InStock","Ozone Notes | Muguet","Violet | Jasmine | Rose Damas | White Floral | Iris","Amber | Wood | Musk","Floral | Akuatik","Ringan | Bersih","Masculine","","Pagi | Sore | ️ Panas | ️ Hujan","https://mtdlhxbwblrxtzsdjlav.supabase.co/storage/v1/object/public/perfume-images/2d055486-8dd2-45fd-8f5c-b62f1e324d8c/tcgin505662-periodic-ivy.webp | https://mtdlhxbwblrxtzsdjlav.supabase.co/storage/v1/object/public/perfume-images/2d055486-8dd2-45fd-8f5c-b62f1e324d8c/tcgin6lpmpr-periodic-ivy.webp","https://s.shopee.co.id/7fVMuUX5TP","honino-romeo-roses | speaks-to-me-the-dreamer | mykonos-baby-love | loco-scent-mocktail-in-the-garden | avalanche-tidal-wave","Periodic IVY adalah parfum floral ozonic yang airy dan bersih, cocok untuk pecinta suasana segar setelah hujan dan momen santai di pagi atau sore hari.","https://cariparfum.com/parfum/periodic-01-ivy","","2026-10-06T13:24:51.303Z"
"Periodic","02 PEACHES","Eau de Parfum","450000","IDR","InStock","Iris","Jasmine | Rose","Musk","Powdery | Floral Lembut","Bersih | Elegan","Masculine","","️ Siang | Sore | ️ Panas | ️ Hujan","https://mtdlhxbwblrxtzsdjlav.supabase.co/storage/v1/object/public/perfume-images/b285058a-6868-4eb9-812f-4dcf156e4499/tcgin73cw6t-periodic-peaches.webp | https://mtdlhxbwblrxtzsdjlav.supabase.co/storage/v1/object/public/perfume-images/b285058a-6868-4eb9-812f-4dcf156e4499/tcgin9nslgx-periodic-peaches.webp","https://s.shopee.co.id/BPLyiuhLj","honino-romeo-roses | loco-scent-red-rhapsody | mykonos-xoxo-rosy | alt-perfumery-martini-in-new-york | de-antoine-secret-de-tilia","Periodic PEACHES adalah parfum floral powdery dengan sentuhan iris, jasmine, dan musk yang clean, cocok untuk siang hingga sore di iklim tropis Indonesia.","https://cariparfum.com/parfum/periodic-02-peaches","","2026-10-06T13:24:53.280Z"
"Periodic","03 DAYLIGHT","Eau de Parfum","470000","IDR","InStock","Mandarin Orange | Bergamot | Lavender","Patchouli | Orchid","Cedar | Musk","Woody | Aromatik","Menyegarkan | Menenangkan","Masculine","","Pagi | ️ Siang | Sore | ️ Panas | ️ Hujan","https://mtdlhxbwblrxtzsdjlav.supabase.co/storage/v1/object/public/perfume-images/9ad5ce41-36b7-4ac2-ae6d-c14bca5f6bc5/tcgin1pbfo4-periodic-daylight.webp | https://mtdlhxbwblrxtzsdjlav.supabase.co/storage/v1/object/public/perfume-images/9ad5ce41-36b7-4ac2-ae6d-c14bca5f6bc5/tcgin37e94c-periodic-daylight.webp","https://s.shopee.co.id/15vmQlvJ4","sighnil-cherry-on-date-night | saudade-olfactory-bonsai-we-kept | sonder-scents-255 | fragrance-by-petals-elysian-bloom | mykonos-sorrento","Periodic DAYLIGHT adalah parfum EDP dengan aroma lavender citrus yang segar dan sentuhan woody-musky menenangkan, cocok untuk hari aktif di iklim tropis.","https://cariparfum.com/parfum/periodic-03-daylight","","2026-10-06T13:25:11.314Z"
"Periodic","04 CASCADE","Eau de Parfum","470000","IDR","InStock","Aldehyde | Red Pepper","Rose | Iris","Amber | Cedar","Floral | Amber","Hangat | Elegan","Masculine","","Sore | Malam | ️ Dingin | ️ Hujan","https://mtdlhxbwblrxtzsdjlav.supabase.co/storage/v1/object/public/perfume-images/02bc9adb-cf61-4920-9ef2-23f11d617d47/tcginadyf39-periodic-cascade.webp | https://mtdlhxbwblrxtzsdjlav.supabase.co/storage/v1/object/public/perfume-images/02bc9adb-cf61-4920-9ef2-23f11d617d47/tcginb8zj3t-periodic-cascade.webp","https://s.shopee.co.id/808DJ948je","honino-romeo-roses | loco-scent-red-rhapsody | mykonos-xoxo-rosy | yn-perfumery-rose-in-september | scentalgia-fragrance-raw-morning-09-00am","Periodic CASCADE adalah EDP floral-amber dengan sentuhan woody dan powdery, cocok untuk sore dan malam hari di cuaca sejuk.","https://cariparfum.com/parfum/periodic-04-cascade","","2026-10-06T13:26:18.356Z"
"Personal Chemistry","GROUNDED WHISPER","Eau de Parfum","659000","IDR","InStock","Fig Tree Leaf | Lilac","Osmanthus | Ylang-Ylang","Haitian Vetiver | Satin Musk","Floral | Hijau Segar","Earthy | Menenangkan","Masculine","","Sore | Malam | ️ Hujan | ️ Dingin","https://mtdlhxbwblrxtzsdjlav.supabase.co/storage/v1/object/public/perfume-images/87dcf360-4795-4827-b6b0-6892dd619fda/td32p970eur-personal-chemistry-grounded-whisper.webp | https://mtdlhxbwblrxtzsdjlav.supabase.co/storage/v1/object/public/perfume-images/87dcf360-4795-4827-b6b0-6892dd619fda/td32paca0hh-personal-chemistry-grounded-whisper.webp","https://s.shopee.co.id/6L1djPTJA2","laboratori-semplice-osmanthus | reboura-flora-notes | hindsight-beauquet | make-it-mango-glace | hmns-eos-hyper-nova","Personal Chemistry Grounded Whisper memadukan nuansa green creamy dan floral lembut, menciptakan aroma tenang dan segar untuk sore santai atau momen refleksi.","https://cariparfum.com/parfum/personal-chemistry-grounded-whisper","","2026-10-06T13:25:37.008Z"
"Personal Chemistry","Memo","Eau de Parfum","659000","IDR","InStock","Patchouli | Vetiver | Orcanox | Moss","Moroccan Orange | Vanilla | Cashmere | Benzoin | Cistus","Bergamot | Coriander | Cypress","Woody | Woody Lumut","Hangat | Earthy","Masculine","","Sore | Malam | ️ Dingin | ️ Hujan","https://mtdlhxbwblrxtzsdjlav.supabase.co/storage/v1/object/public/perfume-images/9f86cb54-46ff-478c-9f5d-039eba6d0cbd/td32pdj1oe3-personal-chemistry-memo.webp | https://mtdlhxbwblrxtzsdjlav.supabase.co/storage/v1/object/public/perfume-images/9f86cb54-46ff-478c-9f5d-039eba6d0cbd/td32pe3zjee-personal-chemistry-memo.webp","https://s.shopee.co.id/4LGZLmMiWW","layr-kyoto-jazz | honino-romeo-roses | sonder-scents-255 | house-of-medici-shakespeare-elegiac | honor-perfume-husk","Personal Chemistry Memo adalah parfum EDP dengan aroma woody-earthy dan sentuhan hangat vanilla, sempurna untuk suasana sejuk dan after-rain vibes.","https://cariparfum.com/parfum/personal-chemistry-memo","","2026-10-06T13:26:37.182Z"
"Personal Chemistry","NO ORDINARY DAYS","Eau de Parfum","659000","IDR","InStock","Violet Leaf | Clary Sage","Tea Leaf | Jasmine Sambac | Geranium","White Musk | Rain Accord","Akuatik | Hijau Segar","Menyegarkan | Bersih | Menenangkan","Masculine","","Pagi | ️ Siang | Sore | ️ Panas | ️ Hujan","https://mtdlhxbwblrxtzsdjlav.supabase.co/storage/v1/object/public/perfume-images/4aadc4ac-9f8f-4730-b375-617714ae4cc1/td32p6rxtrc-personal-chemistry-no-ordinary-days.webp | https://mtdlhxbwblrxtzsdjlav.supabase.co/storage/v1/object/public/perfume-images/4aadc4ac-9f8f-4730-b375-617714ae4cc1/td32p7zp997-personal-chemistry-no-ordinary-days.webp","https://s.shopee.co.id/2LVUy2kJZC","laboratori-semplice-violet-leaf | argve-ardour | alt-perfumery-pina-colada-in-havana | hindsight-sol-de-bali | scentalgia-fragrance-page-11","Personal Chemistry NO ORDINARY DAYS adalah parfum EDP dengan nuansa clean dan green, cocok untuk pecinta aroma segar yang ingin tampil effortless setiap hari.","https://cariparfum.com/parfum/personal-chemistry-no-ordinary-days","","2026-10-06T13:25:14.909Z"
"Personal Chemistry","Patina","Eau de Parfum","659000","IDR","InStock","Peach | Violet Leaf","Orange Blossom | Rose | Tuberose","Sandalwood | Suede | Cashmeran | Musk","Woody | Floral","Sensual | Nyaman","Masculine","","Sore | Malam | ️ Dingin | ️ Hujan","https://mtdlhxbwblrxtzsdjlav.supabase.co/storage/v1/object/public/perfume-images/6f9429d3-9ce3-4b5f-b783-bd7ddc4218b7/td32p41b15n-personal-chemistry-patina.webp | https://mtdlhxbwblrxtzsdjlav.supabase.co/storage/v1/object/public/perfume-images/6f9429d3-9ce3-4b5f-b783-bd7ddc4218b7/td32p59wvo4-personal-chemistry-patina.webp","https://s.shopee.co.id/6L1djVdSsb","loco-scent-red-rhapsody | honino-romeo-roses | de-antoine-secret-de-tilia | de-antoine-de-tilia | mykonos-xoxo-rosy","Personal Chemistry Patina adalah EDP floral woody yang memadukan sensasi suede lembut, sandalwood creamy, dan peach manis, cocok untuk malam santai di ruangan.","https://cariparfum.com/parfum/personal-chemistry-patina","","2026-10-06T13:25:29.359Z"
"Personal Chemistry","UNSPOKEN","Eau de Parfum","659000","IDR","InStock","Plum | Pink Pepper | Cardamom","Damask Rose | Elemi | Incense","Patchouli | Guaiacwood | Cypriol","Woody | Amber","Hangat | Misterius | Tegas","Masculine","","Sore | Malam | ️ Dingin | ️ Hujan","https://mtdlhxbwblrxtzsdjlav.supabase.co/storage/v1/object/public/perfume-images/c03a5af1-c3dd-45f6-9752-e67bcafff3ad/td32pbvpg2m-personal-chemistry-unspoken.webp | https://mtdlhxbwblrxtzsdjlav.supabase.co/storage/v1/object/public/perfume-images/c03a5af1-c3dd-45f6-9752-e67bcafff3ad/td32pcjfsw4-personal-chemistry-unspoken.webp","https://s.shopee.co.id/7AakixCjrc","loco-scent-red-rhapsody | house-of-medici-devil-in-a-new-dress | mykonos-xoxo-rosy | mykonos-sparkling-rose | honino-romeo-roses","Personal Chemistry UNSPOKEN adalah EDP beraroma plum, mawar, dan patchouli dengan nuansa smoky-woody yang misterius. Cocok untuk malam spesial di kota.","https://cariparfum.com/parfum/personal-chemistry-unspoken","","2026-10-06T13:25:29.688Z"
"Personal Chemistry","Velvet Kiss","Eau de Parfum","659000","IDR","InStock","Raspberry | Tangerine | Pink Davana","Orange Blossom | Violet | Damask Rose | Cyclamen","Cedarwood | Cashmeran | Orris","Floral | Powdery","Elegan | Nyaman","Masculine","","Sore | Malam | ️ Dingin | ️ Hujan","https://mtdlhxbwblrxtzsdjlav.supabase.co/storage/v1/object/public/perfume-images/87e6b7df-ded0-4710-8ddd-df439782e4af/td32pfvkh4k-personal-chemistry-velvet-kiss.webp | https://mtdlhxbwblrxtzsdjlav.supabase.co/storage/v1/object/public/perfume-images/87e6b7df-ded0-4710-8ddd-df439782e4af/td32pgos3ck-personal-chemistry-velvet-kiss.webp","https://s.shopee.co.id/8ATHuoCJE3","mykonos-baby-love | loco-scent-red-rhapsody | world-of-make-scents-ermis-solid-perfume | maison-garnet-alhambra-rose | mykonos-xoxo-rosy","Personal Chemistry Velvet Kiss adalah parfum EDP buah-floral lembut dengan sentuhan powdery, cocok untuk sore hingga malam dan suasana santai nan elegan.","https://cariparfum.com/parfum/personal-chemistry-velvet-kiss","","2026-10-06T13:25:35.812Z"
"Project 1945","Arumanis","Extrait de Parfum","345000","IDR","InStock","Mandarin | Pistachio | Orange | Apple","Chocolate | Heliotrope | Muguet","Cedarwood | Sandalwood | Vanilla | Musky","Gourmand | Woody","Nyaman | Hangat","Masculine","","Malam | ️ Dingin","https://mtdlhxbwblrxtzsdjlav.supabase.co/storage/v1/object/public/perfume-images/c7a24b31-25a6-47cf-8f71-482c2125cae6/t8awqcyuw7s-project-1945-arumanis.webp | https://mtdlhxbwblrxtzsdjlav.supabase.co/storage/v1/object/public/perfume-images/c7a24b31-25a6-47cf-8f71-482c2125cae6/t8awqdgsj3m-project-1945-arumanis.webp","https://s.shopee.co.id/7KqpKnTv37","layr-velvet-dream | gioia-fragrances-siena | mandalika-only-the-brave | world-of-make-scents-kiko-crumbs-solid-perfume | honino-romeo-roses","Project 1945 Arumanis adalah parfum gourmand woody dengan sentuhan apel dan vanila, cocok untuk malam santai di cuaca sejuk dan suasana hangat.","https://cariparfum.com/parfum/project-1945-arumanis","","2026-10-06T13:25:47.189Z"
"Project 1945","Bamboe Roencing","Extrait de Parfum","345000","IDR","InStock","Bergamot | Galbanum | Peach | Marine Note","Jasmine | Osmanthus | Rose | Ylang-Ylang","Cedarwood | Honey | Musky","Akuatik | Floral","Menyegarkan | Bersih","Masculine","","Pagi | ️ Siang | Sore | ️ Panas | ️ Hujan","https://mtdlhxbwblrxtzsdjlav.supabase.co/storage/v1/object/public/perfume-images/91496345-9820-4fb9-b51d-7cabb6c2d44d/t8awpcd0zkm-project-1945-bamboe-roencing.webp | https://mtdlhxbwblrxtzsdjlav.supabase.co/storage/v1/object/public/perfume-images/91496345-9820-4fb9-b51d-7cabb6c2d44d/t8awpco2xod-project-1945-bamboe-roencing.webp","https://s.shopee.co.id/4fq49jjPt5","honino-romeo-roses | scent-of-jarte-by-the-garden | evesol-jinggala | nevernot-ubud-sanctuary | loco-scent-red-rhapsody","Project 1945 Bamboe Roencing membawa aroma segar laut dan hijau yang berpadu floral lembut, cocok untuk suasana santai maupun aktivitas harian di iklim tropis.","https://cariparfum.com/parfum/project-1945-bamboe-roencing","","2026-10-06T13:26:27.323Z"
"Project 1945","Fields of Ubud","Eau de Parfum","211000","IDR","InStock","Bergamot | Buchu Leaf | Elemi | Ambrette Seed","Sea Salt | Lavender | Dried Fruit | Sage","Vetiver Java | Sandalwood | Oakmoss","Hijau Segar | Woody","Menenangkan | Earthy","Masculine","","Pagi | ️ Siang | Sore | ️ Panas | ️ Hujan","https://mtdlhxbwblrxtzsdjlav.supabase.co/storage/v1/object/public/perfume-images/2b8f3cd2-a18c-4997-9724-595a6a403d36/t8awob5t2m2-project-1945-fields-of-ubud.webp | https://mtdlhxbwblrxtzsdjlav.supabase.co/storage/v1/object/public/perfume-images/2b8f3cd2-a18c-4997-9724-595a6a403d36/t8awocflb5w-project-1945-fields-of-ubud.webp","https://s.shopee.co.id/3B1GMy1lfN","saka-perfumery-etherwave | afternotes-pomelo | house-of-dappers-9-to-5 | scentalgia-fragrance-the-starry-night-nocturne | zataru-topaz","Project 1945 Fields of Ubud adalah parfum EdP berkarakter fresh green-woody, menawarkan nuansa alami dan menenangkan yang cocok untuk cuaca panas Indonesia.","https://cariparfum.com/parfum/project-1945-fields-of-ubud","","2026-10-06T13:26:21.740Z"
"Project 1945","Heiress of Minahasa","Eau de Parfum","345000","IDR","InStock","Bergamot | Rhubarb | Mandarin | Pepper","Patchouli | Rose | Incense | Cashmere Wood","Sandalwood | Musky | Benzoin | Vetiver","Woody | Amber","Hangat | Misterius","Masculine","","Sore | Malam | ️ Dingin | ️ Hujan","https://mtdlhxbwblrxtzsdjlav.supabase.co/storage/v1/object/public/perfume-images/8fcc15ad-5d72-4233-b288-49deaf61c424/t8awqjm4vkk-project-1945-heiress-of-minahasa.webp | https://mtdlhxbwblrxtzsdjlav.supabase.co/storage/v1/object/public/perfume-images/8fcc15ad-5d72-4233-b288-49deaf61c424/t8awqj6nsvg-project-1945-heiress-of-minahasa.webp","https://s.shopee.co.id/5fibLdPlOi","honino-romeo-roses | loco-scent-red-rhapsody | byfrags-pleasure-of-jo | elvicto-las-vegas | loco-scent-smoke-on-top","Project 1945 Heiress of Minahasa menghadirkan aroma citrus segar yang berpadu dengan kayu dan incense, menciptakan kesan hangat serta misterius untuk malam.","https://cariparfum.com/parfum/project-1945-heiress-of-minahasa","","2026-10-06T13:25:59.198Z"
"Project 1945","Princess of Java","Eau de Parfum","325000","IDR","InStock","Green Pear | Peach | Bitter Orange","Orange Blossom | Jasmine | Neroli | Tuberose","Amber | Sandalwood | Vanilla | Musk","Floral | Amber","Sensual | Hangat | Playful","Masculine","","Sore | Malam | ️ Dingin | ️ Hujan","https://mtdlhxbwblrxtzsdjlav.supabase.co/storage/v1/object/public/perfume-images/91be4e6a-a194-4453-b2b3-f63085a7b581/t8awqfj6g09-project-1945-princess-of-java.webp | https://mtdlhxbwblrxtzsdjlav.supabase.co/storage/v1/object/public/perfume-images/91be4e6a-a194-4453-b2b3-f63085a7b581/t8awqh4kz0x-project-1945-princess-of-java.webp","https://s.shopee.co.id/9pYAJBGmjL","honino-romeo-roses | layr-midnight-haze | atsiri-kembang-setaman-jasmine | atsiri-kembang-setaman-tuberose | reboura-living-montage","Project 1945 Princess of Java membawa nuansa bunga putih creamy dan buah segar yang elegan, dilapisi vanilla hangat, cocok untuk momen sore hingga malam.","https://cariparfum.com/parfum/project-1945-princess-of-java","","2026-10-06T13:25:12.941Z"
"Project 1945","Samosir","Eau de Parfum","375000","IDR","InStock","Bergamot | Green Note","Honey | Green Tea | Jasmine | Honeysuckle","Ciste Labdanum | Musk","Hijau Segar | Floral","Menenangkan | Menyegarkan","Masculine","","Pagi | ️ Siang | Sore | ️ Panas | ️ Hujan","https://mtdlhxbwblrxtzsdjlav.supabase.co/storage/v1/object/public/perfume-images/a5e78e02-75cc-4bb5-b94f-df435727903e/t8awq9zyjd5-project-1945-samosir-perfume.webp | https://mtdlhxbwblrxtzsdjlav.supabase.co/storage/v1/object/public/perfume-images/a5e78e02-75cc-4bb5-b94f-df435727903e/t8awqaceyrr-project-1945-samosir-perfume.webp","https://s.shopee.co.id/BNenUdk1w","sianc-iltsb | honino-romeo-roses | project-1945-bamboe-roencing | reboura-majestic-night | reboura-flora-notes","Project 1945 Samosir adalah parfum green floral dengan sentuhan honey dan musk, menghadirkan kesegaran alami yang tenang dan cocok untuk aktivitas harian.","https://cariparfum.com/parfum/project-1945-samosir","","2026-10-06T13:25:06.832Z"
"Project 1945","Sunset in Sumba","Eau de Parfum","325000","IDR","InStock","Mandarin Orange | Red Apple | Elemi | Cardamom","Clove | Lavender | Incense","Vanilla | Patchouli","Amber | Fruity","Hangat | Nyaman | Misterius","Masculine","","Sore | Malam | ️ Dingin","https://mtdlhxbwblrxtzsdjlav.supabase.co/storage/v1/object/public/perfume-images/c59fdae4-206e-40c0-afc4-bc073848ff7e/t8awqlgod46-project-1945-sunset-in-sumba.webp | https://mtdlhxbwblrxtzsdjlav.supabase.co/storage/v1/object/public/perfume-images/c59fdae4-206e-40c0-afc4-bc073848ff7e/t8awqmf9rk6-project-1945-sunset-in-sumba.webp","https://s.shopee.co.id/1Vt2O38fcx","personal-chemistry-unspoken | mandalika-day | sonder-scents-255 | honor-perfume-crimson | fragrance-by-petals-elysian-bloom","Project 1945 Sunset in Sumba menghadirkan aroma fruity-spicy yang hangat dan cozy, berpadu vanilla dan patchouli, pas untuk sore hingga malam di iklim tropis.","https://cariparfum.com/parfum/project-1945-sunset-in-sumba","","2026-10-06T13:25:25.564Z"
"Project 1945","Symphony of Borobudur","Eau de Parfum","345000","IDR","InStock","Fig | Mandarin | Tuberose","Sandalwood | Violet | Incense | Milk","Vanilla | Musky | Benzoin | Tonka Bean","Amber | Floral Lembut","Hangat | Nyaman","Masculine","","Sore | Malam | ️ Dingin | ️ Hujan","https://mtdlhxbwblrxtzsdjlav.supabase.co/storage/v1/object/public/perfume-images/7916f4f7-1e1a-4a83-8967-2d742c5eb49b/t8awp97hhfp-project-1945-symphony-of-borobudur.webp | https://mtdlhxbwblrxtzsdjlav.supabase.co/storage/v1/object/public/perfume-images/7916f4f7-1e1a-4a83-8967-2d742c5eb49b/t8awpa1hh84-project-1945-symphony-of-borobudur.webp","https://s.shopee.co.id/5VPB9JDfhC","byfrags-pleasure-of-jo | gioia-fragrances-siena | world-of-make-scents-kiko-crumbs-solid-perfume | world-of-make-scents-ermis-solid-perfume | honino-romeo-roses","Project 1945 Symphony of Borobudur mengajakmu menikmati aroma creamy, woody, dan manis lembut yang hangat, cocok untuk malam santai dan momen intim.","https://cariparfum.com/parfum/project-1945-symphony-of-borobudur","","2026-10-06T13:25:58.517Z"
"Project 1945","The Great Batavia","Extrait de Parfum","345000","IDR","InStock","Spearmint | Lemon | Watermelon | Apple","Lavender | Elemi | Indonesian Clove | Geranium","Vanilla | Tonka Bean | Moss | Patchouli Indonesia","Fruity | Amber","Menyegarkan | Hangat","Masculine","","Sore | Malam | ️ Panas | ️ Dingin","https://mtdlhxbwblrxtzsdjlav.supabase.co/storage/v1/object/public/perfume-images/c237406a-8332-49bc-b19a-c3aca1bcb834/t8awp45fzem-project-1945-the-great-batavia.webp | https://mtdlhxbwblrxtzsdjlav.supabase.co/storage/v1/object/public/perfume-images/c237406a-8332-49bc-b19a-c3aca1bcb834/t8awp5p6tnr-project-1945-the-great-batavia.webp","https://s.shopee.co.id/7pn5vWoShQ","honor-perfume-crimson | mykonos-moroccan-vanilla | de-antoine-emperor-s-spice | compounded-by-london | merah-poetih-rayuan-pulau-kelapa","Project 1945 The Great Batavia menggabungkan segarnya buah dan mint dengan hangatnya rempah Indonesia, memberi pengalaman aroma yang unik dan menggoda.","https://cariparfum.com/parfum/project-1945-the-great-batavia","","2026-10-06T13:25:30.907Z"
"Project 1945","Velvet Toraja","Extrait de Parfum","345000","IDR","InStock","Pear | Mandarin | Lime","Jasmine | Coffee | Fig Tree","Amber | Vanilla | Patchouli","Gourmand | Amber","Hangat | Nyaman | Mewah","Masculine","","Sore | Malam | ️ Dingin | ️ Hujan","https://mtdlhxbwblrxtzsdjlav.supabase.co/storage/v1/object/public/perfume-images/542bb40a-e1a7-4bd3-bcbd-7aa71b1a00c3/t8awp7zdj4z-project-1945-velvet-toraja.webp | https://mtdlhxbwblrxtzsdjlav.supabase.co/storage/v1/object/public/perfume-images/542bb40a-e1a7-4bd3-bcbd-7aa71b1a00c3/t8awp7ojg6n-project-1945-velvet-toraja.webp","https://s.shopee.co.id/6puYjncF4C","honino-romeo-roses | mykonos-black-opera | reboura-living-montage | mandalika-forbidden-temptation | ouru-warm-whiskey","Project 1945 Velvet Toraja menghadirkan aroma kopi, buah segar, dan vanila yang hangat, cocok untuk malam santai dan momen intim di udara sejuk.","https://cariparfum.com/parfum/project-1945-velvet-toraja","","2026-10-06T13:25:40.922Z"
"Project 1945","Waters of Maluku","Eau de Parfum","227000","IDR","InStock","Green Tea | Grapefruit | Carrot","Lotus | Cinnamon | Peony","Clove | Incense | Cistus | Musk","Hijau Segar | Floral","Menyegarkan | Menenangkan | Bersih","Masculine","","Pagi | ️ Siang | Sore | ️ Panas | ️ Hujan","https://mtdlhxbwblrxtzsdjlav.supabase.co/storage/v1/object/public/perfume-images/17982774-8377-4174-8793-5643b7049862/t8awp1vfrik-project-1945-waters-of-maluku.webp | https://mtdlhxbwblrxtzsdjlav.supabase.co/storage/v1/object/public/perfume-images/17982774-8377-4174-8793-5643b7049862/t8awp2c3ytw-project-1945-waters-of-maluku.webp","https://s.shopee.co.id/806W7sIR6n","layr-rose-damour | reboura-majestic-night | de-antoine-golden-mirage | speaks-to-me-girl-friends-forever | honino-romeo-roses","Project 1945 Waters of Maluku membawa sensasi segar teh hijau, grapefruit, dan bunga lembut dengan sentuhan rempah dan musk yang clean untuk hari-hari tropis.","https://cariparfum.com/parfum/project-1945-waters-of-maluku","","2026-10-06T13:25:59.406Z"
"Readyset","59","Eau de Parfum","179000","IDR","InStock","Rhubarb | Pear | Grapefruit | Gardenia | Winter Jasmine | Water Note","Cinnamon | Peony | Almond | Ylang-Ylang | Orange Flower","Suede | Oakmoss | Patchouli | Cashmere","Floral | Woody","Nyaman | Elegan","Masculine","","Sore | Malam | ️ Hujan | ️ Dingin","https://mtdlhxbwblrxtzsdjlav.supabase.co/storage/v1/object/public/perfume-images/27d829a0-81be-4669-9917-02cfdf4f87d0/t8ax925haph-readyset-59.webp","https://s.shopee.co.id/5VPAXOhsbg","layr-kyoto-jazz | reboura-ellinika-doors | scentalgia-fragrance-raw-morning-09-00am | botanical-essentials-after-hours | mandalika-romantica-exotica","Readyset 59 adalah parfum floral dengan sentuhan suede dan cashmere, memadukan kesegaran buah dan bunga dengan kehangatan woody yang nyaman di kulit.","https://cariparfum.com/parfum/readyset-59","","2026-10-06T13:26:03.830Z"
"Readyset","Adieu!","Eau de Parfum","199000","IDR","InStock","Lily | Guaiac Wood | Agarwood","Cedarwood | Anise","Amber","Woody | Amber","Hangat | Misterius","Masculine","","Sore | Malam | ️ Dingin | ️ Hujan","https://mtdlhxbwblrxtzsdjlav.supabase.co/storage/v1/object/public/perfume-images/9d39882e-0f2d-4b9b-baff-7aff90518176/t8ax9c73kjp-readyset-adieu.webp","https://s.shopee.co.id/1gCRyNHzzl","honino-romeo-roses | gioia-fragrances-jenny | world-of-make-scents-ermis-solid-perfume | layr-velvet-dream | mine-perfumery-toxique-vanille","Readyset Adieu! adalah Eau de Parfum dengan karakter woody-amber yang hangat dan sedikit misterius, cocok untuk malam santai atau momen intim.","https://cariparfum.com/parfum/readyset-adieu","","2026-10-06T13:26:37.138Z"
"Readyset","Brooklyn Flea","Eau de Parfum","179000","IDR","InStock","Violet | Cardamom","Agarwood","Amber | Sandalwood","Woody | Amber","Nyaman | Hangat | Menenangkan","Masculine","","Sore | Malam | ️ Dingin | ️ Hujan","https://mtdlhxbwblrxtzsdjlav.supabase.co/storage/v1/object/public/perfume-images/645bccbe-2cf2-4881-ab65-b9ae8db8142a/t8ax68c5sxe-readyset-brooklyn-flea.webp","https://s.shopee.co.id/3qGwY9wrUG","wonderlust-fragrance-philia | world-of-make-scents-ermis-solid-perfume | layr-kyoto-jazz | loco-scent-red-rhapsody | anamcara-lignara","Readyset Brooklyn Flea menghadirkan aroma woody-amber yang hangat dan sedikit powdery, cocok untuk malam santai dan suasana cozy di ruangan ber-AC.","https://cariparfum.com/parfum/readyset-brooklyn-flea","","2026-10-06T13:24:55.198Z"
"Readyset","Glimpse of","Eau de Parfum","199000","IDR","InStock","Peach | Jasmine | Bitter Orange","Lotus | Poppy | Patchouli | Magnolia","Amber","Floral | Fruity","Nyaman | Playful","Masculine","","Sore | Malam | ️ Panas | ️ Hujan","https://mtdlhxbwblrxtzsdjlav.supabase.co/storage/v1/object/public/perfume-images/9984ab48-9b53-48e7-8ce2-14097f4db64f/t8ax836e20v-readyset-glimpse-of.webp","https://s.shopee.co.id/60LR80vyAw","honino-romeo-roses | elvicto-10-pm | unspoken-timber | nevernot-hello-prune | project-1945-princess-of-java","Readyset Glimpse of adalah Eau de Parfum dengan aroma fruity-floral dan sentuhan amber hangat, cocok untuk sore hingga malam hari di suasana santai.","https://cariparfum.com/parfum/readyset-glimpse-of","","2026-10-06T13:26:12.076Z"
"Readyset","Rayuan Pulau Kelapa","Eau de Parfum","179000","IDR","InStock","Frangipani | Bergamot | Peach | Plum","Mandarin Orange | Celosia","Praline | Coconut","Fruity | Gourmand","Playful | Nyaman","Masculine","","Sore | Malam | ️ Panas | ️ Hujan","https://mtdlhxbwblrxtzsdjlav.supabase.co/storage/v1/object/public/perfume-images/55baa4e3-4110-4833-bf52-b5027fc602cb/t8axe8a6y97-readyset-rayuan-pulau-kelapa.webp","https://s.shopee.co.id/1LZbZQ1hDv","merah-poetih-rayuan-pulau-kelapa | laboratori-semplice-bergamot | laboratori-semplice-peach | mykonos-on-the-rocks | mykonos-paradise","Readyset Rayuan Pulau Kelapa adalah parfum EdP dengan nuansa tropis fruity-coconut, menghadirkan aroma playful dan cozy yang cocok untuk hangout atau santai.","https://cariparfum.com/parfum/readyset-rayuan-pulau-kelapa","","2026-10-06T13:25:24.203Z"
"Readyset","The Witch","Eau de Parfum","199000","IDR","InStock","Orange Blossom | Bergamot | Tarragon","Lilac | Carnation | Rose | Heliotrope | Iris | Orchid","Amber | Honey | Sandalwood | Oakmoss | Tonka Bean | Musk","Floral | Amber","Misterius | Hangat","Masculine","","Sore | Malam | ️ Dingin | ️ Hujan","https://mtdlhxbwblrxtzsdjlav.supabase.co/storage/v1/object/public/perfume-images/3407ba90-a477-4b1e-85f9-4014353d8b14/t8ax99p7tq4-readyset-the-witch.webp","https://s.shopee.co.id/BNeBX83rv","honino-romeo-roses | loco-scent-red-rhapsody | byfrags-pleasure-of-jo | loco-scent-dialogue-ivi | reboura-flora-notes","Readyset The Witch adalah parfum EdP floral-amber dengan sentuhan herbal dan musk, memberikan aura misterius dan hangat yang memikat di sore hingga malam.","https://cariparfum.com/parfum/readyset-the-witch","","2026-10-06T13:26:21.935Z"
"Readyset","The Wizard","Eau de Parfum","199000","IDR","InStock","Bergamot | Juniper Berry","Jasmine","Cedarwood | Patchouli | Tonka Bean | Musk","Woody | Floral","Hangat | Menenangkan","Masculine","","Sore | Malam | ️ Panas | ️ Dingin","https://mtdlhxbwblrxtzsdjlav.supabase.co/storage/v1/object/public/perfume-images/7ac4282b-2dac-4328-bffb-d545a60d7ad7/t8axeajeaec-readyset-the-wizard.webp","https://s.shopee.co.id/6fb7vCGzBE","reboura-noisy-bathroom | world-of-make-scents-ermis-solid-perfume | world-of-make-scents-sugary-solid-perfume | speaks-to-me-slow-sunset | house-of-medici-baldassare-sprezzatura","Readyset The Wizard membawa aroma woody segar dengan sentuhan jasmine dan tonka bean, cocok untuk sore hingga malam hari di iklim tropis Indonesia.","https://cariparfum.com/parfum/readyset-the-wizard","","2026-10-06T13:25:05.107Z"
"Readyset","To: Day","Eau de Parfum","189000","IDR","InStock","Tuberose | Lily of the Valley","Jasmine | Magnolia","Guaiac Wood | White Musk | Tonka Bean","Floral Lembut","Bersih | Elegan","Masculine","","Pagi | ️ Siang | Sore | ️ Panas | ️ Hujan","https://mtdlhxbwblrxtzsdjlav.supabase.co/storage/v1/object/public/perfume-images/f5144978-3635-481c-bc20-216f56de18e8/t8ax7t1v8qo-readyset-to-day.webp","https://s.shopee.co.id/8fMCIvz1dZ","unspoken-timber | layr-midnight-haze | reboura-flora-notes | world-of-make-scents-nostalgic | world-of-make-scents-ermis-solid-perfume","Readyset To: Day adalah parfum floral modern bernuansa tuberose dan musk, menciptakan kesan bersih, lembut, dan feminin untuk suasana sehari-hari.","https://cariparfum.com/parfum/readyset-to-day","","2026-10-06T13:26:09.846Z"
"Readyset","To: Year","Eau de Parfum","189000","IDR","InStock","Orange Blossom","African Orange Flower | Jasmine | Honeysuckle","Honey","Floral | Gourmand","Hangat | Nyaman","Masculine","","Sore | Malam | ️ Panas | ️ Hujan","https://mtdlhxbwblrxtzsdjlav.supabase.co/storage/v1/object/public/perfume-images/ef2a403f-78ab-4781-af31-b474806675ef/t8ax942kqdo-readyset-to-year.webp","https://s.shopee.co.id/gJumMHnGA","laboratori-semplice-jasmine | mykonos-memoir-of-meri | mykonos-black-opera | project-1945-samosir | aamodini-kanthi-arum","Readyset To: Year adalah Eau de Parfum floral manis dengan sentuhan madu yang lembut, cocok untuk kamu yang ingin tampil hangat dan menyenangkan sepanjang hari.","https://cariparfum.com/parfum/readyset-to-year","","2026-10-06T13:25:38.773Z"
"Readyset","UNTITLED","Eau de Parfum","199000","IDR","InStock","Bergamot | Honey","Orange Blossom | Pear | Peach | Raspberry","Cashmere | Milk | Tonka Bean","Fruity | Gourmand","Playful | Nyaman","Masculine","","Sore | Malam | ️ Dingin | ️ Hujan","https://mtdlhxbwblrxtzsdjlav.supabase.co/storage/v1/object/public/perfume-images/97e9a928-5b97-49cd-990d-ba7a9abb90e6/t8ax7zhm84e-readyset-untitled.webp","https://s.shopee.co.id/3LKfxIfPeq","honino-shower-song | layr-kyoto-jazz | die-without-smell-you-name-it | readyset-the-witch | hindsight-muskmallow","Readyset UNTITLED adalah parfum fruity gourmand dengan sentuhan creamy dan cashmere, menciptakan aroma playful yang lembut dan cozy untuk sore hingga malam.","https://cariparfum.com/parfum/readyset-untitled","","2026-10-06T13:25:34.353Z"
"Readyset","Wake Up!","Eau de Parfum","199000","IDR","InStock","Powder | Iris","Water Lily | Cyclamen","Ambrette | Rose | Musk","Powdery | Floral Lembut","Elegan | Ringan","Masculine","","Pagi | ️ Siang | Sore | ️ Panas | ️ Hujan","https://mtdlhxbwblrxtzsdjlav.supabase.co/storage/v1/object/public/perfume-images/08537af6-c26b-458b-afb8-b5dd8c9cf1fe/t8ax96npale-readyset-wake-up.webp","https://s.shopee.co.id/2B8iZ3mtei","honino-romeo-roses | loco-scent-red-rhapsody | mykonos-xoxo-rosy | mykonos-baby-love | amthra-you-drive-me-nutty","Readyset Wake Up! adalah parfum EdP airy dan powdery yang lembut, clean, dan elegan, cocok untuk hari-hari cerah di pagi hingga sore yang aktif.","https://cariparfum.com/parfum/readyset-wake-up","","2026-10-06T13:25:03.524Z"
"Readyset","Windrises","Eau de Parfum","173000","IDR","InStock","Aldehyde | Lily of the Valley","Violet | Neroli | Iris","Wood | Musk","Floral Lembut | Woody","Bersih | Elegan","Masculine","","Pagi | ️ Siang | Sore | ️ Panas | ️ Hujan","https://mtdlhxbwblrxtzsdjlav.supabase.co/storage/v1/object/public/perfume-images/130d67b7-82f1-47eb-a1ff-dc63964059b4/t8ax81tuuny-readyset-windrises.webp","https://s.shopee.co.id/AUnqUOLmqI","honino-romeo-roses | mykonos-baby-love | world-of-make-scents-ermis-solid-perfume | de-antoine-homme-fatale | periodic-01-ivy","Readyset Windrises adalah parfum EdP floral-musky yang segar, cocok untuk kamu yang suka kesan clean, elegan, dan effortless sepanjang hari.","https://cariparfum.com/parfum/readyset-windrises","","2026-10-06T13:26:20.130Z"
"Readyset","Yokshire","Eau de Parfum","198000","IDR","InStock","Balsam | Almond | Freesia","Poppy | Peony | Tuberose | Iris","Vanilla Bean | Tonka Bean","Floral | Gourmand","Nyaman | Hangat","Masculine","","Sore | Malam | ️ Dingin | ️ Hujan","https://mtdlhxbwblrxtzsdjlav.supabase.co/storage/v1/object/public/perfume-images/7691f156-90bc-4648-940d-de22a2793d54/t8ax6aay5ez-readyset-yokshire.webp","https://s.shopee.co.id/BNeBKi2fB","scuse-me-bella-donna | amthra-you-drive-me-nutty | botanical-essentials-in-the-clouds | mykonos-verve | die-without-smell-you-name-it","Readyset Yokshire adalah parfum floral-gourmand yang lembut, menggabungkan aroma iris, tuberose, almond, dan vanilla untuk suasana hangat dan elegan.","https://cariparfum.com/parfum/readyset-yokshire","","2026-10-06T13:26:07.202Z"
"REBOURA","Bibliosmia","Eau de Parfum","240000","IDR","InStock","Forest Fruits | Plum | Neroli | Cardamom","Frangipani | Vanilla | Mate | Geranium","Amber | Sandalwood | Patchouli | Cashmeran","Amber | Fruity","Hangat | Sensual | Nyaman","Masculine","","Sore | Malam | ️ Dingin | ️ Hujan","https://mtdlhxbwblrxtzsdjlav.supabase.co/storage/v1/object/public/perfume-images/66352ec0-9175-422f-89b6-0e1d66106a68/td8kjw6jghu-reboura-bibliosmia.webp | https://mtdlhxbwblrxtzsdjlav.supabase.co/storage/v1/object/public/perfume-images/66352ec0-9175-422f-89b6-0e1d66106a68/td8kjw4095j-reboura-bibliosmia.webp","https://s.shopee.co.id/8Kmi57MIu8","compounded-by-ethan | honino-romeo-roses | scentalgia-fragrance-tennessee-road-65 | layr-kyoto-jazz | sonder-scents-255","REBOURA Bibliosmia membawa nuansa hangat dan creamy, seperti duduk di perpustakaan tua saat hujan reda, dengan sentuhan buah gelap dan kayu lembut.","https://cariparfum.com/parfum/reboura-bibliosmia","","2026-10-06T13:25:39.585Z"
"REBOURA","Ellinika Doors","Eau de Parfum","240000","IDR","InStock","Pear | Strawberry | Raspberry | Grapefruit","Lily | Rose | Freesia","Amber | Rhubarb | Musk","Floral | Fruity","Menyegarkan | Playful","Masculine","","️ Siang | Sore | ️ Panas | ️ Hujan","https://mtdlhxbwblrxtzsdjlav.supabase.co/storage/v1/object/public/perfume-images/806becea-9f86-4fe8-b3f9-ea95884c7dd5/td8kjq5iv3r-reboura-ellinika-doors.webp | https://mtdlhxbwblrxtzsdjlav.supabase.co/storage/v1/object/public/perfume-images/806becea-9f86-4fe8-b3f9-ea95884c7dd5/td8kjqg6l6j-reboura-ellinika-doors.webp","https://s.shopee.co.id/AAEMGWnN2n","honino-romeo-roses | loco-scent-red-rhapsody | die-without-smell-you-name-it | mykonos-xoxo-rosy | alt-perfumery-uptown","REBOURA Ellinika Doors adalah parfum fruity-floral yang playful dengan sentuhan musk dan amber, pas untuk suasana santai dan hangout di sore hari.","https://cariparfum.com/parfum/reboura-ellinika-doors","","2026-10-06T13:25:55.971Z"
"REBOURA","Flora Notes","Eau de Parfum","240000","IDR","InStock","Bergamot | Lilac | Linden Blossom | Lily of the Valley","Carnation | Jasmine | Nutmeg | Tuberose | Ylang-Ylang","Sandalwood | Cloves | Vanilla | Iris | Musk","Floral | Floral Lembut","Nyaman | Elegan","Masculine","","Sore | Malam | ️ Hujan | ️ Dingin","https://mtdlhxbwblrxtzsdjlav.supabase.co/storage/v1/object/public/perfume-images/54b34b53-bc3d-4e9c-812e-1492a64fec7b/td8kjtydijb-reboura-flora-notes.webp | https://mtdlhxbwblrxtzsdjlav.supabase.co/storage/v1/object/public/perfume-images/54b34b53-bc3d-4e9c-812e-1492a64fec7b/td8kjvio9jl-reboura-flora-notes.webp","https://s.shopee.co.id/8ATHsrm7ns","honino-romeo-roses | layr-kyoto-jazz | evesol-jinggala | layr-midnight-haze | scent-of-jarte-by-the-garden","REBOURA Flora Notes adalah parfum EDP floral creamy dengan sentuhan sandalwood, musk, dan vanilla yang lembut, cocok untuk suasana hangat, intim, dan elegan.","https://cariparfum.com/parfum/reboura-flora-notes","","2026-10-06T13:25:19.794Z"
"REBOURA","Living Montage","Eau de Parfum","240000","IDR","InStock","Orange Blossom | Wild Berries | Lime | Tangerine","Pear | Jasmine | Caramel","Amber | Madagascar Vanilla | Licorice | Musk","Gourmand | Fruity","Hangat | Playful | Nyaman","Masculine","","Sore | Malam | ️ Dingin | ️ Hujan","https://mtdlhxbwblrxtzsdjlav.supabase.co/storage/v1/object/public/perfume-images/ee440025-8180-435c-9029-14a2e2d280a1/td8kjzzw065-reboura-living-montage.webp | https://mtdlhxbwblrxtzsdjlav.supabase.co/storage/v1/object/public/perfume-images/ee440025-8180-435c-9029-14a2e2d280a1/td8kjz9z471-reboura-living-montage.webp","https://s.shopee.co.id/4ftPiOkEte","honino-romeo-roses | mandalika-irresistible | mykonos-black-opera | hint-cherise | scent-of-jarte-blank-space","REBOURA Living Montage adalah parfum gourmand fruity-amber dengan aroma manis buah dan vanilla, cocok untuk malam hangout santai atau momen spesial yang intim.","https://cariparfum.com/parfum/reboura-living-montage","","2026-10-06T13:26:01.243Z"
"REBOURA","Majestic Night","Eau de Parfum","259000","IDR","InStock","Apricot | Bergamot | Lavender","Cinnamon | Jasmine | Clove | Lily of the Valley","Amber | Patchouli | Musk","Floral | Amber","Hangat | Misterius | Nyaman","Masculine","","Sore | Malam | ️ Dingin | ️ Hujan","https://mtdlhxbwblrxtzsdjlav.supabase.co/storage/v1/object/public/perfume-images/df3e519a-3ea9-4c39-a56b-2eec964808e1/td8kk08i2re-reboura-majestic-night.webp | https://mtdlhxbwblrxtzsdjlav.supabase.co/storage/v1/object/public/perfume-images/df3e519a-3ea9-4c39-a56b-2eec964808e1/td8kk1czbjf-reboura-majestic-night.webp","https://s.shopee.co.id/2g8LKosWUC","honino-romeo-roses | sonder-scents-255 | argve-ardour | layr-second-skin | atsiri-1941","REBOURA Majestic Night memadukan aroma lavender, apricot, dan amber, menciptakan sensasi hangat dan sedikit misterius untuk malam tropis yang penuh cerita.","https://cariparfum.com/parfum/reboura-majestic-night","","2026-10-06T13:24:44.726Z"
"REBOURA","Noisy Bathroom","Eau de Parfum","147000","IDR","InStock","Amalfi Lemon | Pineapple | Fennel | Star Anise","Jasmine | Cotton Flower | Patchouli | Virginia Cedar","Ambergris | Tonka Bean | Musk","Floral Lembut | Sitrus Segar","Playful | Bersih","Masculine","","Pagi | ️ Siang | Sore | ️ Panas | ️ Hujan","https://mtdlhxbwblrxtzsdjlav.supabase.co/storage/v1/object/public/perfume-images/a33e69c4-8d59-4d39-85ab-538a079a8971/td8kjmwk5zl-reboura-noisy-bathroom.webp | https://mtdlhxbwblrxtzsdjlav.supabase.co/storage/v1/object/public/perfume-images/a33e69c4-8d59-4d39-85ab-538a079a8971/td8kjnh9rew-reboura-noisy-bathroom.webp","https://s.shopee.co.id/902OsDRGAT","house-of-medici-baldassare-sprezzatura | honino-romeo-roses | honor-perfume-royce | sarcasm-fragrance-sigma | readyset-the-wizard","REBOURA Noisy Bathroom adalah EDP unik dengan nuansa citrus-herbal yang bersih dan airy, berubah jadi musky lembut yang bikin penasaran sepanjang hari.","https://cariparfum.com/parfum/reboura-noisy-bathroom","","2026-10-06T13:26:11.206Z"
"REBOURA","Tea Esencia","Eau de Parfum","230000","IDR","InStock","Bergamot | Tea | Lemon Leaf","Tea | Neroli | Yuzu | Mint","Ambrette | Birch | Musk","Hijau Segar | Sitrus Segar","Menyegarkan | Menenangkan","Masculine","","Pagi | ️ Siang | Sore | ️ Panas | ️ Hujan","https://mtdlhxbwblrxtzsdjlav.supabase.co/storage/v1/object/public/perfume-images/ca423ce9-2fc1-4afa-9f63-cacd8e5253e3/td8kjsy8eoi-reboura-tea-esencia.webp | https://mtdlhxbwblrxtzsdjlav.supabase.co/storage/v1/object/public/perfume-images/ca423ce9-2fc1-4afa-9f63-cacd8e5253e3/td8kjsyu9ra-reboura-tea-esencia.webp","https://s.shopee.co.id/8V68HPHXIw","saudade-olfactory-bonsai-we-kept | loco-scent-dialogue-ivi | hint-mintea | sianc-iltsb | hindsight-muskmallow","REBOURA Tea Esencia adalah parfum EDP segar dengan aroma teh, mint, dan musk yang clean serta calming, cocok dipakai di pagi hingga sore hari di iklim tropis.","https://cariparfum.com/parfum/reboura-tea-esencia","","2026-10-06T13:25:39.554Z"
"REBOURA","Visco Garden","Eau de Parfum","147000","IDR","InStock","Bergamot | Lemon | Bitter Orange","Jasmine | Juniper Berry | Rose","Ambergris | Balsam Fir | Musk","Floral | Sitrus Segar","Menyegarkan | Bersih","Masculine","","️ Siang | Sore | ️ Panas | ️ Hujan","https://mtdlhxbwblrxtzsdjlav.supabase.co/storage/v1/object/public/perfume-images/17250d59-ab1e-4c85-b370-4be9c4c4a530/td8kjopjdbu-reboura-visco-garden.webp | https://mtdlhxbwblrxtzsdjlav.supabase.co/storage/v1/object/public/perfume-images/17250d59-ab1e-4c85-b370-4be9c4c4a530/td8kjoaibas-reboura-visco-garden.webp","https://s.shopee.co.id/3LO27pM2SG","honino-romeo-roses | house-of-medici-daybreak-angel | loco-scent-red-rhapsody | sarcasm-fragrance-sigma | mykonos-xoxo-rosy","REBOURA Visco Garden adalah parfum edp yang memadukan citrus segar, floral lembut, dan sentuhan woody-musk, cocok untuk sore santai di iklim tropis Indonesia.","https://cariparfum.com/parfum/reboura-visco-garden","","2026-10-06T13:24:48.522Z"
"Royal Fragrance","ARCTIC BLOOM","Extrait de Parfum","165000","IDR","InStock","Ice Notes | Mint | Sea Notes","Aloe Vera | Freesia | Daisy","Juniper | Vetiver","Akuatik | Hijau Segar","Menyegarkan | Sejuk | Bersih","Masculine","","Pagi | ️ Siang | Sore | ️ Panas | ️ Hujan","https://mtdlhxbwblrxtzsdjlav.supabase.co/storage/v1/object/public/perfume-images/bcfb0660-aca2-432e-aadb-6667a14989e1/t9ff3qmqvsu-royal-fragrance-arctic-bloom.jpg","https://s.shopee.co.id/4LDmxxs6BW","saka-perfumery-etherwave | ataraksia-semilir-bayang-mangata | sianc-11-am | scuse-me-tulips-better-than-one | botanical-essentials-solace","Royal Fragrance ARCTIC BLOOM menghadirkan sensasi segar es, mint, dan floral lembut yang clean dan menyejukkan, cocok untuk hari-hari panas tropis.","https://cariparfum.com/parfum/royal-fragrance-arctic-bloom","","2026-10-06T13:26:30.814Z"
"Royal Fragrance","BLACKOUT","Extrait de Parfum","154000","IDR","InStock","Bergamot | Grapefruit | Orange","Pine Tree | Mint","Tonka Bean","Sitrus Segar | Hijau Segar","Menyegarkan | Sejuk","Masculine","","Sore | Malam | ️ Panas | ️ Hujan","https://mtdlhxbwblrxtzsdjlav.supabase.co/storage/v1/object/public/perfume-images/c75f0c35-a0e6-4de1-b5a9-07157b03181a/t9ff9jpcz1s-royal-fragrance-blackout.webp","https://s.shopee.co.id/7AXyKoTrDy","elvicto-old-money | yn-perfumery-masculine-vintage-tobacco | satellite-of-glow-cielo | sonder-scents-255 | laboratori-semplice-bergamot","Royal Fragrance BLACKOUT adalah parfum citrus-herbal dengan sentuhan tonka bean yang segar dan creamy, cocok untuk sore hingga malam di Indonesia.","https://cariparfum.com/parfum/royal-fragrance-blackout","","2026-10-06T13:26:13.303Z"
"Royal Fragrance","BLOSSOM IN KYOTO","Extrait de Parfum","165000","IDR","InStock","Green Notes | Jasmine","Cedar | Tuberose | Lily of the Valley","Vanilla | Rangoon Creeper | Musk","Floral | Hijau Segar","Bersih | Menenangkan","Masculine","","Pagi | ️ Siang | Sore | ️ Panas | ️ Hujan","https://mtdlhxbwblrxtzsdjlav.supabase.co/storage/v1/object/public/perfume-images/af42cfe0-956a-4e10-9c8a-9759e42e49cd/t9ff3l95tt9-royal-fragrance-blossom-in-kyoto.webp | https://mtdlhxbwblrxtzsdjlav.supabase.co/storage/v1/object/public/perfume-images/af42cfe0-956a-4e10-9c8a-9759e42e49cd/t9ff3n29scd-royal-fragrance-blossom-in-kyoto.webp","https://s.shopee.co.id/5AmtxPdXbX","honino-romeo-roses | layr-midnight-haze | reboura-flora-notes | satellite-of-glow-aura-ubud | scent-of-jarte-blank-space","Royal Fragrance Blossom in Kyoto menghadirkan aroma floral hijau yang clean dan lembut, cocok untuk suasana santai di pagi sampai sore hari di iklim tropis.","https://cariparfum.com/parfum/royal-fragrance-blossom-in-kyoto","","2026-10-06T13:25:25.234Z"
"Royal Fragrance","Blues","Extrait de Parfum","164000","IDR","InStock","Grapefruit | Lemon | Mint","Ginger | Jasmine","Cedar | Patchouli","Sitrus Segar | Woody","Menyegarkan | Bersih","Masculine","","Pagi | ️ Siang | Sore | ️ Panas | ️ Hujan","https://mtdlhxbwblrxtzsdjlav.supabase.co/storage/v1/object/public/perfume-images/3a2170f0-6b8c-4934-bb94-ad94bd50a32b/t9ffa0ipv3z-royal-fragrance-blues.webp","https://s.shopee.co.id/2g5YykjnDU","honor-perfume-denali | loco-scent-into-the-waves | saudade-olfactory-bonsai-we-kept | avalanche-interview-room | mandalika-forbidden-temptation","Royal Fragrance Blues adalah kombinasi segar citrus dan mint dengan dasar woody yang elegan, cocok untuk kamu yang ingin tampil clean dan energik sepanjang.","https://cariparfum.com/parfum/royal-fragrance-blues","","2026-10-06T13:26:08.145Z"
"Royal Fragrance","BREEZE IN CALIFORNIA","Extrait de Parfum","171000","IDR","InStock","Neroli | Blackberry | Clary Sage","Orange Blossom | Nagarmotha | Tuberose","White Woods | Black Vanilla | Musk","Fruity | Floral","Menyegarkan | Hangat","Masculine","","Sore | Malam | ️ Panas | ️ Hujan","https://mtdlhxbwblrxtzsdjlav.supabase.co/storage/v1/object/public/perfume-images/9367f48a-8196-4a46-baad-ade3525a950a/t9ff3vlied6-royal-fragrance-breeze-in-california.webp | https://mtdlhxbwblrxtzsdjlav.supabase.co/storage/v1/object/public/perfume-images/9367f48a-8196-4a46-baad-ade3525a950a/t9ff3wt0afc-royal-fragrance-breeze-in-california.webp","https://s.shopee.co.id/8V3Lvh98D0","honino-romeo-roses | project-1945-princess-of-java | alchemist-onirique | gioia-fragrances-siena | satellite-of-glow-aura-ubud","Royal Fragrance Breeze in California memadukan aroma fruity, floral, dan kayu lembut dengan sentuhan vanilla, menciptakan parfum segar elegan khas sore.","https://cariparfum.com/parfum/royal-fragrance-breeze-in-california","","2026-10-06T13:25:38.168Z"
"Royal Fragrance","Charming","Extrait de Parfum","154000","IDR","InStock","Pear | Bamboo","Lotus | Tea","Oakmoss | Musk","Hijau Segar | Fruity","Menyegarkan | Bersih","Masculine","","Pagi | ️ Siang | Sore | ️ Panas | ️ Hujan","https://mtdlhxbwblrxtzsdjlav.supabase.co/storage/v1/object/public/perfume-images/ad56a7cf-5d26-47e3-b97c-e4d51d0ea0b2/t9ff5tlav6n-royal-fragrance-charming.webp","https://s.shopee.co.id/4LDmxhplMX","reboura-tea-esencia | honino-romeo-roses | laboratori-semplice-pear | vlagio-perfume-matcha | citizens-of-the-world-morning-walk-in-keukenhof","Royal Fragrance Charming adalah parfum fresh green fruity dengan sentuhan musk yang clean, cocok untuk kamu yang suka aroma segar natural sepanjang hari.","https://cariparfum.com/parfum/royal-fragrance-charming","","2026-10-06T13:26:11.138Z"
"Royal Fragrance","Cheerful","Extrait de Parfum","169000","IDR","InStock","Pear | Blackcurrant","Orange Blossom | Jasmine | Iris","Praline | Vanilla","Fruity | Gourmand","Playful | Hangat","Masculine","","Sore | Malam | ️ Dingin | ️ Hujan","https://mtdlhxbwblrxtzsdjlav.supabase.co/storage/v1/object/public/perfume-images/c5e38883-baf4-41ab-b5d0-f23cf69c5bd2/t9ff6rstj15-royal-fragrance-cheerful.webp","https://s.shopee.co.id/2B9INaNe4g","mykonos-verve | sighnil-rose-de-praline | saka-perfumery-oreal | scent-of-jarte-blank-space | mandalika-irresistible","Royal Fragrance Cheerful memadukan kesegaran buah dan floral lembut, dilapis praline-vanilla manis yang playful.","https://cariparfum.com/parfum/royal-fragrance-cheerful","","2026-10-06T13:25:08.969Z"
"Royal Fragrance","Classy","Extrait de Parfum","159000","IDR","InStock","Green Notes | Grapefruit","Bulgarian Rose | Iris","Powdery Notes | Woody Notes","Powdery | Woody","Elegan | Bersih","Masculine","","Pagi | ️ Siang | Sore | ️ Panas | ️ Hujan","https://mtdlhxbwblrxtzsdjlav.supabase.co/storage/v1/object/public/perfume-images/7fa00fb6-a449-4ac8-80ad-c00fdc7a9333/t9ff5p3pjp3-royal-fragrance-classy.webp","https://s.shopee.co.id/4fqdM2ufnV","loco-scent-red-rhapsody | honino-romeo-roses | mykonos-xoxo-rosy | yn-perfumery-rose-in-september | royal-fragrance-master","Royal Fragrance Classy adalah parfum powdery-woody dengan nuansa iris dan rose yang lembut, cocok untuk pecinta aroma elegan dan clean sepanjang hari.","https://cariparfum.com/parfum/royal-fragrance-classy","","2026-10-06T13:25:42.221Z"
"Royal Fragrance","Cool Man","Extrait de Parfum","154000","IDR","InStock","Bergamot | Blackcurrant | Pineapple","Patchouli","Vanilla | Oakmoss","Fruity | Woody","Menyegarkan | Earthy | Hangat","Masculine","","Sore | Malam | ️ Panas | ️ Dingin","https://mtdlhxbwblrxtzsdjlav.supabase.co/storage/v1/object/public/perfume-images/e7227dd0-f0b8-442a-9aa7-b53cc5d44425/t9ff8la9na6-royal-fragrance-cool-man.webp","https://s.shopee.co.id/8pgCJkvkRv","sarcasm-fragrance-sigma | honor-perfume-royce | mandalika-forbidden-temptation | mykonos-verve | layr-kyoto-jazz","Royal Fragrance Cool Man adalah parfum fruity-woody dengan nuansa fresh, patchouli, dan vanilla lembut, cocok untuk pria aktif yang ingin tampil segar.","https://cariparfum.com/parfum/royal-fragrance-cool-man","","2026-10-06T13:26:36.761Z"
"Royal Fragrance","CUTENESS","Extrait de Parfum","154000","IDR","InStock","Rose","Violet","Vanilla","Floral | Powdery","Nyaman | Elegan","Masculine","","Sore | Malam | ️ Dingin | ️ Hujan","https://mtdlhxbwblrxtzsdjlav.supabase.co/storage/v1/object/public/perfume-images/bac914aa-a05a-4f4c-a2f8-fba150272bbe/t9ff9dmgpps-royal-fragrance-cuteness.webp","https://s.shopee.co.id/1qWRz7tmxe","mykonos-moroccan-vanilla | loco-scent-red-rhapsody | honino-romeo-roses | mykonos-baby-love | citizens-of-the-world-cafe-du-monde","Royal Fragrance CUTENESS adalah parfum floral powdery dengan sentuhan vanilla yang cozy, cocok untuk malam santai atau momen rileks penuh kehangatan.","https://cariparfum.com/parfum/royal-fragrance-cuteness","","2026-10-06T13:24:44.311Z"
"Royal Fragrance","Dominance","Extrait de Parfum","154000","IDR","InStock","Grapefruit | Lime","Ginger | Pepper","Woody Notes","Sitrus Segar | Woody","Energik | Tegas","Masculine","","Pagi | ️ Siang | Sore | ️ Panas","https://mtdlhxbwblrxtzsdjlav.supabase.co/storage/v1/object/public/perfume-images/ad664aab-8b4d-4f09-a1d0-0ea4a4b6e814/t9ff9g1ly65-royal-fragrance-dominance.webp","https://s.shopee.co.id/5fjAYEu0iF","aamo-emit-light | botanical-essentials-after-hours | speaks-to-me-madly-deeply-loved | whspr-left-on-read | royal-fragrance-blues","Royal Fragrance Dominance menawarkan sensasi citrus segar dan kayu maskulin yang membangkitkan semangat, cocok untuk pria aktif di pagi hingga sore hari.","https://cariparfum.com/parfum/royal-fragrance-dominance","","2026-10-06T13:25:34.999Z"
"Royal Fragrance","Evening In Venice","Extrait de Parfum","159000","IDR","InStock","Mandarin Orange | Blackcurrant","Orange Blossom | Jasmine | Rose","Vanilla | Patchouli | Musk","Floral | Gourmand","Hangat | Nyaman | Sensual","Masculine","","Sore | Malam | ️ Dingin | ️ Hujan","https://mtdlhxbwblrxtzsdjlav.supabase.co/storage/v1/object/public/perfume-images/250b4d1e-4e56-48cf-89e0-248ff2d6cc35/t9ff4xtpsmr-royal-fragrance-evening-in-venice.webp | https://mtdlhxbwblrxtzsdjlav.supabase.co/storage/v1/object/public/perfume-images/250b4d1e-4e56-48cf-89e0-248ff2d6cc35/t9ff4xo0rxe-royal-fragrance-evening-in-venice.webp","https://s.shopee.co.id/2Vm8mh0utY","honino-romeo-roses | loco-scent-red-rhapsody | loco-scent-mocktail-in-the-garden | mandalika-irresistible | world-of-make-scents-nostalgic","Royal Fragrance Evening In Venice menghadirkan aroma floral fruity yang hangat dan lembut, cocok untuk momen malam santai atau kencan di udara sejuk.","https://cariparfum.com/parfum/royal-fragrance-evening-in-venice","","2026-10-06T13:26:02.038Z"
"Royal Fragrance","Flourish","Extrait de Parfum","154000","IDR","InStock","Mandarin Orange | Pink peony","Apricot | Peach | Damask Rose","White Musk","Floral | Fruity","Menyegarkan | Playful | Bersih","Masculine","","Pagi | ️ Siang | Sore | ️ Panas | ️ Hujan","https://mtdlhxbwblrxtzsdjlav.supabase.co/storage/v1/object/public/perfume-images/44ce61ac-5c69-4696-9860-5149bc3a3734/t9ff4z2bcpl-royal-fragrance-flourish.webp","https://s.shopee.co.id/LheCNknQc","saka-perfumery-tifany | loco-scent-red-rhapsody | yn-perfumery-rose-in-september | compounded-by-fiona | mykonos-xoxo-rosy","Royal Fragrance Flourish menghadirkan aroma floral-fresh dengan sentuhan buah dan musk yang lembut, cocok untuk hari-hari ceria dan aktivitas di cuaca tropis.","https://cariparfum.com/parfum/royal-fragrance-flourish","","2026-10-06T13:25:53.996Z"
"Royal Fragrance","For Kings","Extrait de Parfum","154000","IDR","InStock","Amber | Cinnamon","Vanilla | Leather","Cedar | Woody Notes","Woody | Amber","Hangat | Tegas | Nyaman","Masculine","","Malam | ️ Dingin","https://mtdlhxbwblrxtzsdjlav.supabase.co/storage/v1/object/public/perfume-images/9b1ff356-4b5d-4134-addd-eedddfb15c5b/t9ff6vqf79l-royal-fragrance-for-kings.webp","https://s.shopee.co.id/6pv7wntdjf","honino-romeo-roses | mandalika-24-hours | whspr-ode-to-revenge | ouru-warm-whiskey | the-body-tale-juliette","Royal Fragrance For Kings menghadirkan aroma leather, amber, dan vanilla yang maskulin dan hangat, cocok untuk malam santai atau acara spesial.","https://cariparfum.com/parfum/royal-fragrance-for-kings","","2026-10-06T13:25:34.892Z"
"Royal Fragrance","GORGEOUS","Extrait de Parfum","154000","IDR","InStock","Pear | Cinnamon","Orange Blossom | Jasmine","Vanilla | Coffee | Almond","Gourmand | Floral","Nyaman | Hangat","Masculine","","Malam | ️ Dingin","https://mtdlhxbwblrxtzsdjlav.supabase.co/storage/v1/object/public/perfume-images/45741bf4-e84d-40f5-82d2-a5201187dcf2/t9ff4uz241o-royal-fragrance-gorgeous.webp","https://s.shopee.co.id/7pnf8aQZsr","mykonos-black-opera | mykonos-verve | saka-perfumery-te-anue | reboura-living-montage | wonderlust-fragrance-gunnen","Royal Fragrance GORGEOUS menghadirkan aroma gourmand hangat yang manis dan cozy, perpaduan vanilla, almond, dan kopi, pas untuk malam santai di suasana intim.","https://cariparfum.com/parfum/royal-fragrance-gorgeous","","2026-10-06T13:26:23.250Z"
"Royal Fragrance","History","Extrait de Parfum","154000","IDR","InStock","Bergamot | Lavender | Pineapple","Red Apple | Dried Fruits","Sandalwood | Tonka Bean","Fruity | Aromatik","Nyaman | Playful","Masculine","","Sore | Malam | ️ Panas | ️ Dingin","https://mtdlhxbwblrxtzsdjlav.supabase.co/storage/v1/object/public/perfume-images/81f1a011-5d8b-4649-96ab-021e069c38f0/t9ff8jytb56-royal-fragrance-history.webp","https://s.shopee.co.id/1VtbaSfMI8","scentalgia-fragrance-the-starry-night-nocturne | sonder-scents-255 | layr-get-naked | atsiri-rayu | citizens-of-the-world-sunset-picnic-in-honolulu","Royal Fragrance History memadukan pineapple, lavender, dan sandalwood untuk aroma fruity-aromatic yang hangat dan cozy, pas buat momen santai sore hingga malam.","https://cariparfum.com/parfum/royal-fragrance-history","","2026-10-06T13:25:46.751Z"
"Royal Fragrance","Jasmine","Extrait de Parfum","154000","IDR","InStock","Red Apple | Jasmine","Rose","Peony","Floral | Fruity","Playful | Menyegarkan","Masculine","","Pagi | ️ Siang | Sore | ️ Panas | ️ Hujan","https://mtdlhxbwblrxtzsdjlav.supabase.co/storage/v1/object/public/perfume-images/37a2c0eb-7683-46b4-8926-0cafbca3fea6/t9ff5r5ybgb-royal-fragrance-jasmine.webp | https://mtdlhxbwblrxtzsdjlav.supabase.co/storage/v1/object/public/perfume-images/37a2c0eb-7683-46b4-8926-0cafbca3fea6/t9ff5sansg5-royal-fragrance-jasmine.webp","https://s.shopee.co.id/qdun7SmVC","de-antoine-l-amour-toujours | loco-scent-red-rhapsody | sighnil-french-peonies-mood | de-antoine-secret-de-tilia | de-antoine-de-tilia","Royal Fragrance Jasmine menghadirkan aroma floral-fresh yang lembut dan feminin, cocok untuk hari-hari cerah dan momen santai di segala aktivitas.","https://cariparfum.com/parfum/royal-fragrance-jasmine","","2026-10-06T13:26:22.048Z"
"Royal Fragrance","Juicy","Extrait de Parfum","154000","IDR","InStock","Pear | Melon","Rose | Freesia","Amber | Patchouli | White Musk","Fruity | Floral","Playful | Menyegarkan","Masculine","","️ Siang | Sore | ️ Panas | ️ Hujan","https://mtdlhxbwblrxtzsdjlav.supabase.co/storage/v1/object/public/perfume-images/1ac4d695-63fc-47bb-b4ac-66e5c4d4c70c/t9ff6s3x6y8-royal-fragrance-juicy.webp | https://mtdlhxbwblrxtzsdjlav.supabase.co/storage/v1/object/public/perfume-images/1ac4d695-63fc-47bb-b4ac-66e5c4d4c70c/t9ff6t5cpsa-royal-fragrance-juicy.webp","https://s.shopee.co.id/3qHWMld5EH","honino-romeo-roses | loco-scent-red-rhapsody | unspoken-timber | mykonos-xoxo-rosy | saff-co-troupe","Royal Fragrance Juicy adalah parfum fruity-floral yang playful dengan sentuhan white musk dan amber, cocok untuk kamu yang ingin tampil segar dan ceria.","https://cariparfum.com/parfum/royal-fragrance-juicy","","2026-10-06T13:25:02.432Z"
"Royal Fragrance","Liberty","Extrait de Parfum","169000","IDR","InStock","Mandarin Orange | Lavender | Blackcurrant","Orange Blossom | Jasmine","Cedar | Vanilla","Aromatik | Gourmand","Hangat | Nyaman","Masculine","","Sore | Malam | ️ Panas | ️ Dingin","https://mtdlhxbwblrxtzsdjlav.supabase.co/storage/v1/object/public/perfume-images/d710e62a-c9b5-48d3-93f7-1889410ba295/t9ff8mly03m-royal-fragrance-liberty.webp","https://s.shopee.co.id/9Uvt7GqCXL","mandalika-irresistible | fragrance-by-petals-elysian-bloom | aamodini-kirana | satellite-of-glow-aura-ubud | scent-of-jarte-blank-space","Royal Fragrance Liberty memadukan lavender dan vanilla dengan sentuhan buah segar, menghadirkan aroma fresh-warm yang cocok dipakai sore hingga malam.","https://cariparfum.com/parfum/royal-fragrance-liberty","","2026-10-06T13:24:43.432Z"
"Royal Fragrance","LIGHT GREY","Extrait de Parfum","169000","IDR","InStock","Mandarin Orange | Grapefruit | Mint","Spicy Notes | Cinnamon","Amber | Woody Notes","Sitrus Segar | Woody","Menyegarkan | Hangat","Masculine","","Sore | Malam | ️ Dingin | ️ Hujan","https://mtdlhxbwblrxtzsdjlav.supabase.co/storage/v1/object/public/perfume-images/8d620603-84e0-4861-8f66-43d3c46c2e96/t9ff7q0hbxq-royal-fragrance-light-grey.webp","https://s.shopee.co.id/5fjAY5PcH2","honino-romeo-roses | the-body-tale-juliette | royal-fragrance-romance | royal-fragrance-ocean | royal-fragrance-for-kings","Royal Fragrance LIGHT GREY adalah parfum fresh woody dengan sentuhan mint, citrus, dan amber hangat, cocok untuk sore hingga malam dan suasana santai.","https://cariparfum.com/parfum/royal-fragrance-light-grey","","2026-10-06T13:24:45.577Z"
"Royal Fragrance","Manly","Extrait de Parfum","154000","IDR","InStock","Green Apple | Lemon | Mint","Tonka Bean","Cedar | Vanilla","Hijau Segar | Woody","Menyegarkan | Hangat","Masculine","","Sore | Malam | ️ Panas | ️ Dingin","https://mtdlhxbwblrxtzsdjlav.supabase.co/storage/v1/object/public/perfume-images/5c674b51-d284-40fd-bda5-4483435f4b0c/t9ff9hclngo-royal-fragrance-manly.webp","https://s.shopee.co.id/5VPkLyM1R4","mykonos-moroccan-vanilla | honor-perfume-bronx | mykonos-satin-blanc | scentnario-adam-s-eden | botanical-essentials-solace","Royal Fragrance Manly menghadirkan kesegaran mint dan green apple yang berpadu dengan cedar dan vanilla, pas untuk sore hingga malam di iklim tropis.","https://cariparfum.com/parfum/royal-fragrance-manly","","2026-10-06T13:26:24.385Z"
"Royal Fragrance","MASTER","Extrait de Parfum","154000","IDR","InStock","Bergamot | Grapefruit","Green Notes | Woody Notes","Musky Notes","Sitrus Segar | Hijau Segar","Menyegarkan | Bersih | Energik","Masculine","","Pagi | ️ Siang | Sore | ️ Panas | ️ Hujan","https://mtdlhxbwblrxtzsdjlav.supabase.co/storage/v1/object/public/perfume-images/a5e8e407-6759-4ee1-bf6b-23f0a9ad8f23/t9ff9fz28iu-royal-fragrance-master.webp","https://s.shopee.co.id/6KyrLW5B7c","wonderlust-fragrance-philia | wonderlust-fragrance-flaneur | botanical-essentials-solace | world-of-make-scents-splash-of-lio-solid-perfume | de-antoine-homme-fatale","Royal Fragrance MASTER adalah parfum xdp dengan sentuhan citrus, green, dan woody yang clean, cocok untuk kamu yang butuh energi segar sepanjang hari.","https://cariparfum.com/parfum/royal-fragrance-master","","2026-10-06T13:24:52.755Z"
"Royal Fragrance","MON CHERI","Extrait de Parfum","159000","IDR","InStock","Sour Cherry | Strawberry | Raspberry | Blackcurrant | Blackberry","Violet | Jasmine","Vanilla | Cashmeran | Woody Notes | Musk","Fruity | Floral","Playful | Hangat","Masculine","","Sore | Malam | ️ Panas | ️ Hujan","https://mtdlhxbwblrxtzsdjlav.supabase.co/storage/v1/object/public/perfume-images/14b55b8f-9581-4b9b-9787-d766d41afea3/t9ff4tpvcto-royal-fragrance-mon-cheri.webp","https://s.shopee.co.id/8075KbT9sb","loco-scent-mocktail-in-the-garden | mandalika-holy-sweet | honino-romeo-roses | mykonos-stilettos | sighnil-cherry-on-date-night","Royal Fragrance MON CHERI adalah parfum fruity floral yang playful dan hangat, dengan sentuhan vanilla dan musk yang lembut, cocok untuk hangout sore.","https://cariparfum.com/parfum/royal-fragrance-mon-cheri","","2026-10-06T13:26:19.835Z"
"Royal Fragrance","Nighty","Extrait de Parfum","154000","IDR","InStock","Blackcurrant","Dahlia","Woody Notes","Floral | Woody","Misterius | Hangat","Masculine","","Sore | Malam | ️ Panas | ️ Dingin","https://mtdlhxbwblrxtzsdjlav.supabase.co/storage/v1/object/public/perfume-images/631715fe-26d8-42aa-bb24-1205412d7d63/t9ff6px0u3h-royal-fragrance-nighty.webp","https://s.shopee.co.id/60M0wb5OKJ","royal-fragrance-mon-cheri | loco-scent-mocktail-in-the-garden","Royal Fragrance Nighty adalah parfum woody-floral dengan sentuhan blackcurrant yang juicy dan nuansa malam yang misterius, cocok untuk momen spesial.","https://cariparfum.com/parfum/royal-fragrance-nighty","","2026-10-06T13:26:04.444Z"
"Royal Fragrance","Ocean","Extrait de Parfum","154000","IDR","InStock","Mandarin Orange | Grapefruit","Seaweed | Water Notes","Amber | Cedar","Akuatik | Sitrus Segar","Menyegarkan | Bersih","Masculine","","Pagi | ️ Siang | Sore | ️ Panas | ️ Hujan","https://mtdlhxbwblrxtzsdjlav.supabase.co/storage/v1/object/public/perfume-images/7a0818ad-9007-4514-8ce7-80aaccc89222/t9ff7oqwk4a-royal-fragrance-ocean.webp","https://s.shopee.co.id/5AmtxIJxQS","mykonos-sorrento | loco-scent-into-the-waves | sianc-11-am | wonderlust-fragrance-philia | wonderlust-fragrance-flaneur","Royal Fragrance Ocean adalah parfum fresh aquatic beraroma citrus dan laut yang clean, cocok untuk suasana santai hingga kerja di iklim tropis Indonesia.","https://cariparfum.com/parfum/royal-fragrance-ocean","","2026-10-06T13:26:36.142Z"
"Royal Fragrance","Playdate","Extrait de Parfum","154000","IDR","InStock","Peach | Raspberry","Praline | Red Apple | Peony","Sandalwood | Lotus","Fruity | Floral","Playful | Menyegarkan","Masculine","","️ Siang | Sore | ️ Panas | ️ Hujan","https://mtdlhxbwblrxtzsdjlav.supabase.co/storage/v1/object/public/perfume-images/ed00dc1f-ec45-47ba-a4eb-db098e5ea4f0/t9ff7kn3fki-royal-fragrance-playdate.webp","https://s.shopee.co.id/20psB9ruTe","die-without-smell-you-name-it | de-antoine-l-amour-toujours | speaks-to-me-sneaky-sugar-rush | layr-velvet-dream | maison-garnet-snow-peony","Royal Fragrance Playdate adalah parfum fruity-floral yang playful dan ringan, sempurna untuk suasana hangout santai dan hari-hari ceria di cuaca panas.","https://cariparfum.com/parfum/royal-fragrance-playdate","","2026-10-06T13:25:15.923Z"
"Royal Fragrance","Redberry","Extrait de Parfum","154000","IDR","InStock","Pear | Blackcurrant","Praline | Patchouli","Vanilla | Tonka Bean","Fruity | Gourmand","Playful | Hangat","Masculine","","Malam | ️ Dingin","https://mtdlhxbwblrxtzsdjlav.supabase.co/storage/v1/object/public/perfume-images/8e118fb2-4dfb-4053-b044-99d2cb327649/t9ff8f5vjie-royal-fragrance-redberry.webp","https://s.shopee.co.id/30iPNIbThn","mykonos-verve | sighnil-rose-de-praline | saka-perfumery-oreal | mandalika-forbidden-temptation | royal-fragrance-cheerful","Royal Fragrance Redberry menghadirkan aroma fruity manis dengan sentuhan vanilla dan tonka yang creamy, sempurna untuk malam santai dan suasana cozy.","https://cariparfum.com/parfum/royal-fragrance-redberry","","2026-10-06T13:25:32.879Z"
"Royal Fragrance","ROMANCE","Extrait de Parfum","169000","IDR","InStock","Mandarin Orange | Grapefruit","Jasmine | Bay Leaf","Ambergris | Patchouli | Woody Notes","Sitrus Segar | Woody","Energik | Hangat","Masculine","","Sore | Malam | ️ Panas | ️ Dingin","https://mtdlhxbwblrxtzsdjlav.supabase.co/storage/v1/object/public/perfume-images/93515cf9-2795-4c21-9223-4d0f1e4951de/t9ff8i05dsz-royal-fragrance-romance.webp","https://s.shopee.co.id/2Vm8m6T8Am","maison-garnet-dusk-by-the-bay | loco-scent-mocktail-in-the-garden | reboura-noisy-bathroom | mandalika-forbidden-temptation | world-of-make-scents-nostalgic","Royal Fragrance ROMANCE menghadirkan sensasi citrus segar yang bertransisi lembut ke aroma woody dan amber, cocok untuk sore atau malam yang hangat.","https://cariparfum.com/parfum/royal-fragrance-romance","","2026-10-06T13:25:56.393Z"
"Royal Fragrance","Rouge","Extrait de Parfum","169000","IDR","InStock","Jasmine | Saffron","Amberwood | Ambergris","Cedar | Fir Resin","Amber | Woody","Hangat | Mewah","Masculine","","Sore | Malam | ️ Dingin | ️ Hujan","https://mtdlhxbwblrxtzsdjlav.supabase.co/storage/v1/object/public/perfume-images/509cca94-ea94-4bdb-9df3-03a5de69d71e/t9ff5uxaufb-royal-fragrance-rouge.webp","https://s.shopee.co.id/70EY8Q1v58","reboura-noisy-bathroom | de-antoine-velvet-garden | evoste-ivory-bloom | house-of-medici-daybreak-angel | laboratori-semplice-jasmine","Royal Fragrance Rouge adalah parfum xdp bernuansa amber woody, dengan sentuhan saffron dan cedar yang bold dan hangat, cocok untuk suasana malam spesial.","https://cariparfum.com/parfum/royal-fragrance-rouge","","2026-10-06T13:26:02.478Z"
"Royal Fragrance","SAGE","Extrait de Parfum","154000","IDR","InStock","Sea Salt","Sage","Grapefruit","Akuatik | Aromatik","Menyegarkan | Bersih","Masculine","","Pagi | ️ Siang | ️ Panas | ️ Hujan","https://mtdlhxbwblrxtzsdjlav.supabase.co/storage/v1/object/public/perfume-images/35b6ce6f-10f7-4d1c-8f72-d4ba7207d411/t9ffa3o6zvh-royal-fragrance-sage.webp","https://s.shopee.co.id/3qHWMskqIs","sianc-11-am | astree-ocean-breeze | saka-perfumery-etherwave | evesol-arunika | loco-scent-into-the-waves","Royal Fragrance SAGE menawarkan sensasi clean dan refreshing dengan sea salt, sage, dan grapefruit, cocok untuk aktivitas pagi hingga siang di cuaca panas.","https://cariparfum.com/parfum/royal-fragrance-sage","","2026-10-06T13:25:15.947Z"
"Royal Fragrance","SPACIOUS","Extrait de Parfum","154000","IDR","InStock","Bergamot | Orange","Turkish Rose | Jasmine","Vanilla | Patchouli | White Musk","Floral | Amber","Nyaman | Elegan","Masculine","","Sore | Malam | ️ Dingin | ️ Hujan","https://mtdlhxbwblrxtzsdjlav.supabase.co/storage/v1/object/public/perfume-images/e7aff26d-6c78-4b2d-90d2-d4dd31db50af/t9ff9z2qptj-royal-fragrance-spacious.webp","https://s.shopee.co.id/6VIHXpktIS","honino-romeo-roses | mykonos-moroccan-vanilla | unspoken-timber | loco-scent-red-rhapsody | world-of-make-scents-nostalgic","Royal Fragrance SPACIOUS menghadirkan aroma citrus segar, floral, dan sentuhan vanilla musky yang cocok untuk sore hingga malam di suasana tropis.","https://cariparfum.com/parfum/royal-fragrance-spacious","","2026-10-06T13:25:21.310Z"
"Royal Fragrance","SPARKLING","Extrait de Parfum","164000","IDR","InStock","Bergamot | Pear | Melon","Strawberry | Red Berries | Cotton Candy","Vanilla | Caramel","Fruity | Gourmand","Playful | Hangat","Masculine","","Malam | ️ Dingin","https://mtdlhxbwblrxtzsdjlav.supabase.co/storage/v1/object/public/perfume-images/ade406e6-5e1f-46f2-81cc-42784f13e1c4/t9ffa2dedci-royal-fragrance-sparkling.webp","https://s.shopee.co.id/5fjAY48plJ","world-of-make-scents-kiko-crumbs-solid-perfume | mykonos-caramel-fudge-cookie | fordive-majestic | the-body-tale-rosie-de-marrie | mykonos-vanilla-clouds","Royal Fragrance SPARKLING adalah parfum xdp manis dengan nuansa buah dan cotton candy, cocok untuk suasana santai malam hari yang playful dan hangat.","https://cariparfum.com/parfum/royal-fragrance-sparkling","","2026-10-06T13:25:33.157Z"
"Royal Fragrance","SPORT","Extrait de Parfum","159000","IDR","InStock","Grapefruit | Lemon | Pineapple","Cedar | Apple","Amber | Tonka Bean","Sitrus Segar | Fruity","Energik | Menyegarkan","Masculine","","Pagi | ️ Siang | Sore | ️ Panas","https://mtdlhxbwblrxtzsdjlav.supabase.co/storage/v1/object/public/perfume-images/444a80f9-3c3b-4c84-9e0b-ccbbe68dae3e/t9ff7np2t9q-royal-fragrance-sport.webp","https://s.shopee.co.id/gKUaurb2P","elaya-good-habit | avalanche-interview-room | wonderlust-fragrance-flaneur | mandalika-icon | mandalika-forbidden-temptation","Royal Fragrance SPORT menyatukan kesegaran nanas dan lemon dengan sentuhan cedar dan amber, pas untuk kamu yang aktif di cuaca panas Indonesia.","https://cariparfum.com/parfum/royal-fragrance-sport","","2026-10-06T13:25:33.995Z"
"Royal Fragrance","SUNRISE OF JAVA","Extrait de Parfum","169000","IDR","InStock","Bergamot | Pink Pepper | Watermelon","Rose | Pineapple | Tiare Flower","Sandalwood | Patchouli | Musk","Fruity | Woody","Menyegarkan | Menenangkan","Masculine","","Pagi | ️ Siang | Sore | ️ Panas | ️ Hujan","https://mtdlhxbwblrxtzsdjlav.supabase.co/storage/v1/object/public/perfume-images/c17d882a-dcb5-46e4-a187-f9ec484ba548/t9ff3s2ooe7-royal-fragrance-sunrise-of-java.webp","https://s.shopee.co.id/AKV072cZOV","honino-romeo-roses | loco-scent-red-rhapsody | mykonos-xoxo-rosy | scuse-me-wood-you-be-mine | world-of-make-scents-ermis-solid-perfume","Royal Fragrance Sunrise of Java menghadirkan aroma fruity-floral segar dengan sentuhan woody-musky yang lembut, cocok untuk aktivitas di cuaca panas Indonesia.","https://cariparfum.com/parfum/royal-fragrance-sunrise-of-java","","2026-10-06T13:25:05.531Z"
"Royal Fragrance","SUNSET PASSION","Extrait de Parfum","159000","IDR","InStock","Peach | Raspberry | Passion Fruit","Lily of the Valley","Vanilla | Patchouli | Musk","Fruity | Floral","Playful | Hangat","Masculine","","Sore | Malam | ️ Panas | ️ Hujan","https://mtdlhxbwblrxtzsdjlav.supabase.co/storage/v1/object/public/perfume-images/41a45718-6fa4-42e8-903b-7dc5294fe1cb/t9ff4vy8h5e-royal-fragrance-sunset-passion.webp","https://s.shopee.co.id/10xKzrhugX","honino-romeo-roses | aoera-royale | layr-velvet-dream | die-without-smell-you-name-it | world-of-make-scents-kiko-crumbs-solid-perfume","Royal Fragrance Sunset Passion adalah parfum fruity-floral dengan sentuhan vanilla dan musk, sempurna untuk sore hingga malam santai di suasana tropis.","https://cariparfum.com/parfum/royal-fragrance-sunset-passion","","2026-10-06T13:25:01.234Z"
"Royal Fragrance","SYMPHONY OF YOGYAKARTA","Extrait de Parfum","179000","IDR","InStock","Mandarin Orange | Bergamot | Blackcurrant","Lily | Neroli | Ylang-Ylang","Sandalwood | Vanilla | Musk","Floral | Woody","Nyaman | Menyegarkan","Masculine","","️ Siang | Sore | Malam | ️ Panas | ️ Hujan","https://mtdlhxbwblrxtzsdjlav.supabase.co/storage/v1/object/public/perfume-images/8f4b6fcf-3c46-4511-bfe0-88656e3c5726/t9ff5oowajp-royal-fragrance-symphony-of-yogyakarta.webp","https://s.shopee.co.id/4qA3Yy59iY","honino-romeo-roses | reboura-flora-notes | botanical-essentials-solace | mandalika-feeling-good | world-of-make-scents-kiko-crumbs-solid-perfume","Royal Fragrance SYMPHONY OF YOGYAKARTA memadukan citrus segar, floral lembut, dan sandalwood hangat, menciptakan aroma versatile yang cocok untuk segala.","https://cariparfum.com/parfum/royal-fragrance-symphony-of-yogyakarta","","2026-10-06T13:26:27.163Z"
"Royal Fragrance","WHISPER OF BORNEO","Extrait de Parfum","169000","IDR","InStock","Blackcurrant | Red Berries | Lychee","Honeysuckle | Jasmine Sambac","Amber | Vanilla | Sugar","Fruity | Gourmand","Playful | Nyaman","Masculine","","Sore | Malam | ️ Panas | ️ Hujan","https://mtdlhxbwblrxtzsdjlav.supabase.co/storage/v1/object/public/perfume-images/4f94d104-8020-4349-817c-a8868b611468/t9ff3ufhrip-royal-fragrance-whisper-of-borneo.webp","https://s.shopee.co.id/2Vm8mbpbG8","honino-romeo-roses | mykonos-moroccan-vanilla | ouru-warm-whiskey | loco-scent-mocktail-in-the-garden | hint-cherise","Royal Fragrance WHISPER OF BORNEO menawarkan aroma fruity-floral manis yang playful dan cozy, sempurna untuk hangout santai di sore hingga malam hari.","https://cariparfum.com/parfum/royal-fragrance-whisper-of-borneo","","2026-10-06T13:26:23.510Z"
"Royal Fragrance","WORK","Extrait de Parfum","154000","IDR","InStock","Bergamot | Pepper","Lavender | Patchouli","Cedar | Ambroxan","Aromatik | Woody","Bersih | Energik | Menenangkan","Masculine","","Pagi | ️ Siang | Sore | ️ Panas | ️ Hujan","https://mtdlhxbwblrxtzsdjlav.supabase.co/storage/v1/object/public/perfume-images/e019335b-1b67-4dd1-9b0b-4a65be831478/t9ff7miw8tv-royal-fragrance-work.webp","https://s.shopee.co.id/2LSiZgENMj","botanical-essentials-after-hours | periodic-03-daylight | saudade-olfactory-bonsai-we-kept | sonder-scents-255 | honor-perfume-crimson","Royal Fragrance WORK menghadirkan aroma fresh woody yang clean, cocok untuk suasana kantor modern dan hari-hari penuh energi profesional di Indonesia.","https://cariparfum.com/parfum/royal-fragrance-work","","2026-10-06T13:26:15.995Z"
"SAFF & Co.","CHNO","Extrait de Parfum","186000","IDR","InStock","Pear | Pink Pepper | Neroli","Bitter Almond | Licorice | Jasmine | Coffee","Cedarwood | Vanilla | Patchouli | Cashmere Wood","Gourmand | Woody","Nyaman | Hangat | Sensual","Masculine","","Sore | Malam | ️ Dingin","https://mtdlhxbwblrxtzsdjlav.supabase.co/storage/v1/object/public/perfume-images/09b39e70-04d5-4449-98ca-9da002fad2d2/t8as7tc1cl0-saff-co-chno.png | https://mtdlhxbwblrxtzsdjlav.supabase.co/storage/v1/object/public/perfume-images/09b39e70-04d5-4449-98ca-9da002fad2d2/t8as7vytcu4-saff-co-chno.jpg | https://mtdlhxbwblrxtzsdjlav.supabase.co/storage/v1/object/public/perfume-images/09b39e70-04d5-4449-98ca-9da002fad2d2/t8as7x31b6i-saff-co-chno.jpg","https://s.shopee.co.id/6VHiSGHTTj","mykonos-black-opera | sumu-legacy | saka-perfumery-te-anue | mandalika-forbidden-temptation | honino-shower-song","SAFF & Co. CHNO adalah parfum gourmand woody dengan sentuhan kopi, vanilla, dan pear yang hangat dan cozy, cocok untuk malam santai dan suasana intim.","https://cariparfum.com/parfum/saff-co-chno","","2026-10-06T13:24:46.514Z"
"SAFF & Co.","COCO","Extrait de Parfum","179000","IDR","InStock","Bergamot | Mandarin | Neroli","Turkish Rose | Patchouli | Ylang-Ylang | Peach Leaf","White Musk | Vetiver | Tonka Bean","Floral | Sitrus Segar","Elegan | Bersih","Masculine","","Sore | Malam | ️ Panas | ️ Hujan","https://mtdlhxbwblrxtzsdjlav.supabase.co/storage/v1/object/public/perfume-images/210ee0b8-c31e-47c1-901e-99d34dcdd908/t8ashb3ccfx-saff-co-coco.png | https://mtdlhxbwblrxtzsdjlav.supabase.co/storage/v1/object/public/perfume-images/210ee0b8-c31e-47c1-901e-99d34dcdd908/t8ashexldsb-saff-co-coco.jpg | https://mtdlhxbwblrxtzsdjlav.supabase.co/storage/v1/object/public/perfume-images/210ee0b8-c31e-47c1-901e-99d34dcdd908/t8ashhj75jd-saff-co-coco.jpg","https://s.shopee.co.id/7VAFe5MFh1","loco-scent-red-rhapsody | honino-romeo-roses | kitraka-meridian | world-of-make-scents-nostalgic | world-of-make-scents-nostalgic-solid-perfume","SAFF & Co. COCO membawa aroma floral-citrus yang segar dan lembut, berpadu dengan musk dan tonka yang clean untuk momen santai di sore hingga malam hari.","https://cariparfum.com/parfum/saff-co-coco","","2026-10-06T13:25:48.752Z"
"SAFF & Co.","EULALIE","Extrait de Parfum","249000","IDR","InStock","Crème de Framboise | Lychee | Petalia","Akigalawood | Sampaguita | Roseraie de L'Haÿ","Amberwood | Sheer Musk | Cashmeran","Floral | Fruity","Playful | Nyaman","Masculine","","Sore | Malam | ️ Panas | ️ Hujan","https://mtdlhxbwblrxtzsdjlav.supabase.co/storage/v1/object/public/perfume-images/515ffd1b-c48a-40c1-9c26-b077c031b375/td6pmhu41cg-saff-co-eulalie.webp | https://mtdlhxbwblrxtzsdjlav.supabase.co/storage/v1/object/public/perfume-images/515ffd1b-c48a-40c1-9c26-b077c031b375/td6pmk361y3-saff-co-eulalie.webp | https://mtdlhxbwblrxtzsdjlav.supabase.co/storage/v1/object/public/perfume-images/515ffd1b-c48a-40c1-9c26-b077c031b375/td6pml7snwu-saff-co-eulalie.webp","https://s.shopee.co.id/60OnKGngLA","saff-co-kirithra | sianc-melody-of-spring | evoste-ivory-bloom | mykonos-hawaiian-crush | loco-scent-abandoned-land","SAFF & Co. EULALIE adalah parfum fruity-floral yang playful dan feminin, cocok untuk suasana santai atau hangout sore hingga malam di iklim tropis.","https://cariparfum.com/parfum/saff-co-eulalie","","2026-10-06T13:25:42.903Z"
"SAFF & Co.","ILIAD","Extrait de Parfum","210000","IDR","InStock","Pink Peppercorn | Peony | Muguet","Hedione | Iris | Ylang-Ylang","Amber | Patchouli | Cashmeran","Floral | Amber","Nyaman | Elegan","Masculine","","Sore | Malam | ️ Dingin | ️ Hujan","https://mtdlhxbwblrxtzsdjlav.supabase.co/storage/v1/object/public/perfume-images/4092b9bf-d521-4508-9886-e6e0f3dd54e8/t8as3etzk8o-saff-co-iliad.png | https://mtdlhxbwblrxtzsdjlav.supabase.co/storage/v1/object/public/perfume-images/4092b9bf-d521-4508-9886-e6e0f3dd54e8/t8as3g3dsl3-saff-co-iliad.jpg | https://mtdlhxbwblrxtzsdjlav.supabase.co/storage/v1/object/public/perfume-images/4092b9bf-d521-4508-9886-e6e0f3dd54e8/t8as3ji5geu-saff-co-iliad.jpg","https://s.shopee.co.id/7VAFe9kYNb","honino-romeo-roses | scent-of-jarte-golden-souffle | layr-kyoto-jazz | reboura-bibliosmia | scentalgia-fragrance-raw-morning-09-00am","SAFF & Co. ILIAD adalah parfum floral amber dengan nuansa lembut dan cozy, cocok untuk sore hingga malam di suasana santai atau momen spesial berkesan hangat.","https://cariparfum.com/parfum/saff-co-iliad","","2026-10-06T13:24:55.324Z"
"SAFF & Co.","IRAI LEIMA","Extrait de Parfum","299000","IDR","InStock","Cassis Bud | Pink Peppercorn | Dalanghita","Raat Ki Rani | Water Iris | Duchesse De Nemours","Ambrette | Ancient Water","Floral | Powdery","Ringan | Bersih","Masculine","","Sore | Malam | ️ Hujan | ️ Dingin","https://mtdlhxbwblrxtzsdjlav.supabase.co/storage/v1/object/public/perfume-images/1e9fa96b-b498-4433-b1b0-b6229f62bbab/t8adnql5l1r-saff-co-irai-leima.png | https://mtdlhxbwblrxtzsdjlav.supabase.co/storage/v1/object/public/perfume-images/1e9fa96b-b498-4433-b1b0-b6229f62bbab/t8adnsucayd-saff-co-irai-leima.jpg | https://mtdlhxbwblrxtzsdjlav.supabase.co/storage/v1/object/public/perfume-images/1e9fa96b-b498-4433-b1b0-b6229f62bbab/t8adnt8qg3x-saff-co-irai-leima.jpg","https://s.shopee.co.id/5L5l4CajrM","aamo-luminara | readyset-wake-up | amthra-you-drive-me-nutty | scents-of-pluto-new-kind-of-jungle","SAFF & Co. IRAI LEIMA memadukan nuansa floral segar, hint fruity, dan aroma powdery yang clean, cocok untuk kamu yang suka parfum lembut dan airy.","https://cariparfum.com/parfum/saff-co-irai-leima","","2026-10-06T13:25:21.452Z"
"SAFF & Co.","KIE RAHA","Extrait de Parfum","249000","IDR","InStock","Cajuput | Bigarade | Yuzu","Aquamare | Crystal Amber | Orchid","Sandalwood | Sulawesi Patchouli | Red Cedar","Sitrus Segar | Woody","Menyegarkan | Bersih | Energik","Masculine","","Pagi | ️ Siang | Sore | ️ Panas | ️ Hujan","https://mtdlhxbwblrxtzsdjlav.supabase.co/storage/v1/object/public/perfume-images/d612a726-187e-4d04-b4f4-f8205dcdcafe/t8adld6nkrh-saff-co-kie-raha.png | https://mtdlhxbwblrxtzsdjlav.supabase.co/storage/v1/object/public/perfume-images/d612a726-187e-4d04-b4f4-f8205dcdcafe/t8adlflkwv2-saff-co-kie-raha.png | https://mtdlhxbwblrxtzsdjlav.supabase.co/storage/v1/object/public/perfume-images/d612a726-187e-4d04-b4f4-f8205dcdcafe/t8adliehc0m-saff-co-kie-raha.png","https://s.shopee.co.id/9UvK1uS3GN","wonderlust-fragrance-philia | wonderlust-fragrance-flaneur | scentalgia-fragrance-yuzu-shochu | botanical-essentials-sanctuary | world-of-make-scents-ermis-solid-perfume","SAFF & Co. KIE RAHA memadukan kesegaran yuzu dan cajuput dengan sentuhan kayu patchouli dan sandalwood, menghadirkan parfum yang segar sekaligus membumi.","https://cariparfum.com/parfum/saff-co-kie-raha","","2026-10-06T13:26:32.671Z"
"SAFF & Co.","KIRITHRA","Extrait de Parfum","259000","IDR","InStock","Clementine | Birch Tar | Sidr Honey","Akigalawood | Sampaguita | Roseraie De L’Hay","Sulawesi Patchouli | Cashmeran | Georgywood","Woody | Kering & Smoky","Misterius | Hangat | Tegas","Masculine","","Sore | Malam | ️ Dingin | ️ Hujan","https://mtdlhxbwblrxtzsdjlav.supabase.co/storage/v1/object/public/perfume-images/fff517b2-2ac9-4f9b-aa13-69c044c44254/t8adn9w1rrt-saff-co-kirithra.jpg | https://mtdlhxbwblrxtzsdjlav.supabase.co/storage/v1/object/public/perfume-images/fff517b2-2ac9-4f9b-aa13-69c044c44254/t8adna7ajv4-saff-co-kirithra.jpg | https://mtdlhxbwblrxtzsdjlav.supabase.co/storage/v1/object/public/perfume-images/fff517b2-2ac9-4f9b-aa13-69c044c44254/t8adncrjzqf-saff-co-kirithra.jpg","https://s.shopee.co.id/4fq4H2tGAD","loco-scent-red-rhapsody | mykonos-xoxo-rosy | saff-co-eulalie | whspr-twisted-romance | honino-romeo-roses","SAFF & Co. KIRITHRA adalah parfum woody-smoky yang misterius, dengan sentuhan madu dan floral, cocok untuk malam sejuk atau saat ingin tampil berkarakter.","https://cariparfum.com/parfum/saff-co-kirithra","","2026-10-06T13:25:25.172Z"
"SAFF & Co.","LAS POZAS","Extrait de Parfum","204000","IDR","InStock","Datura","Sumatran Benzoin | Nutmeg","Cedarwood | Sandalwood | Cashmeran","Amber | Woody","Hangat | Nyaman","Masculine","","Sore | Malam | ️ Dingin | ️ Hujan","https://mtdlhxbwblrxtzsdjlav.supabase.co/storage/v1/object/public/perfume-images/d812616b-25c1-4606-8336-e43984e37a93/t8as3r6iocm-saff-co-las-pozas.jpg | https://mtdlhxbwblrxtzsdjlav.supabase.co/storage/v1/object/public/perfume-images/d812616b-25c1-4606-8336-e43984e37a93/t8as3ss5he1-saff-co-las-pozas.jpg | https://mtdlhxbwblrxtzsdjlav.supabase.co/storage/v1/object/public/perfume-images/d812616b-25c1-4606-8336-e43984e37a93/t8as3u689kd-saff-co-las-pozas.jpg","https://s.shopee.co.id/4VWe4cIZfs","maison-garnet-alhambra-rose | laboratori-semplice-sandalwood | honor-perfume-denali | loco-scent-into-the-waves | yn-perfumery-lost-in-sahara","SAFF & Co. LAS POZAS menghadirkan kehangatan resin benzoin dan kayu yang menenangkan, cocok dipakai saat sore atau malam di suasana santai dan intim.","https://cariparfum.com/parfum/saff-co-las-pozas","","2026-10-06T13:25:29.302Z"
"SAFF & Co.","LOUI","Extrait de Parfum","197000","IDR","InStock","Aldehyde | Violet Leaf | Verbena","Peony | Rose | Muguet","Cedarwood | Musk","Floral Lembut | Hijau Segar","Bersih | Ringan","Masculine","","Pagi | ️ Siang | Sore | ️ Panas | ️ Hujan","https://mtdlhxbwblrxtzsdjlav.supabase.co/storage/v1/object/public/perfume-images/6fb3d21c-019c-4c94-92f2-628dd7be38be/t8ashlgfc6s-saff-co-loui.png | https://mtdlhxbwblrxtzsdjlav.supabase.co/storage/v1/object/public/perfume-images/6fb3d21c-019c-4c94-92f2-628dd7be38be/t8ashmn39bj-saff-co-loui.jpg","https://s.shopee.co.id/1BGC6Ldqiu","honino-romeo-roses | hint-cotton | loco-scent-red-rhapsody | mykonos-xoxo-rosy | yn-perfumery-rose-in-september","SAFF & Co. LOUI adalah parfum floral fresh dengan sentuhan powdery dan clean, cocok untuk kamu yang ingin tampil ringan dan elegan sepanjang hari.","https://cariparfum.com/parfum/saff-co-loui","","2026-10-06T13:25:01.935Z"
"SAFF & Co.","MALEALI","Extrait de Parfum","212000","IDR","InStock","Bush Juniper | Tellicherry Pepper","Palo Santo | Red Sandalwood","Sulawesi Patchouli | Nagarmotha","Woody | Kering & Smoky","Misterius | Hangat","Masculine","","Sore | Malam | ️ Dingin | ️ Hujan","https://mtdlhxbwblrxtzsdjlav.supabase.co/storage/v1/object/public/perfume-images/dc19126d-fe2d-460f-a44d-3181f85c78e2/t8as2t7sefn-saff-co-maleali.png | https://mtdlhxbwblrxtzsdjlav.supabase.co/storage/v1/object/public/perfume-images/dc19126d-fe2d-460f-a44d-3181f85c78e2/t8as2wsvy26-saff-co-maleali.jpg | https://mtdlhxbwblrxtzsdjlav.supabase.co/storage/v1/object/public/perfume-images/dc19126d-fe2d-460f-a44d-3181f85c78e2/t8as30jx515-saff-co-maleali.jpg","https://s.shopee.co.id/5AmKrr88h6","laboratori-semplice-sandalwood | fordive-shelby | loco-scent-white-potion | saff-co-kie-raha | avalanche-interview-room","SAFF & Co. MALEALI menawarkan aroma woody spicy maskulin dengan sentuhan patchouli Sulawesi, cocok untuk malam atau momen istimewa yang berkesan mendalam.","https://cariparfum.com/parfum/saff-co-maleali","","2026-10-06T13:24:51.652Z"
"SAFF & Co.","MINOUET","Extrait de Parfum","235000","IDR","InStock","Galbanum | Starkrimson","Iris Pallida | Roseraie De L’Hay | Bigarade Orange","Ambergris | Fior Di Latte | Cashmere Wood","Floral | Amber","Elegan | Hangat","Masculine","","Sore | Malam | ️ Dingin | ️ Hujan","https://mtdlhxbwblrxtzsdjlav.supabase.co/storage/v1/object/public/perfume-images/ff1492c4-ebec-4c17-ad91-5f4ad41c44d4/t8as33wb2ph-saff-co-minouet.jpg | https://mtdlhxbwblrxtzsdjlav.supabase.co/storage/v1/object/public/perfume-images/ff1492c4-ebec-4c17-ad91-5f4ad41c44d4/t8as35u6rf6-saff-co-minouet.jpg | https://mtdlhxbwblrxtzsdjlav.supabase.co/storage/v1/object/public/perfume-images/ff1492c4-ebec-4c17-ad91-5f4ad41c44d4/t8as36l7e27-saff-co-minouet.jpg","https://s.shopee.co.id/50SufJa8zh","loco-scent-red-rhapsody | mykonos-xoxo-rosy | honino-romeo-roses | laboratori-semplice-rose | mykonos-moroccan-vanilla","SAFF & Co. MINOUET menghadirkan aroma floral hijau dengan nuansa cashmere lembut, cocok untuk kamu yang mencari parfum elegan untuk sore hingga malam.","https://cariparfum.com/parfum/saff-co-minouet","","2026-10-06T13:26:12.358Z"
"SAFF & Co.","MORFOSIA","Extrait de Parfum","249000","IDR","InStock","Rhubarb | Yuzu | Elettaria","Shogayu | Narcissus | Cape Jasmine","Amber | Red Cedarwood | Haiti Vetiver","Amber | Woody","Hangat | Energik","Masculine","","Sore | Malam | ️ Dingin | ️ Hujan","https://mtdlhxbwblrxtzsdjlav.supabase.co/storage/v1/object/public/perfume-images/390b3b88-9484-4cc9-9129-ac6ea5f29013/t8adnj06mih-saff-co-morfosia.png | https://mtdlhxbwblrxtzsdjlav.supabase.co/storage/v1/object/public/perfume-images/390b3b88-9484-4cc9-9129-ac6ea5f29013/t8adnnye7mk-saff-co-morfosia.jpg | https://mtdlhxbwblrxtzsdjlav.supabase.co/storage/v1/object/public/perfume-images/390b3b88-9484-4cc9-9129-ac6ea5f29013/t8adnntuges-saff-co-morfosia.jpg","https://s.shopee.co.id/qdLi0ymrB","honino-romeo-roses | scentalgia-fragrance-raw-morning-09-00am | house-of-medici-paradise-reservoir | vlagio-perfume-medina | elaya-state-of-grace","SAFF & Co. MORFOSIA adalah parfum unisex dengan sentuhan yuzu segar, floral lembut, dan woody amber yang elegan, cocok untuk sore hingga malam hari.","https://cariparfum.com/parfum/saff-co-morfosia","","2026-10-06T13:26:12.510Z"
"SAFF & Co.","OMNIA","Extrait de Parfum","183000","IDR","InStock","Orchid Leaf | Grapefruit","Hyacinth | Rose | Iris","Heliotrope | Cashmere Wood | Musk","Floral | Powdery","Elegan | Nyaman","Masculine","","Sore | Malam | ️ Dingin | ️ Hujan","https://mtdlhxbwblrxtzsdjlav.supabase.co/storage/v1/object/public/perfume-images/af300230-2f30-4d48-bb1a-895dd7d8424b/t8asgzl372n-saff-co-omnia.png | https://mtdlhxbwblrxtzsdjlav.supabase.co/storage/v1/object/public/perfume-images/af300230-2f30-4d48-bb1a-895dd7d8424b/t8ash29pjt6-saff-co-omnia.jpg | https://mtdlhxbwblrxtzsdjlav.supabase.co/storage/v1/object/public/perfume-images/af300230-2f30-4d48-bb1a-895dd7d8424b/t8ash5c1vq4-saff-co-omnia.jpg","https://s.shopee.co.id/AKUR1E3Wfj","honino-romeo-roses | loco-scent-red-rhapsody | mykonos-xoxo-rosy | scent-of-jarte-rose-petals | de-antoine-secret-de-tilia","SAFF & Co. OMNIA menghadirkan kombinasi floral-powdery yang elegan dan lembut, pas untuk pecinta parfum feminin yang ingin sentuhan hangat di sore atau malam.","https://cariparfum.com/parfum/saff-co-omnia","","2026-10-06T13:25:21.371Z"
"SAFF & Co.","OSTARA","Extrait de Parfum","226000","IDR","InStock","Pear | Raspberry | Passion Fruit","Cassis Bud | Lily of the Valley","Amber | Patchouli | Heliotrope","Fruity | Floral","Playful | Hangat","Masculine","","Sore | Malam | ️ Panas | ️ Hujan","https://mtdlhxbwblrxtzsdjlav.supabase.co/storage/v1/object/public/perfume-images/50e10d38-f5f6-4791-9717-ccc5bb0b9e96/t8as702zifz-saff-co-ostara.jpg | https://mtdlhxbwblrxtzsdjlav.supabase.co/storage/v1/object/public/perfume-images/50e10d38-f5f6-4791-9717-ccc5bb0b9e96/t8as73qb76r-saff-co-ostara.jpg | https://mtdlhxbwblrxtzsdjlav.supabase.co/storage/v1/object/public/perfume-images/50e10d38-f5f6-4791-9717-ccc5bb0b9e96/t8as7331ixu-saff-co-ostara.jpg","https://s.shopee.co.id/30hqHjaFOW","aoera-royale | mandalika-forbidden-temptation | honino-romeo-roses | layr-velvet-dream | layr-kyoto-jazz","SAFF & Co. OSTARA menghadirkan aroma fruity-floral yang playful dengan sentuhan warm amber, cocok untuk sore santai dan hangout seru bersama teman.","https://cariparfum.com/parfum/saff-co-ostara","","2026-10-06T13:25:13.782Z"
"SAFF & Co.","RAE NIRA","Extrait de Parfum","249000","IDR","InStock","Cajuput | Bigarade | Lavender","Immortelle | Calypsone | Jasmine Sambac","Tolu Balsam | Golden Amber | Cashmere","Amber | Aromatik","Menenangkan | Hangat","Masculine","","Sore | Malam | ️ Dingin | ️ Hujan","https://mtdlhxbwblrxtzsdjlav.supabase.co/storage/v1/object/public/perfume-images/27c562de-7ca4-4075-92c8-fd96d08c287c/t8admn9ucml-saff-co-rae-nira.png | https://mtdlhxbwblrxtzsdjlav.supabase.co/storage/v1/object/public/perfume-images/27c562de-7ca4-4075-92c8-fd96d08c287c/t8admpa4j6h-saff-co-rae-nira.png | https://mtdlhxbwblrxtzsdjlav.supabase.co/storage/v1/object/public/perfume-images/27c562de-7ca4-4075-92c8-fd96d08c287c/t8admrpuu4d-saff-co-rae-nira.png","https://s.shopee.co.id/1Vt2VFrRg2","honino-romeo-roses | ouru-vanilla-velvet-2-0 | loco-scent-dialogue-ivi | loco-scent-red-rhapsody | saff-co-kie-raha","SAFF & Co. RAE NIRA menghadirkan aroma segar herbal dengan sentuhan floral dan amber hangat, cocok untuk kamu yang suka parfum berkarakter menenangkan.","https://cariparfum.com/parfum/saff-co-rae-nira","","2026-10-06T13:25:05.238Z"
"SAFF & Co.","S.O.F.R","Extrait de Parfum","249000","IDR","InStock","Bergamot | Charentais | Tangerine Heart","Sampaguita | Mimosa | Tuberose","Amber | Pompona | Edenolide","Floral | Amber","Hangat | Sensual","Masculine","","Sore | Malam | ️ Dingin | ️ Hujan","https://mtdlhxbwblrxtzsdjlav.supabase.co/storage/v1/object/public/perfume-images/feb700db-c0ce-40fe-9340-6e267e905b5c/t8admy148il-saff-co-s-o-f-r.png | https://mtdlhxbwblrxtzsdjlav.supabase.co/storage/v1/object/public/perfume-images/feb700db-c0ce-40fe-9340-6e267e905b5c/t8adn03pyyk-saff-co-s-o-f-r.jpg | https://mtdlhxbwblrxtzsdjlav.supabase.co/storage/v1/object/public/perfume-images/feb700db-c0ce-40fe-9340-6e267e905b5c/t8adn6fpljn-saff-co-s-o-f-r.jpg","https://s.shopee.co.id/7AXPFbbkcD","scent-of-jarte-by-the-garden | honino-romeo-roses | honino-glint-day | laboratori-semplice-tuberose | laboratori-semplice-bergamot","SAFF & Co. S.O.F.R membawa kesegaran citrus dan fruity di awal, lalu berubah jadi creamy-floral yang hangat serta nyaman, cocok untuk sore atau malam di iklim.","https://cariparfum.com/parfum/saff-co-sofr","","2026-10-06T13:25:04.750Z"
"SAFF & Co.","SAFF","Extrait de Parfum","224000","IDR","InStock","Mandarin Orange | Bergamot | Saffron","Jasmine | Muguet | Ylang-Ylang","Leather | Dry Amber | Musk","Amber | Floral","Hangat | Misterius","Masculine","","Sore | Malam | ️ Dingin | ️ Hujan","https://mtdlhxbwblrxtzsdjlav.supabase.co/storage/v1/object/public/perfume-images/5c068202-50f5-4e36-912a-a4f79ab4e398/t8as7fwnuwi-saff-co-saff.png | https://mtdlhxbwblrxtzsdjlav.supabase.co/storage/v1/object/public/perfume-images/5c068202-50f5-4e36-912a-a4f79ab4e398/t8as7heg742-saff-co-saff.png | https://mtdlhxbwblrxtzsdjlav.supabase.co/storage/v1/object/public/perfume-images/5c068202-50f5-4e36-912a-a4f79ab4e398/t8as7nilywb-saff-co-saff.png","https://s.shopee.co.id/60LRrDZ3J6","honino-romeo-roses | alt-perfumery-always-right | scent-of-jarte-by-the-garden | the-body-tale-juliette | nevernot-ubud-sanctuary","SAFF & Co. SAFF memadukan sentuhan citrus segar dan saffron lembut dengan dasar amber dan leather, menciptakan aroma malam yang hangat dan misterius.","https://cariparfum.com/parfum/saff-co-saff","","2026-10-06T13:25:48.454Z"
"SAFF & Co.","SOLARIS","Extrait de Parfum","214000","IDR","InStock","Bergamot | Mandarin | Violet Leaf","Cedarwood | Freesia | Orris","Amber | Vetiver | Tonka Bean","Woody | Powdery","Hangat | Elegan","Masculine","","Sore | Malam | ️ Dingin | ️ Hujan","https://mtdlhxbwblrxtzsdjlav.supabase.co/storage/v1/object/public/perfume-images/ee9452d4-3099-4216-8256-276995eb54d1/t8as6shbse9-saff-co-solaris.png | https://mtdlhxbwblrxtzsdjlav.supabase.co/storage/v1/object/public/perfume-images/ee9452d4-3099-4216-8256-276995eb54d1/t8as6vkt15l-saff-co-solaris.jpg | https://mtdlhxbwblrxtzsdjlav.supabase.co/storage/v1/object/public/perfume-images/ee9452d4-3099-4216-8256-276995eb54d1/t8as6yomzjt-saff-co-solaris.jpg","https://s.shopee.co.id/7AXPFLQ8OJ","argve-ardour | botanical-essentials-in-the-clouds | speaks-to-me-slow-sunset | blackstag-nightfall | hint-cotton","SAFF & Co. Solaris membawa sentuhan citrus segar dan kayu hangat yang clean dan elegan, cocok untuk sore santai atau momen hangat di ruangan ber-AC.","https://cariparfum.com/parfum/saff-co-solaris","","2026-10-06T13:26:34.606Z"
"SAFF & Co.","SOTB","Extrait de Parfum","264000","IDR","InStock","Mandarin | Galbanum | Ylang-Ylang","Jasmine | Tuberose | Orange Flower","Vanilla | Tonka Bean | Musk","Floral | Gourmand","Sensual | Hangat","Masculine","","Sore | Malam | ️ Dingin | ️ Hujan","https://mtdlhxbwblrxtzsdjlav.supabase.co/storage/v1/object/public/perfume-images/db92b084-1ef7-438f-bf0a-a769df8a3c82/t8as77zqmvc-saff-co-sotb.png | https://mtdlhxbwblrxtzsdjlav.supabase.co/storage/v1/object/public/perfume-images/db92b084-1ef7-438f-bf0a-a769df8a3c82/t8as78ql6bc-saff-co-sotb.jpg | https://mtdlhxbwblrxtzsdjlav.supabase.co/storage/v1/object/public/perfume-images/db92b084-1ef7-438f-bf0a-a769df8a3c82/t8as7abej4p-saff-co-sotb.jpg","https://s.shopee.co.id/8APwRAMjOh","scent-of-jarte-by-the-garden | honino-romeo-roses | nevernot-ubud-sanctuary | layr-midnight-haze | anamcara-solvere","SAFF & Co. SOTB adalah parfum floral gourmand lembut dengan sentuhan citrus segar, cocok untuk momen hangat dan intim di sore hingga malam hari.","https://cariparfum.com/parfum/saff-co-sotb","","2026-10-06T13:26:03.476Z"
"SAFF & Co.","TROUPE","Extrait de Parfum","179000","IDR","InStock","Mandarin Orange | Pear","Neroli | Rose | Freesia","Amber | Patchouli | Musk","Fruity | Floral","Playful | Hangat","Masculine","","️ Siang | Sore | ️ Panas | ️ Hujan","https://mtdlhxbwblrxtzsdjlav.supabase.co/storage/v1/object/public/perfume-images/b9855ac8-534d-4e62-a1af-2a2099d28982/t8ashsu11ul-saff-co-troupe.png | https://mtdlhxbwblrxtzsdjlav.supabase.co/storage/v1/object/public/perfume-images/b9855ac8-534d-4e62-a1af-2a2099d28982/t8ashufqxxx-saff-co-troupe.jpg | https://mtdlhxbwblrxtzsdjlav.supabase.co/storage/v1/object/public/perfume-images/b9855ac8-534d-4e62-a1af-2a2099d28982/t8ashwfi8qr-saff-co-troupe.jpg","https://s.shopee.co.id/1gCShRtILD","honino-romeo-roses | loco-scent-red-rhapsody | mykonos-xoxo-rosy | reboura-ellinika-doors | speaks-to-me-slow-sunset","SAFF & Co. TROUPE adalah parfum fruity floral dengan sentuhan amber dan musk yang ringan, cocok untuk kamu yang ingin tampil segar namun tetap hangat.","https://cariparfum.com/parfum/saff-co-troupe","","2026-10-06T13:24:54.629Z"
"SAFF & Co.","XOCOLATL","Extrait de Parfum","226000","IDR","InStock","Pear | Mandarin | Apple","Plumeria | Maltol | Gardenia | Heliotrope","Sandalwood | Coconut | Musk","Fruity | Gourmand","Playful | Nyaman","Masculine","","Sore | Malam | ️ Dingin | ️ Hujan","https://mtdlhxbwblrxtzsdjlav.supabase.co/storage/v1/object/public/perfume-images/1df55532-c263-4f8e-895a-8ae70dfb8039/4d6sz-saff-co-xocolatl.jpg | https://mtdlhxbwblrxtzsdjlav.supabase.co/storage/v1/object/public/perfume-images/1df55532-c263-4f8e-895a-8ae70dfb8039/f26o2-saff-co-xocolatl.jpg","https://s.shopee.co.id/2qOQ5XPScz","project-1945-arumanis | honino-teddys-blanket | merah-poetih-rayuan-pulau-kelapa | the-body-tale-portrait-of-kyoto | fragrance-by-petals-aqua-marine","SAFF & Co. XOCOLATL menghadirkan sensasi fruity-gourmand yang playful dan cozy, cocok untuk suasana santai di sore atau malam hari di Indonesia.","https://cariparfum.com/parfum/saff-co-xocolatl","","2026-10-06T13:25:13.161Z"
"SAKA Perfumery","After Bath","Extrait de Parfum","239000","IDR","InStock","Neroli | Aldehydic Notes | Dihydromyrcenol | Verbena","Orange Blossom | Jasmine | Rose","Sandalwood | Ambroxan | Milk | Musk","Sitrus Segar | Floral","Bersih | Nyaman","Masculine","","Pagi | ️ Siang | Sore | ️ Panas | ️ Hujan","https://mtdlhxbwblrxtzsdjlav.supabase.co/storage/v1/object/public/perfume-images/09fa0293-fca5-440f-815f-d4ac0e27bcec/t9eulzc85u3-saka-perfumery-after-bath.webp | https://mtdlhxbwblrxtzsdjlav.supabase.co/storage/v1/object/public/perfume-images/09fa0293-fca5-440f-815f-d4ac0e27bcec/t9eum0igdxx-saka-perfumery-after-bath.webp","https://s.shopee.co.id/7VAjte85yn","honino-romeo-roses | loco-scent-red-rhapsody | de-antoine-secret-de-tilia | de-antoine-de-tilia | alt-perfumery-martini-in-new-york","SAKA Perfumery After Bath memadukan aroma bersih, floral, dan milky sandalwood yang menenangkan, cocok untuk kamu yang suka parfum dengan nuansa after-shower.","https://cariparfum.com/parfum/saka-perfumery-after-bath","","2026-10-06T13:26:19.290Z"
"SAKA Perfumery","Conny","Extrait de Parfum","179000","IDR","InStock","Coconut","Vanilla","Lactonic Notes | Powdery Notes | Tropical Notes","Gourmand | Powdery","Nyaman | Hangat","Masculine","","Sore | Malam | ️ Dingin | ️ Hujan","https://mtdlhxbwblrxtzsdjlav.supabase.co/storage/v1/object/public/perfume-images/34691b2c-a83c-4a5a-b678-c57c6fc644f4/t9eul5rmjff-saka-perfumery-conny.webp","https://s.shopee.co.id/AUoLTJWhle","house-of-medici-shakespeare-elegiac | mykonos-vanilla-clouds | mykonos-moroccan-vanilla | mykonos-coconut-dreams | make-it-mango-glace","SAKA Perfumery Conny menghadirkan nuansa creamy coconut dan vanilla yang cozy, cocok untuk momen santai di malam sejuk bersama orang terdekat.","https://cariparfum.com/parfum/saka-perfumery-conny","","2026-10-06T13:26:21.894Z"
"SAKA Perfumery","Emily","Extrait de Parfum","229000","IDR","InStock","Patchouli | Woody Notes | White Floral","Powdery Notes | Sweet Notes","Vanilla | Warm Spicy Notes","Amber | Gourmand","Hangat | Nyaman | Elegan","Masculine","","Sore | Malam | ️ Dingin | ️ Hujan","https://mtdlhxbwblrxtzsdjlav.supabase.co/storage/v1/object/public/perfume-images/39fa597a-6651-42d9-a4f8-834719b45acb/t9eukh45gmo-saka-perfumery-emily.webp | https://mtdlhxbwblrxtzsdjlav.supabase.co/storage/v1/object/public/perfume-images/39fa597a-6651-42d9-a4f8-834719b45acb/t9eukh5fof3-saka-perfumery-emily.webp","https://s.shopee.co.id/9zs4sDhj6c","ouru-warm-whiskey | speaks-to-me-slow-sunset | honino-romeo-roses | mykonos-verve | sonder-scents-255","SAKA Perfumery Emily membawa kehangatan manis vanilla dan floral yang elegan, cocok untuk momen santai di malam hari bersama orang tersayang.","https://cariparfum.com/parfum/saka-perfumery-emily","","2026-10-06T13:26:37.467Z"
"SAKA Perfumery","Etherwave","Extrait de Parfum","239000","IDR","InStock","Sea Salt | Bergamot | Sage Officinalis","Seaweed | Sea Water | Barbary Fig","Ambergris | Oakmoss | Driftwood","Akuatik | Aromatik","Menyegarkan | Bersih | Ringan","Masculine","","Pagi | ️ Siang | Sore | ️ Panas | ️ Hujan","https://mtdlhxbwblrxtzsdjlav.supabase.co/storage/v1/object/public/perfume-images/0e02ef0b-1ef7-4b62-82c9-c546afbd95ed/t9eukfpp503-saka-perfumery-etherwave.webp | https://mtdlhxbwblrxtzsdjlav.supabase.co/storage/v1/object/public/perfume-images/0e02ef0b-1ef7-4b62-82c9-c546afbd95ed/t9eukftned5-saka-perfumery-etherwave.webp","https://s.shopee.co.id/4fqYWUicNK","ataraksia-semilir-bayang-mangata | de-antoine-caspian-coast | saka-perfumery-greendaze | house-of-medici-daybreak-angel | laboratori-semplice-bergamot","SAKA Perfumery Etherwave adalah parfum xdp bernuansa laut dan kayu, menggabungkan aroma sea salt, seaweed, dan driftwood yang segar untuk pemakaian sehari-hari.","https://cariparfum.com/parfum/saka-perfumery-etherwave","","2026-10-06T13:24:57.430Z"
"SAKA Perfumery","Florance","Extrait de Parfum","174000","IDR","InStock","Mandarin Orange | Bergamot | Grapefruit | Blackcurrant","Green Notes | Osmanthus | Peony | Magnolia | Jasmine Sambac","Lily | Vanilla | White Musk","Floral | Sitrus Segar","Menyegarkan | Ringan","Masculine","","Pagi | ️ Siang | Sore | ️ Panas | ️ Hujan","https://mtdlhxbwblrxtzsdjlav.supabase.co/storage/v1/object/public/perfume-images/c884d8c6-aaea-4580-88e9-f74dd9a8759a/t9eul27alsd-saka-perfumery-florance.webp | https://mtdlhxbwblrxtzsdjlav.supabase.co/storage/v1/object/public/perfume-images/c884d8c6-aaea-4580-88e9-f74dd9a8759a/t9eul215jwz-saka-perfumery-florance.webp","https://s.shopee.co.id/5q2VuXtjLY","voie-mistinguett | royal-fragrance-symphony-of-yogyakarta | wonderlust-fragrance-philia | notts-stellar | mandalika-sweet-cherry-rose","SAKA Perfumery Florance adalah parfum floral-fresh dengan sentuhan buah dan musk, cocok untuk kamu yang suka aroma segar elegan di pagi hingga sore hari.","https://cariparfum.com/parfum/saka-perfumery-florance","","2026-10-06T13:25:19.977Z"
"SAKA Perfumery","Greendaze","Extrait de Parfum","239000","IDR","InStock","Bergamot | Basil | Tomato Leaf | Green Mandarin","Tomato | Buchu | Celery Salt | Rose","Sea Salt | Cedar | Ambergris | Musk","Hijau Segar | Akuatik","Menyegarkan | Bersih","Masculine","","Pagi | ️ Siang | Sore | ️ Panas | ️ Hujan","https://mtdlhxbwblrxtzsdjlav.supabase.co/storage/v1/object/public/perfume-images/a68d566a-d8c8-4b8f-b7d8-b3be0ba34b39/t9eukkhi5ul-saka-perfumery-greendaze.webp | https://mtdlhxbwblrxtzsdjlav.supabase.co/storage/v1/object/public/perfume-images/a68d566a-d8c8-4b8f-b7d8-b3be0ba34b39/t9eukkagi84-saka-perfumery-greendaze.webp | https://mtdlhxbwblrxtzsdjlav.supabase.co/storage/v1/object/public/perfume-images/a68d566a-d8c8-4b8f-b7d8-b3be0ba34b39/t9eukmod5vj-saka-perfumery-greendaze.webp","https://s.shopee.co.id/2g5U8nK7RZ","honino-romeo-roses | loco-scent-red-rhapsody | world-of-make-scents-ermis-solid-perfume | de-antoine-rosa-damascena | saka-perfumery-etherwave","SAKA Perfumery Greendaze adalah parfum fresh green dengan sentuhan tomato leaf dan sea salt, menghadirkan nuansa alami yang segar dan berbeda untuk pecinta.","https://cariparfum.com/parfum/saka-perfumery-greendaze","","2026-10-06T13:26:28.812Z"
"SAKA Perfumery","Harrods","Extrait de Parfum","274000","IDR","InStock","Calabrian Bergamot | Blackcurrant | White Peach | Coconut","Egyptian Jasmine | Violet | Bulgarian Rose","Vanilla | White Musk","Fruity | Floral Lembut","Playful | Nyaman","Masculine","","Sore | Malam | ️ Dingin | ️ Hujan","https://mtdlhxbwblrxtzsdjlav.supabase.co/storage/v1/object/public/perfume-images/0201ffe4-bded-4eae-b5b7-d03885441b72/t9eul3xevbf-saka-perfumery-harrods.webp | https://mtdlhxbwblrxtzsdjlav.supabase.co/storage/v1/object/public/perfume-images/0201ffe4-bded-4eae-b5b7-d03885441b72/t9eul4uqt83-saka-perfumery-harrods.webp","https://s.shopee.co.id/8KjqtItZxc","mykonos-moroccan-vanilla | honino-romeo-roses | loco-scent-red-rhapsody | mykonos-baby-love | loco-scent-mocktail-in-the-garden","SAKA Perfumery Harrods memadukan buah segar, floral elegan, dan sentuhan vanilla-musk yang creamy. Ideal untuk kamu yang suka nuansa feminin modern.","https://cariparfum.com/parfum/saka-perfumery-harrods","","2026-10-06T13:25:29.102Z"
"SAKA Perfumery","Montpellier","Extrait de Parfum","179000","IDR","InStock","Mandarin Orange | Citrus | Peony","Osmanthus | Rose","Sandalwood | Pink Pepper | Patchouli","Sitrus Segar | Floral","Menyegarkan | Bersih | Hangat","Masculine","","Pagi | ️ Siang | Sore | ️ Panas | ️ Hujan","https://mtdlhxbwblrxtzsdjlav.supabase.co/storage/v1/object/public/perfume-images/841d25a8-526a-44d6-be21-eeabcb9433c7/t9eukzc2g41-saka-perfumery-montpellier.webp","https://s.shopee.co.id/AUoLT6Bcus","loco-scent-red-rhapsody | mykonos-xoxo-rosy | scentalgia-fragrance-raw-morning-09-00am | sighnil-orange-wine-peppy-musk | de-antoine-secret-de-tilia","SAKA Perfumery Montpellier menghadirkan kombinasi citrus, floral, dan sandalwood yang segar-hangat, cocok dipakai harian di cuaca tropis Indonesia.","https://cariparfum.com/parfum/saka-perfumery-montpellier","","2026-10-06T13:26:15.842Z"
"SAKA Perfumery","Nashville","Extrait de Parfum","174000","IDR","InStock","Strawberry | Grapefruit | Pineapple | Passion Fruit | Tangerine","Jasmine | Peony | Vanilla Orchid | Red Berries | Lily of the Valley","Oakmoss | Woody Notes | Musk","Fruity | Floral","Playful | Menyegarkan","Masculine","","️ Siang | Sore | ️ Panas | ️ Hujan","https://mtdlhxbwblrxtzsdjlav.supabase.co/storage/v1/object/public/perfume-images/c27be35b-474a-4092-8d43-d28b6a8c9715/t9eul0eea1f-saka-perfumery-nashville.webp","https://s.shopee.co.id/9fFETTOmin","alt-perfumery-foxy | honino-romeo-roses | loco-scent-mocktail-in-the-garden | royal-fragrance-mon-cheri | evesol-jinggala","SAKA Perfumery Nashville menghadirkan aroma fruity-floral yang segar dan playful dengan sentuhan musky-woody, cocok untuk suasana santai hingga aktivitas.","https://cariparfum.com/parfum/saka-perfumery-nashville","","2026-10-06T13:25:37.372Z"
"SAKA Perfumery","O’Real","Extrait de Parfum","229000","IDR","InStock","Pear | Blackcurrant","Orange Blossom | Jasmine | Iris","Praline | Vanilla | Patchouli | Tonka Bean","Fruity | Gourmand","Nyaman | Hangat | Playful","Masculine","","Sore | Malam | ️ Dingin | ️ Hujan","https://mtdlhxbwblrxtzsdjlav.supabase.co/storage/v1/object/public/perfume-images/d28dbe41-c53b-4a57-9e0f-43bca785ab51/t9euhpenezq-saka-perfumery-o-real-rev.webp | https://mtdlhxbwblrxtzsdjlav.supabase.co/storage/v1/object/public/perfume-images/d28dbe41-c53b-4a57-9e0f-43bca785ab51/t9euhp21w8t-saka-perfumery-o-real-rev.webp","https://s.shopee.co.id/9pYefgAYYK","mykonos-verve | sighnil-rose-de-praline | royal-fragrance-cheerful | royal-fragrance-redberry | mykonos-black-opera","SAKA Perfumery O’Real memadukan nuansa buah, floral, dan gourmand yang creamy dan hangat, cocok untuk malam santai atau momen spesial penuh keakraban.","https://cariparfum.com/parfum/saka-perfumery-oreal","","2026-10-06T13:25:22.672Z"
"SAKA Perfumery","Olgaline","Extrait de Parfum","229000","IDR","InStock","Lemon | Water Note","Rose | Sugar","Cedar | Vanilla | White Musk | Sugar","Floral | Gourmand","Nyaman | Menyegarkan","Masculine","","Sore | Malam | ️ Panas | ️ Hujan","https://mtdlhxbwblrxtzsdjlav.supabase.co/storage/v1/object/public/perfume-images/5946ba7b-0423-4909-b17e-e4561c20f290/t9euhruw7p6-saka-perfumery-olgaline-rev.webp | https://mtdlhxbwblrxtzsdjlav.supabase.co/storage/v1/object/public/perfume-images/5946ba7b-0423-4909-b17e-e4561c20f290/t9euhrg86q1-saka-perfumery-olgaline-rev.webp","https://s.shopee.co.id/8fMhHZROB3","mykonos-moroccan-vanilla | loco-scent-red-rhapsody | honino-romeo-roses | citizens-of-the-world-cafe-du-monde | yn-perfumery-rose-in-september","SAKA Perfumery Olgaline menghadirkan aroma lemon segar, rose manis, dan kehangatan vanilla-cedar yang cozy, cocok untuk sore santai di iklim tropis Indonesia.","https://cariparfum.com/parfum/saka-perfumery-olgaline","","2026-10-06T13:25:16.974Z"
"SAKA Perfumery","Sunward","Extrait de Parfum","239000","IDR","InStock","Citrus | Chamomile","Jasmine | Almond","Sandalwood | Musk","Sitrus Segar | Floral","Energik | Menenangkan","Masculine","","Pagi | ️ Siang | Sore | ️ Panas | ️ Hujan","https://mtdlhxbwblrxtzsdjlav.supabase.co/storage/v1/object/public/perfume-images/c5b64a49-2ee5-439c-949e-a84e739fe788/t9eukideivo-saka-perfumery-sunward.webp | https://mtdlhxbwblrxtzsdjlav.supabase.co/storage/v1/object/public/perfume-images/c5b64a49-2ee5-439c-949e-a84e739fe788/t9eukiaz94j-saka-perfumery-sunward.webp","https://s.shopee.co.id/6KymVXq0uP","the-body-tale-teamomile | notts-hatsukoi | honino-romeo-roses | layr-velvet-dream | die-without-smell-yes-honey","SAKA Perfumery Sunward adalah parfum segar dan lembut dengan nuansa citrus, chamomile, dan sandalwood, cocok untuk hari-hari aktif di iklim tropis Indonesia.","https://cariparfum.com/parfum/saka-perfumery-sunward","","2026-10-06T13:25:51.686Z"
"SAKA Perfumery","Te Anue","Extrait de Parfum","174000","IDR","InStock","Orange Blossom | Pear | Pink Pepper","Jasmine | Coffee","Cedar | Vanilla | Patchouli","Gourmand | Floral","Nyaman | Hangat | Playful","Masculine","","Sore | Malam | ️ Dingin | ️ Hujan","https://mtdlhxbwblrxtzsdjlav.supabase.co/storage/v1/object/public/perfume-images/7b913409-0177-4224-b7ac-be22029e5897/t9euhq2za4j-saka-perfumery-te-anue-rev.webp","https://s.shopee.co.id/7AXtSnvGOc","mykonos-black-opera | sumu-legacy | saff-co-chno | mykonos-verve | wonderlust-fragrance-gunnen","SAKA Perfumery Te Anue adalah parfum gourmand floral dengan nuansa kopi, vanilla, dan cedar, cocok untuk malam santai atau momen spesial di suasana sejuk.","https://cariparfum.com/parfum/saka-perfumery-te-anue","","2026-10-06T13:25:49.186Z"
"SAKA Perfumery","Teaphoria","Extrait de Parfum","239000","IDR","InStock","Mirabelle | Bergamot | Plum | Freesia","Orange Blossom | Osmanthus | Darjeeling Tea | Jasmine Sambac","Amber | Sandalwood | Cedar | Musk","Hijau Segar | Fruity","Menyegarkan | Menenangkan","Masculine","","Pagi | ️ Siang | Sore | ️ Panas | ️ Hujan","https://mtdlhxbwblrxtzsdjlav.supabase.co/storage/v1/object/public/perfume-images/ac0e94a8-3486-4459-8005-ef1cb6136244/t9eukdzsrf5-saka-perfumery-teaphoria.webp | https://mtdlhxbwblrxtzsdjlav.supabase.co/storage/v1/object/public/perfume-images/ac0e94a8-3486-4459-8005-ef1cb6136244/t9eukeb2dgd-saka-perfumery-teaphoria.webp","https://s.shopee.co.id/2qOuL5GeoL","wonderlust-fragrance-philia | wonderlust-fragrance-flaneur | honino-romeo-roses | loco-scent-harvest-feast | layr-slow-dance","SAKA Perfumery Teaphoria adalah parfum xdp dengan karakter fresh green fruity floral yang ringan, menyegarkan, dan nyaman dipakai sehari-hari.","https://cariparfum.com/parfum/saka-perfumery-teaphoria","","2026-10-06T13:24:58.793Z"
"SAKA Perfumery","Tifany","Extrait de Parfum","174000","IDR","InStock","Sicilian Mandarin","Apricot | Peach | Damask Rose | Pink peony","White Musk","Fruity | Floral","Playful | Bersih","Masculine","","Pagi | ️ Siang | Sore | ️ Panas | ️ Hujan","https://mtdlhxbwblrxtzsdjlav.supabase.co/storage/v1/object/public/perfume-images/c5814454-fe8c-4624-95d9-9afaa3ce3ffe/t9euhshl4wp-saka-perfumery-tifany-rev.webp","https://s.shopee.co.id/9fFETRR6Zt","compounded-by-fiona | royal-fragrance-flourish | loco-scent-red-rhapsody | yn-perfumery-rose-in-september | mykonos-xoxo-rosy","SAKA Perfumery Tifany membawa kombinasi segar mandarin, buah dan bunga lembut dengan sentuhan white musk yang bersih, cocok untuk aktivitas harian tropis.","https://cariparfum.com/parfum/saka-perfumery-tifany","","2026-10-06T13:26:31.371Z"
"SAKA Perfumery","Treasure","Extrait de Parfum","294000","IDR","InStock","French Violet | Violet Leaf","Powdery Notes | Ozonic Notes | Aquatic Notes","Leather | Smoky Notes","Powdery | Kering & Smoky","Misterius | Elegan","Masculine","","Malam | ️ Dingin | ️ Hujan","https://mtdlhxbwblrxtzsdjlav.supabase.co/storage/v1/object/public/perfume-images/88a1b918-06bb-4908-8b0e-2ebbba5329de/tb8aetc4o5w-saka-perfumery-treasure.webp | https://mtdlhxbwblrxtzsdjlav.supabase.co/storage/v1/object/public/perfume-images/88a1b918-06bb-4908-8b0e-2ebbba5329de/tb8aeux2h1j-saka-perfumery-treasure.webp","https://s.shopee.co.id/6pvdlHSqqI","laboratori-semplice-violet-leaf | fordive-miracle-in-scent-mis","SAKA Perfumery Treasure menghadirkan perpaduan violet powdery, ozonic segar, dan leather smoky yang unik, cocok untuk malam sejuk dan momen istimewa.","https://cariparfum.com/parfum/saka-perfumery-treasure","","2026-10-06T13:25:25.385Z"
"SAKA Perfumery","Valetta","Extrait de Parfum","229000","IDR","InStock","Blackcurrant | Green Mandarin","Oakmoss | Neroli | Patchouli | Rose","Vanilla | White Musk","Fruity | Floral Lembut","Bersih | Nyaman","Masculine","","Sore | Malam | ️ Panas | ️ Hujan","https://mtdlhxbwblrxtzsdjlav.supabase.co/storage/v1/object/public/perfume-images/81711fab-7652-4bfb-bb67-b4b9e0e54922/t9euhn028ja-saka-perfumery-valetta-rev.webp | https://mtdlhxbwblrxtzsdjlav.supabase.co/storage/v1/object/public/perfume-images/81711fab-7652-4bfb-bb67-b4b9e0e54922/t9euhogjcmj-saka-perfumery-valetta-rev.webp","https://s.shopee.co.id/1gCwwgdang","mykonos-moroccan-vanilla | loco-scent-red-rhapsody | honino-romeo-roses | citizens-of-the-world-cafe-du-monde | sarcasm-fragrance-sigma","SAKA Perfumery Valetta memadukan kesegaran blackcurrant dan green mandarin dengan sentuhan vanilla dan musk, memberi aroma clean yang lembut dan nyaman.","https://cariparfum.com/parfum/saka-perfumery-valetta","","2026-10-06T13:26:01.724Z"
"Sarcasm Fragrance","Above The Norm","Extrait de Parfum","178000","IDR","InStock","Maninka | Ozonic Note","Lavender | Cardamom","Sandalwood | Vanilla Husk","Akuatik | Woody","Ringan | Hangat | Menenangkan","Masculine","","Sore | Malam | ️ Panas | ️ Dingin | ️ Hujan","https://mtdlhxbwblrxtzsdjlav.supabase.co/storage/v1/object/public/perfume-images/3eae56d6-284a-4fdf-9a3e-b0256ff3ffd8/t8axegxxg6s-sarcasm-fragrance-above-the-norm.webp | https://mtdlhxbwblrxtzsdjlav.supabase.co/storage/v1/object/public/perfume-images/3eae56d6-284a-4fdf-9a3e-b0256ff3ffd8/t8axegtpah6-sarcasm-fragrance-above-the-norm.webp | https://mtdlhxbwblrxtzsdjlav.supabase.co/storage/v1/object/public/perfume-images/3eae56d6-284a-4fdf-9a3e-b0256ff3ffd8/t8axehly5lx-sarcasm-fragrance-above-the-norm.webp","https://s.shopee.co.id/5fibAulw57","de-antoine-emperor-s-spice | sonder-scents-255 | layr-midnight-haze | atsiri-buai | reboura-bibliosmia","Sarcasm Fragrance Above The Norm menyatukan nuansa ozonic, lavender, sandalwood, dan vanilla menjadi parfum hangat dan airy, pas untuk sore hingga malam santai.","https://cariparfum.com/parfum/sarcasm-fragrance-above-the-norm","","2026-10-06T13:25:19.899Z"
"Sarcasm Fragrance","ALL EYES ON ME","Extrait de Parfum","169000","IDR","InStock","Bourbon","Oak | Cinnamon","Sandalwood | Toasted Almond | Vanilla","Woody | Gourmand","Hangat | Nyaman","Masculine","","Sore | Malam | ️ Dingin","https://mtdlhxbwblrxtzsdjlav.supabase.co/storage/v1/object/public/perfume-images/27837b74-ad19-471b-9edc-23e1deb829ed/t8axecnfsk3-sarcasm-fragrance-all-eyes-on-me.webp | https://mtdlhxbwblrxtzsdjlav.supabase.co/storage/v1/object/public/perfume-images/27837b74-ad19-471b-9edc-23e1deb829ed/t8axecjhhyh-sarcasm-fragrance-all-eyes-on-me.webp | https://mtdlhxbwblrxtzsdjlav.supabase.co/storage/v1/object/public/perfume-images/27837b74-ad19-471b-9edc-23e1deb829ed/t8axedarfp7-sarcasm-fragrance-all-eyes-on-me.webp","https://s.shopee.co.id/1BGBohJB9J","loco-scent-saturday-cheers | mandalika-only-the-brave | world-of-make-scents-kiko-crumbs-solid-perfume | speaks-to-me-the-fearless | speaks-to-me-madly-deeply-loved","Sarcasm Fragrance ALL EYES ON ME membawa suasana bar malam yang hangat dan gourmand, dengan sentuhan bourbon, kayu, dan vanilla yang menggoda.","https://cariparfum.com/parfum/sarcasm-fragrance-all-eyes-on-me","","2026-10-06T13:26:20.918Z"
"Sarcasm Fragrance","FIRST CLASS","Extrait de Parfum","169000","IDR","InStock","Rum | Pink Pepper | Coriander","Tuberose","Tobacco | Tonka Bean | Moss","Kering & Smoky | Floral","Tegas | Misterius | Hangat","Masculine","","Sore | Malam | ️ Dingin","https://mtdlhxbwblrxtzsdjlav.supabase.co/storage/v1/object/public/perfume-images/cc239d31-dc8c-42eb-b812-98fa7440ea51/t8axej1k8dj-sarcasm-fragrance-first-class.webp | https://mtdlhxbwblrxtzsdjlav.supabase.co/storage/v1/object/public/perfume-images/cc239d31-dc8c-42eb-b812-98fa7440ea51/t8axejzr8h8-sarcasm-fragrance-first-class.webp","https://s.shopee.co.id/AAB0XDm0YW","world-of-make-scents-glory | world-of-make-scents-glory-solid-perfume | laboratori-semplice-tuberose | house-of-medici-gabriella-the-white-beams | alt-perfumery-joie-de-vivre","Sarcasm Fragrance FIRST CLASS menawarkan aroma rum hangat, tembakau, dan tuberose yang bold, cocok untuk malam elegan dan suasana penuh karakter.","https://cariparfum.com/parfum/sarcasm-fragrance-first-class","","2026-10-06T13:26:32.637Z"
"Sarcasm Fragrance","Metamorfa","Extrait de Parfum","168000","IDR","InStock","Cardamom","Caramel | Salt","Vanilla | Cashmeran | Tobacco","Gourmand | Kering & Smoky","Hangat | Nyaman | Tegas","Masculine","","Malam | ️ Dingin","https://mtdlhxbwblrxtzsdjlav.supabase.co/storage/v1/object/public/perfume-images/3b51d841-38cf-4f0d-9dd6-bef9429999a9/t8axfisaly1-sarcasm-fragrance-metamorfa.webp | https://mtdlhxbwblrxtzsdjlav.supabase.co/storage/v1/object/public/perfume-images/3b51d841-38cf-4f0d-9dd6-bef9429999a9/t8axfjtydjv-sarcasm-fragrance-metamorfa.webp | https://mtdlhxbwblrxtzsdjlav.supabase.co/storage/v1/object/public/perfume-images/3b51d841-38cf-4f0d-9dd6-bef9429999a9/t8axfkv1lhr-sarcasm-fragrance-metamorfa.webp","https://s.shopee.co.id/20pIoFtxL6","mykonos-caramel-fudge-cookie | mykonos-vanilla-clouds | anntumma-anntumma | reboura-bibliosmia | mandalika-only-the-brave","Sarcasm Fragrance Metamorfa menawarkan aroma caramel asin dan vanilla tembakau yang hangat, pas untuk suasana santai atau malam penuh keintiman.","https://cariparfum.com/parfum/sarcasm-fragrance-metamorfa","","2026-10-06T13:25:49.201Z"
"Sarcasm Fragrance","PLEASURE","Eau de Parfum","149000","IDR","InStock","Lavender","Ambrette (Musk Mallow) | Pear | Iris","Virginia Cedarwood | Vetiver","Aromatik | Powdery","Menenangkan | Elegan","Masculine","","️ Siang | Sore | Malam | ️ Panas | ️ Hujan","https://mtdlhxbwblrxtzsdjlav.supabase.co/storage/v1/object/public/perfume-images/d8ae631b-7f8a-410d-b574-8d7a64bd4019/t8axfq9u5us-sarcasm-fragrance-pleasure.webp | https://mtdlhxbwblrxtzsdjlav.supabase.co/storage/v1/object/public/perfume-images/d8ae631b-7f8a-410d-b574-8d7a64bd4019/t8axfqpk101-sarcasm-fragrance-pleasure.webp","https://s.shopee.co.id/9KbtVlk6ru","mandalika-24-hours | satellite-of-glow-santorini-omorfia | kitraka-meridian | mandalika-irresistible | world-of-make-scents-bliss-solid-perfume","Sarcasm Fragrance PLEASURE menawarkan kesegaran lavender dan iris powdery yang lembut dengan sentuhan pir dan cedar, ideal untuk hari-hari santai penuh.","https://cariparfum.com/parfum/sarcasm-fragrance-pleasure","","2026-10-06T13:26:32.695Z"
"Sarcasm Fragrance","SIGMA","Extrait de Parfum","160000","IDR","InStock","Bergamot | Blackcurrant | Pineapple | Apple","Patchouli | Birch | Rose | Moroccan Jasmine","Ambergris | Vanilla | Oakmoss | Musk","Fruity | Amber","Hangat | Elegan","Masculine","","Sore | Malam | ️ Dingin | ️ Hujan","https://mtdlhxbwblrxtzsdjlav.supabase.co/storage/v1/object/public/perfume-images/d250ac10-dfc1-4bb3-8fa2-0eb29a094de7/t8axfn9zp9o-sarcasm-fragrance-sigma.webp | https://mtdlhxbwblrxtzsdjlav.supabase.co/storage/v1/object/public/perfume-images/d250ac10-dfc1-4bb3-8fa2-0eb29a094de7/t8axfoog7ti-sarcasm-fragrance-sigma.webp | https://mtdlhxbwblrxtzsdjlav.supabase.co/storage/v1/object/public/perfume-images/d250ac10-dfc1-4bb3-8fa2-0eb29a094de7/t8axfo928oe-sarcasm-fragrance-sigma.webp","https://s.shopee.co.id/3Ve6Yx95Ho","honino-romeo-roses | honor-perfume-royce | loco-scent-red-rhapsody | loco-scent-mocktail-in-the-garden | scuse-me-to-be-a-wallflower","Sarcasm Fragrance SIGMA menghadirkan aroma buah segar, kayu hangat, dan sentuhan manis dewasa yang cocok untuk sore hingga malam hari di cuaca tropis.","https://cariparfum.com/parfum/sarcasm-fragrance-sigma","","2026-10-06T13:25:40.244Z"
"Satellite of Glow","Aura Ubud","Eau de Parfum","189000","IDR","InStock","Mandarin | Blackcurrant | Guava","Orange Blossom | Jasmine | Tuberose","Cedarwood | Vanilla | Musk","Floral | Fruity","Hangat | Playful","Masculine","","Sore | Malam | ️ Panas | ️ Hujan","https://mtdlhxbwblrxtzsdjlav.supabase.co/storage/v1/object/public/perfume-images/f8bca458-1cf9-48be-8c4d-de83fa67ca78/td33fl2vqpx-satellite-of-glow-aura-ubud.webp","https://s.shopee.co.id/5flwr98dBF","scent-of-jarte-blank-space | aamodini-kirana | gioia-fragrances-siena | mandalika-irresistible | de-antoine-boise","Satellite of Glow Aura Ubud menghadirkan aroma buah tropis dan white floral yang creamy, cocok untuk kamu yang ingin sensasi hangat sekaligus segar sepanjang.","https://cariparfum.com/parfum/satellite-of-glow-aura-ubud","","2026-10-06T13:25:27.714Z"
"Satellite of Glow","Cielo","Eau de Parfum","219000","IDR","InStock","Bergamot | Mandarin | Lavender | Orange","Orange Blossom | Jasmine Sambac | Orchid","Ambergris | Madagascar Vanilla | Vetiver | Tonka Bean","Floral | Amber","Hangat | Nyaman | Menenangkan","Masculine","","Sore | Malam | ️ Dingin | ️ Hujan","https://mtdlhxbwblrxtzsdjlav.supabase.co/storage/v1/object/public/perfume-images/caddef1e-217a-4885-acf6-30efa0bacc88/td33fj7oa64-satellite-of-glow-cielo.webp","https://s.shopee.co.id/3LO2520UR1","aamodini-kirana | scuse-me-bella-donna | world-of-make-scents-kiko-crumbs-solid-perfume | saudade-olfactory-bonsai-we-kept | ouru-vanilla-velvet-2-0","Satellite of Glow Cielo adalah parfum EDP floral-amber yang lembut dan menenangkan, cocok untuk sore hingga malam hari dengan nuansa vanilla dan bunga.","https://cariparfum.com/parfum/satellite-of-glow-cielo","","2026-10-06T13:26:03.155Z"
"Satellite of Glow","Kapadokya Mistik","Eau de Parfum","199000","IDR","InStock","Fresh Lemon | Cardamom","Jasmine | Cypriol","Amber | Vanilla | Musk","Floral | Amber","Hangat | Nyaman","Masculine","","Sore | Malam | ️ Dingin | ️ Hujan","https://mtdlhxbwblrxtzsdjlav.supabase.co/storage/v1/object/public/perfume-images/9a420671-acdd-4851-97c0-51d158cf2126/td33firjwz1-satellite-of-glow-kapadokya-mistik.webp","https://s.shopee.co.id/40disBpWyX","honino-romeo-roses | ouru-warm-whiskey | alt-perfumery-always-right | layr-midnight-haze | reboura-living-montage","Satellite of Glow Kapadokya Mistik adalah EDP yang memadukan segarnya lemon dan cardamom dengan kehangatan amber, musk, dan vanilla, cocok untuk malam santai.","https://cariparfum.com/parfum/satellite-of-glow-kapadokya-mistik","","2026-10-06T13:25:55.041Z"
"Satellite of Glow","Kimononique","Eau de Parfum","199000","IDR","InStock","Sweet Apricot | Osmanthus | Rose","Jasmine | Muguet | Champaca","Sandalwood | Cream | White Musk","Floral | Fruity","Nyaman | Bersih","Masculine","","️ Siang | Sore | Malam | ️ Panas | ️ Hujan","https://mtdlhxbwblrxtzsdjlav.supabase.co/storage/v1/object/public/perfume-images/49465442-fb57-48ad-987d-fb82cde033ac/td33fm4mrpp-satellite-of-glow-kimononique.webp","https://s.shopee.co.id/6AiDS6J7QK","loco-scent-red-rhapsody | de-antoine-secret-de-tilia | de-antoine-de-tilia | honino-romeo-roses | unspoken-timber","Satellite of Glow Kimononique menawarkan aroma floral fruity yang creamy dan lembut, cocok untuk kamu yang suka kesan bersih dan nyaman sepanjang hari.","https://cariparfum.com/parfum/satellite-of-glow-kimononique","","2026-10-06T13:24:58.816Z"
"Satellite of Glow","Santorini Omorfia","Eau de Parfum","179000","IDR","InStock","Orange Blossom | Bergamot","Ambrette | Tuberose | Iris","Cedarwood | Vanilla | Musk","Powdery | Floral Lembut","Nyaman | Elegan","Masculine","","Sore | Malam | ️ Dingin | ️ Hujan","https://mtdlhxbwblrxtzsdjlav.supabase.co/storage/v1/object/public/perfume-images/4bf723e4-438a-488a-bd7b-134fdcb43e19/td33ffh0psv-satellite-of-glow-santorini-omorfia.webp","https://s.shopee.co.id/9zuw1893QI","honino-romeo-roses | amthra-you-drive-me-nutty | reboura-flora-notes | gioia-fragrances-siena | satellite-of-glow-aura-ubud","Satellite of Glow Santorini Omorfia memadukan iris, tuberose, dan vanilla dalam nuansa floral powdery yang hangat, cocok untuk sore-malam di iklim tropis.","https://cariparfum.com/parfum/satellite-of-glow-santorini-omorfia","","2026-10-06T13:26:07.322Z"
"Satellite of Glow","Sophistique","Eau de Parfum","199000","IDR","InStock","Pear | Pomegranate","Raspberry | Rose | Magnolia","Amber | Sandalwood | Vanilla","Floral | Fruity","Playful | Nyaman","Masculine","","Sore | Malam | ️ Panas | ️ Hujan","https://mtdlhxbwblrxtzsdjlav.supabase.co/storage/v1/object/public/perfume-images/c1099fdb-0007-4219-9f61-ce46a6e7c273/td33fnlndh4-satellite-of-glow-sophistique.webp","https://s.shopee.co.id/BR0J5Ov5t","honino-romeo-roses | loco-scent-red-rhapsody | mykonos-moroccan-vanilla | die-without-smell-you-name-it | mykonos-xoxo-rosy","Satellite of Glow Sophistique adalah parfum EDP bernuansa fruity-floral dengan sentuhan creamy woods dan vanilla, pas untuk momen hangout sore hingga malam.","https://cariparfum.com/parfum/satellite-of-glow-sophistique","","2026-10-06T13:25:42.321Z"
"Satellite of Glow","Tanaww","Eau de Parfum","195000","IDR","InStock","Citrus | Blackcurrant | Muguet","Candied Lemon | Jasmine | Rose","Cedarwood | Cooked Sugar | Dry Amber Note","Floral | Gourmand","Playful | Nyaman","Masculine","","Sore | Malam | ️ Panas | ️ Hujan","https://mtdlhxbwblrxtzsdjlav.supabase.co/storage/v1/object/public/perfume-images/8b917b67-b5a2-457a-94e6-40b068a71305/td33fh67ajh-satellite-of-glow-tanaww.webp","https://s.shopee.co.id/9UyfQOsMSH","loco-scent-red-rhapsody | yn-perfumery-rose-in-september | mandalika-forbidden-temptation | speaks-to-me-the-dreamer | honino-romeo-roses","Satellite of Glow Tanaww adalah parfum EDP yang memadukan citrus, gula karamel, dan floral lembut, menciptakan kesan playful dan cozy yang cocok untuk sore.","https://cariparfum.com/parfum/satellite-of-glow-tanaww","","2026-10-06T13:25:09.083Z"
"Saudade Olfactory","Bonsai We Kept","Eau de Parfum","368000","IDR","InStock","Bergamot | Mandarin | Petitgrain | Neroli | Lemon","Ginger | Orange Blossom | Lavender | Ylang-Ylang | Mint","Cedarwood | Ambergris | Patchouli | Musk","Sitrus Segar | Woody","Menyegarkan | Bersih | Menenangkan","Masculine","","Pagi | ️ Siang | Sore | ️ Panas | ️ Hujan","https://mtdlhxbwblrxtzsdjlav.supabase.co/storage/v1/object/public/perfume-images/b148fe9a-611e-41b9-9a87-ebd1cf519bd5/t9ff1kr4381-saudade-olfactory-bonsai-we-kept.webp","https://s.shopee.co.id/4fqdMsU6EO","aamodini-kirana | honino-shower-song | fragrance-by-petals-elysian-bloom | mykonos-sorrento | argve-ardour","Saudade Olfactory Bonsai We Kept menghadirkan sensasi kebun citrus dan kayu yang segar, cocok untuk kamu yang suka aroma fresh, clean, dan menenangkan.","https://cariparfum.com/parfum/saudade-olfactory-bonsai-we-kept","","2026-10-06T13:26:30.146Z"
"Saudade Olfactory","First Ride","Eau de Parfum","368000","IDR","InStock","Saffron","Myrrh | Frankincense | Lily of the Valley","Vanilla | Benzoin | Musk","Amber | Floral","Hangat | Nyaman | Misterius","Masculine","","Sore | Malam | ️ Dingin | ️ Hujan","https://mtdlhxbwblrxtzsdjlav.supabase.co/storage/v1/object/public/perfume-images/c4d8856a-9e74-411b-962e-4e057d2cfbf9/t9ff2tz97um-saudade-olfactory-first-ride.webp","https://s.shopee.co.id/9zs9ijwM8j","house-of-medici-shakespeare-elegiac | honino-romeo-roses | loco-scent-red-rhapsody | loco-scent-smoke-on-top | reboura-flora-notes","Saudade Olfactory First Ride adalah EDP dengan nuansa amber floral, resinous, dan sentuhan vanilla yang hangat, ideal untuk malam atau sore sejuk.","https://cariparfum.com/parfum/saudade-olfactory-first-ride","","2026-10-06T13:25:58.647Z"
"Saudade Olfactory","Hidden Shrine","Eau de Parfum","363000","IDR","InStock","Bergamot | Ginger Zest | Grapefruit Solaris","Lotus Flower | Violet Zen Accord | Rosemary","Cedarwood | Hinoki Mokuzai | Vetiver","Woody | Sitrus Segar","Bersih | Menenangkan","Masculine","","Pagi | ️ Siang | Sore | ️ Panas | ️ Hujan","https://mtdlhxbwblrxtzsdjlav.supabase.co/storage/v1/object/public/perfume-images/2aff79f2-c9ac-45fb-bce1-b77b12d537ef/td6pt4p16u9-saudade-olfactory-hidden-shrine.webp","https://s.shopee.co.id/9ALwrm1BlV","kitraka-meridian | botanical-essentials-after-hours | evoste-citrine-flame | maison-garnet-sounds-of-the-alps | mine-perfumery-narcotique","Saudade Olfactory Hidden Shrine adalah parfum woody citrus yang menenangkan dengan sentuhan hinoki dan bergamot, cocok untuk suasana santai dan segar.","https://cariparfum.com/parfum/saudade-olfactory-hidden-shrine","","2026-10-06T13:26:21.020Z"
"Saudade Olfactory","Pinky Promise","Eau de Parfum","368000","IDR","InStock","Moroccan Rose","Black Pepper | Taif Rose","Cedarwood | Ambrette | Pomegranate","Floral | Fruity","Playful | Elegan","Masculine","","️ Siang | Sore | ️ Panas | ️ Hujan","https://mtdlhxbwblrxtzsdjlav.supabase.co/storage/v1/object/public/perfume-images/52491dba-523a-4568-af0a-c31c73b268cd/t9ff2u16wo3-saudade-olfactory-pinky-promise.webp","https://s.shopee.co.id/6VIHYIS1iN","loco-scent-red-rhapsody | maison-garnet-alhambra-rose | mykonos-xoxo-rosy | astree-villa-de-la-rose | yn-perfumery-rose-in-september","Saudade Olfactory Pinky Promise adalah EDP floral fruity dengan nuansa rose segar dan pomegranate yang playful, cocok untuk sore hangat dan suasana santai.","https://cariparfum.com/parfum/saudade-olfactory-pinky-promise","","2026-10-06T13:25:37.044Z"
"Saudade Olfactory","Tangled Thread","Eau de Parfum","368000","IDR","InStock","Green Tea | Neroli","Lotus | Jasmine | Lily of the Valley","Clean Musk | White Woods","Hijau Segar | Floral","Bersih | Menenangkan | Menyegarkan","Masculine","","Pagi | ️ Siang | Sore | ️ Panas | ️ Hujan","https://mtdlhxbwblrxtzsdjlav.supabase.co/storage/v1/object/public/perfume-images/5248e024-dd3c-4bf7-8a85-884c50e27c39/t9ff2rzujio-saudade-olfactory-tangled-thread.webp","https://s.shopee.co.id/30iPNpWoF6","honino-romeo-roses | sianc-iltsb | reboura-majestic-night | reboura-flora-notes | notts-hatsukoi","Saudade Olfactory Tangled Thread adalah parfum floral-green dengan sentuhan clean yang fresh, cocok untuk kamu yang suka aroma ringan dan menenangkan setiap.","https://cariparfum.com/parfum/saudade-olfactory-tangled-thread","","2026-10-06T13:24:45.532Z"
"Saudade Olfactory","Under The Rug","Eau de Parfum","368000","IDR","InStock","Agarwood | Leather","Sichuan Pepper | Rosewood | Incense | Vetiver","Sandalwood | Jasmine","Kering & Smoky | Woody","Misterius | Tegas","Masculine","","Malam | ️ Dingin","https://mtdlhxbwblrxtzsdjlav.supabase.co/storage/v1/object/public/perfume-images/7b6071e1-7397-447f-8e3f-fc4a3d1916c1/t9ff2sc2a3e-saudade-olfactory-under-the-rug.webp","https://s.shopee.co.id/30iPNqJpD7","loco-scent-smoke-on-top | scentnario-adam-s-eden | unke-naru-kashmir-oud | loco-scent-red-rhapsody | ataraksia-societeit-harmonie","Saudade Olfactory Under The Rug menghadirkan aroma kayu pekat, leather, dan sentuhan smoky yang bold, cocok untuk malam penuh misteri dan suasana intim.","https://cariparfum.com/parfum/saudade-olfactory-under-the-rug","","2026-10-06T13:25:42.477Z"
"Saudade Olfactory","Unopened Letter","Eau de Parfum","325000","IDR","InStock","Pink Pepper | Coriander | Geranium","Amber | Violet | Oakmoss","Patchouli | Vetiver | Musk","Woody Lumut | Powdery","Earthy | Nyaman","Masculine","","Sore | Malam | ️ Dingin | ️ Hujan","https://mtdlhxbwblrxtzsdjlav.supabase.co/storage/v1/object/public/perfume-images/72f70b40-e805-4467-8d32-d92d8a0f1232/t9ff2qo2d1k-saudade-olfactory-unopened-letter.webp","https://s.shopee.co.id/3LLFmT0HJI","honino-romeo-roses | world-of-make-scents-ermis-solid-perfume | de-antoine-golden-mirage | scentorium-fragrance-after-hours | honor-perfume-baccarat","Saudade Olfactory Unopened Letter adalah parfum EDP yang menghadirkan aroma earthy, hangat, dan sedikit powdery, cocok untuk momen intim di malam hujan.","https://cariparfum.com/parfum/saudade-olfactory-unopened-letter","","2026-10-06T13:25:33.416Z"
"Scensology","AURICLE","Eau de Parfum","250000","IDR","InStock","Blackcurrant | Aquatic Notes","Water Lily | White Tea","Amber | White Woods | Musk","Akuatik | Hijau Segar","Menyegarkan | Bersih","Masculine","","Pagi | ️ Siang | Sore | ️ Panas | ️ Hujan","https://mtdlhxbwblrxtzsdjlav.supabase.co/storage/v1/object/public/perfume-images/50f62560-c900-491e-bfaa-2ef75575422e/td8jvhlkdfs-scensology-auricle.webp | https://mtdlhxbwblrxtzsdjlav.supabase.co/storage/v1/object/public/perfume-images/50f62560-c900-491e-bfaa-2ef75575422e/td8jvkdh0gi-scensology-auricle.webp","https://s.shopee.co.id/BR0Ji7rMm","honino-romeo-roses | mandalika-irresistible | ouru-warm-whiskey | layr-velvet-dream | vlagio-perfume-velove","Scensology Auricle adalah EDP clean-aquatic dengan sentuhan white tea dan musk, cocok untuk kamu yang suka aroma segar, ringan, dan effortless sepanjang hari.","https://cariparfum.com/parfum/scensology-auricle","","2026-10-06T13:25:02.795Z"
"Scensology","Oranos","Eau de Parfum","250000","IDR","InStock","Ginger | Cinnamon | Cardamom","Candy Fruits | White Floral","Vanilla | Coffee | Tonka Bean | Musk","Gourmand | Amber","Hangat | Nyaman","Masculine","","Sore | Malam | ️ Dingin","https://mtdlhxbwblrxtzsdjlav.supabase.co/storage/v1/object/public/perfume-images/5b2effa6-e8cc-4461-890d-ba5ce9bdcf7e/td8jvuwbjki-scensology-oranos.webp | https://mtdlhxbwblrxtzsdjlav.supabase.co/storage/v1/object/public/perfume-images/5b2effa6-e8cc-4461-890d-ba5ce9bdcf7e/td8jvvnklfn-scensology-oranos.webp","https://s.shopee.co.id/7fX1FVXPWM","sonder-scents-255 | mykonos-chai-crema-latte | honino-romeo-roses | loco-scent-saturday-cheers | anntumma-anntumma","Scensology Oranos adalah parfum gourmand-spicy dengan sentuhan vanilla, kopi, dan rempah hangat. Cocok untuk suasana malam santai yang ingin terasa hangat.","https://cariparfum.com/parfum/scensology-oranos","","2026-10-06T13:26:07.605Z"
"Scensology","SCENTIUM","Eau de Parfum","250000","IDR","InStock","Bergamot Zest | Fresh Ginger Root","Ginger Flower | White Peony | Neroli","Amber | Sandalwood | White Musk","Floral | Sitrus Segar","Menyegarkan | Bersih | Menenangkan","Masculine","","Pagi | ️ Siang | Sore | ️ Panas | ️ Hujan","https://mtdlhxbwblrxtzsdjlav.supabase.co/storage/v1/object/public/perfume-images/884794ef-d2ee-4194-a931-a820b0d1a52b/td8jvl35wqn-scensology-scentium.webp | https://mtdlhxbwblrxtzsdjlav.supabase.co/storage/v1/object/public/perfume-images/884794ef-d2ee-4194-a931-a820b0d1a52b/td8jvmq0isq-scensology-scentium.webp","https://s.shopee.co.id/6pxuFwRd46","reboura-bibliosmia | scent-of-jarte-fragnos | compounded-by-ethan | honino-romeo-roses | house-of-medici-paradise-reservoir","Scensology SCENTIUM menghadirkan aroma segar jahe dan sandalwood yang clean, cocok untuk kamu yang ingin tampil fresh dan nyaman seharian.","https://cariparfum.com/parfum/scensology-scentium","","2026-10-06T13:25:45.498Z"
"Scensology","Synapse","Eau de Parfum","250000","IDR","InStock","Bergamot | Sicilian Lemon | Sicilian Orange","Fruity Notes","Amber | Vanilla | White Musk","Sitrus Segar | Amber","Menyegarkan | Nyaman","Masculine","","️ Siang | Sore | ️ Panas","https://mtdlhxbwblrxtzsdjlav.supabase.co/storage/v1/object/public/perfume-images/168307ed-9676-42bc-9403-f1d162df00f6/td8jvouwhqw-scensology-synapse.webp | https://mtdlhxbwblrxtzsdjlav.supabase.co/storage/v1/object/public/perfume-images/168307ed-9676-42bc-9403-f1d162df00f6/td8jvocq92u-scensology-synapse.webp","https://s.shopee.co.id/6AiDSfwObh","honino-romeo-roses | ouru-warm-whiskey | mykonos-vanilla-clouds | mykonos-moroccan-vanilla | wonderlust-fragrance-philia","Scensology Synapse adalah EDP citrus-musky yang menyegarkan dengan sentuhan vanilla amber, pas untuk cuaca panas dan momen santai sehari-hari.","https://cariparfum.com/parfum/scensology-synapse","","2026-10-06T13:26:12.801Z"
"Scensology","The ORNs","Eau de Parfum","250000","IDR","InStock","Orange Blossom | Fresh Breeze","Sicilian Mandarin | Oakmoss","Amber | Musk","Sitrus Segar | Amber","Menyegarkan | Hangat | Bersih","Masculine","","Sore | Malam | ️ Panas | ️ Hujan","https://mtdlhxbwblrxtzsdjlav.supabase.co/storage/v1/object/public/perfume-images/3c3d732b-f75f-469a-82da-541fe2901383/td8jvs2bcwq-scensology-the-orns.webp","https://s.shopee.co.id/6VL3rJCjaa","honino-romeo-roses | readyset-the-witch | reboura-living-montage | scuse-me-wood-you-be-mine | botanical-essentials-summer-fling","Scensology The ORNs memadukan aroma fresh citrus dan musk yang airy, cocok untuk pecinta parfum ringan dengan sentuhan hangat modern.","https://cariparfum.com/parfum/scensology-the-orns","","2026-10-06T13:26:13.928Z"
"Scent of Jarte","AORA","Extrait de Parfum","279000","IDR","InStock","Rose","Freesia | Orris","Leather | Musk","Floral | Kering & Smoky","Sensual | Elegan","Masculine","","Sore | Malam | ️ Dingin | ️ Hujan","https://mtdlhxbwblrxtzsdjlav.supabase.co/storage/v1/object/public/perfume-images/33978baa-474a-4497-8a0e-ce82cb0ec703/td31xjuid51-scent-of-jarte-aora.webp","https://s.shopee.co.id/7pqROw3YQN","honino-romeo-roses | loco-scent-red-rhapsody | mykonos-xoxo-rosy | mykonos-baby-love | alt-perfumery-martini-in-new-york","Scent of Jarte AORA menghadirkan aroma floral-leathery yang elegan dan hangat, cocok untuk suasana malam tropis serta momen santai penuh keintiman.","https://cariparfum.com/parfum/scent-of-jarte-aora","","2026-10-06T13:25:27.187Z"
"Scent of Jarte","BLANK SPACE","Eau de Parfum","199000","IDR","InStock","Orange Blossom | Mandarin | Blackcurrant","Pear | Jasmine | Tuberose","Cedarwood | Vanilla | Musk","Floral Lembut | Fruity","Playful | Nyaman","Masculine","","Sore | Malam | ️ Panas | ️ Hujan","https://mtdlhxbwblrxtzsdjlav.supabase.co/storage/v1/object/public/perfume-images/05b9e79a-415a-477b-b19f-ad7729264f11/td31xfivrtr-scent-of-jarte-blank-space.webp","https://s.shopee.co.id/9UyfONzXr7","satellite-of-glow-aura-ubud | mandalika-irresistible | aamodini-kirana | alchemist-onirique | gioia-fragrances-siena","Scent of Jarte BLANK SPACE menghadirkan aroma buah dan bunga yang segar, lalu menghangat lembut dengan musk-vanilla, cocok untuk momen santai di sore hari.","https://cariparfum.com/parfum/scent-of-jarte-blank-space","","2026-10-06T13:25:59.848Z"
"Scent of Jarte","BY THE GARDEN","Extrait de Parfum","159000","IDR","InStock","Bergamot | Galbanum | Clove | Orange Flower","Jasmine | Ozonic Note | Tuberose | Ylang-Ylang","Amber | Cedarwood | Vanilla | Musk","Floral | Amber","Sensual | Nyaman","Masculine","","Sore | Malam | ️ Hujan | ️ Dingin","https://mtdlhxbwblrxtzsdjlav.supabase.co/storage/v1/object/public/perfume-images/05b91de2-4bcc-48d2-8c3c-0b0cd6ea2383/td326ekctx9-brand-perfume.png","https://s.shopee.co.id/8piyavywG9","nevernot-ubud-sanctuary | honino-romeo-roses | layr-midnight-haze | saff-co-sotb | layr-second-skin","Scent of Jarte BY THE GARDEN menggabungkan citrus segar, floral creamy, dan nuansa hangat kayu-amber, sempurna untuk pecinta aroma garden tropis modern.","https://cariparfum.com/parfum/scent-of-jarte-by-the-garden","","2026-10-06T13:26:18.486Z"
"Scent of Jarte","CLOSE TO SKIN","Eau de Parfum","225000","IDR","InStock","Pink Peppercorn | Bergamot","Lily of the Valley | Orris","Musk","Powdery | Floral Lembut","Nyaman | Bersih","Masculine","","Pagi | ️ Siang | Sore | ️ Panas | ️ Hujan","https://mtdlhxbwblrxtzsdjlav.supabase.co/storage/v1/object/public/perfume-images/706f1011-4a6d-4b8c-ac82-8776e26a1b62/706f1011-4a6d-4b8c-ac82-8776e26a1b62-1775497012218-548a59f1-3442-42c7-ad0e-77d1a447bc0b-image-0-1727248641449.png","https://s.shopee.co.id/AAEMBdVBMR","notts-reverie | reboura-majestic-night | reboura-flora-notes | scuse-me-tulips-better-than-one | botanical-essentials-in-the-clouds","Scent of Jarte CLOSE TO SKIN menghadirkan aroma floral musk yang clean dan lembut, cocok untuk kamu yang suka wangi bersih dan nyaman sepanjang hari.","https://cariparfum.com/parfum/scent-of-jarte-close-to-skin","","2026-10-06T13:26:02.529Z"
"Scent of Jarte","Flower District","Extrait de Parfum","219000","IDR","InStock","Lemon | Apple Blossom | Freesia","Jasmine | Honeysuckle | Lily of the Valley","Cedarwood | Heliotrope | Musk","Floral | Sitrus Segar","Ringan | Bersih","Masculine","","Pagi | ️ Siang | Sore | ️ Panas | ️ Hujan","https://mtdlhxbwblrxtzsdjlav.supabase.co/storage/v1/object/public/perfume-images/52f6a742-72fb-4047-9992-d9b5008fb918/td31u02vqkt-scent-of-jarte-flower-district.webp","https://s.shopee.co.id/8ATHnh17lw","de-antoine-boise | evesol-jinggala | citizens-of-the-world-malaga | blackstag-nightfall | yn-perfumery-on-cloud-nine","Scent of Jarte Flower District menghadirkan aroma floral segar yang clean dan feminin, cocok untuk suasana santai maupun aktivitas harian di cuaca tropis.","https://cariparfum.com/parfum/scent-of-jarte-flower-district","","2026-10-06T13:26:37.822Z"
"Scent of Jarte","FRAGNOS","Extrait de Parfum","225000","IDR","InStock","Bergamot | Cyclamen | Musk","Jasmine | Neroli | White Freesia","Sandalwood | White Wood | White Musk","Floral | Sitrus Segar","Menyegarkan | Bersih","Masculine","","Pagi | ️ Siang | Sore | ️ Panas | ️ Hujan","https://mtdlhxbwblrxtzsdjlav.supabase.co/storage/v1/object/public/perfume-images/ccf85a2b-098b-4d94-812d-ffb72796abc2/ccf85a2b-098b-4d94-812d-ffb72796abc2-1775497049867-bd88a6fd-ebf0-4246-b8e9-83e2879fdbd3-image-0-1735549174134.png","https://s.shopee.co.id/3LO22cBvjA","evesol-jinggala | reboura-flora-notes | de-antoine-velvet-garden | honino-romeo-roses | oaken-lab-batavia-barber","Scent of Jarte FRAGNOS menggabungkan nuansa floral segar dan kayu putih bersih, cocok untuk kamu yang suka aroma clean dan modern sepanjang hari.","https://cariparfum.com/parfum/scent-of-jarte-fragnos","","2026-10-06T13:25:26.821Z"
"Scent of Jarte","Golden Souffle","Extrait de Parfum","219000","IDR","InStock","Pink Peppercorn | Fresh Note | Ylang-Ylang","Jasmine | Spicy Note | White Flower","Amber | Vanilla | Patchouli | Heliotrope","Floral | Amber","Hangat | Nyaman | Elegan","Masculine","","Sore | Malam | ️ Dingin | ️ Hujan","https://mtdlhxbwblrxtzsdjlav.supabase.co/storage/v1/object/public/perfume-images/a5d7bc9e-c5a5-4453-9351-524ad3e88330/td31xi4vfu9-scent-of-jarte-golden-souffle.webp","https://s.shopee.co.id/6feU0m3vnH","honino-romeo-roses | mandalika-forbidden-temptation | mykonos-black-opera | scent-of-jarte-by-the-garden | world-of-make-scents-nostalgic","Scent of Jarte Golden Souffle adalah parfum floral-amber lembut dengan sentuhan vanilla dan white flower, pas untuk suasana hangat dan momen santai di malam.","https://cariparfum.com/parfum/scent-of-jarte-golden-souffle","","2026-10-06T13:25:38.267Z"
"Scent of Jarte","Lychee Crush","Extrait de Parfum","219000","IDR","InStock","Raspberry | Grapefruit | Lychee","Rhubarb | Jasmine | Lychee Blossom","Sandalwood | Iris | Musk","Floral Lembut | Fruity","Menyegarkan | Playful","Masculine","","️ Siang | Sore | ️ Panas | ️ Hujan","https://mtdlhxbwblrxtzsdjlav.supabase.co/storage/v1/object/public/perfume-images/350aebfa-d92f-4fa7-9fd9-4cfe8bb7276c/td31u24i27a-scent-of-jarte-lychee-crush.webp","https://s.shopee.co.id/60OnDmPuDZ","avalanche-interview-room | honino-romeo-roses | loco-scent-harvest-feast | layr-chronic-tonic | reboura-flora-notes","Scent of Jarte Lychee Crush memadukan lychee segar, raspberry, dan sandalwood yang creamy, cocok untuk suasana santai di siang hingga sore hari di iklim tropis.","https://cariparfum.com/parfum/scent-of-jarte-lychee-crush","","2026-10-06T13:25:55.421Z"
"Scent of Jarte","Mango Sticky Rice","Extrait de Parfum","219000","IDR","InStock","Mango | Pear Pulp | Lemon Blossom","Rice | White Flower | Coconut Milk","Sandalwood | Cream | Precious Wood | Musk","Gourmand | Fruity","Playful | Nyaman","Masculine","","Sore | Malam | ️ Panas | ️ Hujan","https://mtdlhxbwblrxtzsdjlav.supabase.co/storage/v1/object/public/perfume-images/b9583b34-1dd5-4303-9b08-21764aa8c144/td31xhk5xih-scent-of-jarte-mango-sticky-rice.webp","https://s.shopee.co.id/7KuAofW818","avalanche-tidal-wave | botanical-essentials-desert-sunset | world-of-make-scents-summerity | world-of-make-scents-summerity-solid-perfume | speaks-to-me-sneaky-sugar-rush","Scent of Jarte Mango Sticky Rice menghadirkan aroma mangga creamy nan playful dengan sentuhan kelapa dan nasi, cocok untuk suasana santai sore dan malam.","https://cariparfum.com/parfum/scent-of-jarte-mango-sticky-rice","","2026-10-06T13:25:34.789Z"
"Scent of Jarte","Matcha Latte","Extrait de Parfum","219000","IDR","InStock","Matcha Green Tea","Milk","Cedarwood","Woody | Gourmand","Nyaman | Menenangkan","Masculine","","Sore | Malam | ️ Hujan | ️ Dingin","https://mtdlhxbwblrxtzsdjlav.supabase.co/storage/v1/object/public/perfume-images/2f277c49-5f8b-4550-9cbb-ca7580b5d3c9/td31u5tz50l-scent-of-jarte-matcha-latte.webp","https://s.shopee.co.id/5ApgEYz4Me","vlagio-perfume-medina | byfrags-pleasure-of-jo | mykonos-down-to-earth | mykonos-chai-crema-latte | mykonos-milk-drops","Scent of Jarte Matcha Latte menghadirkan aroma matcha creamy dengan nuansa susu dan cedarwood yang menenangkan, cocok untuk momen santai dan relaksasi.","https://cariparfum.com/parfum/scent-of-jarte-matcha-latte","","2026-10-06T13:25:47.835Z"
"Scent of Jarte","PEONY NOEL","Extrait de Parfum","219000","IDR","InStock","Green Freshness Accord | Fruity Note | Apple","Sandalwood | Violet | Peony","Vanilla | Marine Note | Musk","Floral | Fruity","Menyegarkan | Nyaman","Masculine","","Pagi | ️ Siang | Sore | ️ Panas | ️ Hujan","https://mtdlhxbwblrxtzsdjlav.supabase.co/storage/v1/object/public/perfume-images/db4cc2c3-96dd-40df-9289-adfc8ec970eb/td31u4189b3-scent-of-jarte-peony-noel.jpg","https://s.shopee.co.id/8fPYP4EJCV","de-antoine-clair-de-lune | honino-romeo-roses | evesol-jinggala | diell-fragrance-la-la-lilac | mykonos-baby-love","Scent of Jarte Peony Noel memadukan kesegaran buah dan floral lembut dengan sentuhan creamy yang halus, ideal untuk hari-hari cerah dan aktivitas santai.","https://cariparfum.com/parfum/scent-of-jarte-peony-noel","","2026-10-06T13:25:26.082Z"
"Scent of Jarte","Peppermint Tea","Extrait de Parfum","199000","IDR","InStock","Bergamot | Mint","Orange Blossom | Hyacinth","Musky Note | Lorenox","Floral | Hijau Segar","Menyegarkan | Bersih","Masculine","","Pagi | ️ Siang | Sore | ️ Panas | ️ Hujan","https://mtdlhxbwblrxtzsdjlav.supabase.co/storage/v1/object/public/perfume-images/b21bfad2-7654-4904-a31a-d53e4c0ae5c1/td31xltaeem-scent-of-jarte-peppermint-tea.webp","https://s.shopee.co.id/3LO23QeGY8","scent-of-jarte-rose-petals | saudade-olfactory-bonsai-we-kept | sianc-iltsb | reboura-tea-esencia | hindsight-muskmallow","Scent of Jarte Peppermint Tea menghadirkan sensasi teh mint segar, floral lembut, dan musky clean yang cocok untuk suasana pagi hingga siang di iklim tropis.","https://cariparfum.com/parfum/scent-of-jarte-peppermint-tea","","2026-10-06T13:25:01.703Z"
"Scent of Jarte","Rose Petals","Extrait de Parfum","219000","IDR","InStock","Bergamot | Lemon | Mint","Turkish Rose | Carnation | Hyacinth","Cedarwood | Heliotrope | Musk","Floral | Sitrus Segar","Menyegarkan | Elegan","Masculine","","Pagi | ️ Siang | Sore | ️ Panas | ️ Hujan","https://mtdlhxbwblrxtzsdjlav.supabase.co/storage/v1/object/public/perfume-images/319b6aa1-0e45-467f-bdee-387b5d244b0b/td31xd0dmw5-scent-of-jarte-rose-petals.webp","https://s.shopee.co.id/30lBeFbJmC","honino-romeo-roses | loco-scent-red-rhapsody | world-of-make-scents-ermis-solid-perfume | de-antoine-rosa-damascena | honino-shower-song","Scent of Jarte Rose Petals menghadirkan aroma mawar Turki yang segar dan powdery dengan sentuhan citrus, cocok untuk suasana santai atau ke kantor.","https://cariparfum.com/parfum/scent-of-jarte-rose-petals","","2026-10-06T13:25:44.702Z"
"Scent of Jarte","Tulip Valley","Extrait de Parfum","199000","IDR","InStock","Eucalyptus | Bergamot | Green Apple","Pear | Lily of the Valley | Tulip Petal | Marine Note","Italian Leather | Musk | Coconut Water","Floral | Akuatik","Menyegarkan | Bersih","Masculine","","Pagi | ️ Siang | Sore | ️ Panas | ️ Hujan","https://mtdlhxbwblrxtzsdjlav.supabase.co/storage/v1/object/public/perfume-images/956f1706-4b3d-4276-a24a-c860e62a2d05/td31tzz8oh5-scent-of-jarte-tulip-valley.webp","https://s.shopee.co.id/6pxuDGxUEY","layr-kyoto-jazz | saka-perfumery-etherwave | fordive-majestic | citizens-of-the-world-sodermalm | mykonos-reflection","Scent of Jarte Tulip Valley menghadirkan aroma segar floral-aquatic dengan nuansa green dan creamy, cocok untuk kamu yang suka wangi lembut dan menyegarkan.","https://cariparfum.com/parfum/scent-of-jarte-tulip-valley","","2026-10-06T13:25:29.161Z"
"Scentalgia Fragrance","Golden Hour","Eau de Parfum","209000","IDR","InStock","Neroli | Saffron","Almond | Milk | Iris","Ambergris | Vanilla | Caramel","Powdery | Gourmand","Hangat | Nyaman | Elegan","Masculine","","Sore | Malam | ️ Dingin | ️ Hujan","https://mtdlhxbwblrxtzsdjlav.supabase.co/storage/v1/object/public/perfume-images/8719fb94-5c33-4e2b-b117-cf3c2b3bb966/td8j7d4605v-scentalgia-fragrance-golden-hour.webp | https://mtdlhxbwblrxtzsdjlav.supabase.co/storage/v1/object/public/perfume-images/8719fb94-5c33-4e2b-b117-cf3c2b3bb966/td8j7e63koc-scentalgia-fragrance-golden-hour.webp","https://s.shopee.co.id/3B4bxMKCxO","mykonos-caramel-fudge-cookie | mykonos-vanilla-clouds | scuse-me-bella-donna | world-of-make-scents-kiko-crumbs-solid-perfume | house-of-medici-shakespeare-elegiac","Scentalgia Fragrance Golden Hour menawarkan aroma hangat vanilla, caramel, dan almond yang creamy, sempurna untuk momen santai di sore atau malam hari.","https://cariparfum.com/parfum/scentalgia-fragrance-golden-hour","","2026-10-06T13:25:23.908Z"
"Scentalgia Fragrance","Page 11","Eau de Parfum","214000","IDR","InStock","Lemon Blossom | Watermelon | Kiwi","Peony | Cyclamen | Jasmine Sambac","Sandalwood | Patchouli | White Musk","Floral | Fruity","Menyegarkan | Bersih","Masculine","","Pagi | ️ Siang | Sore | ️ Panas | ️ Hujan","https://mtdlhxbwblrxtzsdjlav.supabase.co/storage/v1/object/public/perfume-images/6c7ccc45-cc2a-426e-b2d6-f04b20c7064d/td8j78pjt2t-scentalgia-fragrance-page-11.webp | https://mtdlhxbwblrxtzsdjlav.supabase.co/storage/v1/object/public/perfume-images/6c7ccc45-cc2a-426e-b2d6-f04b20c7064d/td8j78h44fe-scentalgia-fragrance-page-11.webp","https://s.shopee.co.id/1gFoAZUv4a","voie-mistinguett | mykonos-pink-beach | sighnil-orange-wine-peppy-musk | scent-of-jarte-fragnos | royal-fragrance-sunrise-of-java","Scentalgia Fragrance Page 11 menghadirkan sensasi segar dan bersih, memadukan nuansa buah, bunga, serta sandalwood yang menenangkan untuk hari Anda.","https://cariparfum.com/parfum/scentalgia-fragrance-page-11","","2026-10-06T13:25:32.999Z"
"Scentalgia Fragrance","Raw Morning 05:00AM","Eau de Parfum","229000","IDR","InStock","Orange Blossom | Bergamot","Orange Blossom | Rose","Vanilla | White Musk","Floral | Sitrus Segar","Nyaman | Bersih | Energik","Masculine","","Pagi | ️ Siang | ️ Panas | ️ Hujan","https://mtdlhxbwblrxtzsdjlav.supabase.co/storage/v1/object/public/perfume-images/420b4e1a-e0a7-4a36-9f20-c0ee962b9919/td8j773213c-scentalgia-fragrance-raw-morning-05-00am.webp | https://mtdlhxbwblrxtzsdjlav.supabase.co/storage/v1/object/public/perfume-images/420b4e1a-e0a7-4a36-9f20-c0ee962b9919/td8j778ayuc-scentalgia-fragrance-raw-morning-05-00am.webp","https://s.shopee.co.id/5VSWjjFUaO","mykonos-moroccan-vanilla | loco-scent-red-rhapsody | honino-romeo-roses | notts-stellar | world-of-make-scents-nostalgic","Scentalgia Fragrance Raw Morning 05:00AM menghadirkan aroma citrus-floral bersih dan lembut, ideal untuk pagi aktif di cuaca tropis Indonesia.","https://cariparfum.com/parfum/scentalgia-fragrance-raw-morning-05-00am","","2026-10-06T13:25:23.941Z"
"Scentalgia Fragrance","Raw Morning 09:00AM","Eau de Parfum","235000","IDR","InStock","Aldehyde | Rhubarb | Lemon","Wild Rose | Rose Petal | Peony","Amber | Patchouli | Vetiver","Floral | Sitrus Segar","Menyegarkan | Nyaman | Bersih","Masculine","","Pagi | ️ Siang | Sore | ️ Panas | ️ Hujan","https://mtdlhxbwblrxtzsdjlav.supabase.co/storage/v1/object/public/perfume-images/6e576c8e-3e28-48ec-812b-f0e79178a15e/td8j7ctmq3a-scentalgia-fragrance-raw-morning-09-00am.webp","https://s.shopee.co.id/6AiDWsrXZB","honino-romeo-roses | loco-scent-red-rhapsody | mykonos-xoxo-rosy | mykonos-moroccan-vanilla | scuse-me-to-be-a-wallflower","Scentalgia Fragrance Raw Morning 09:00AM menghadirkan suasana pagi segar dengan nuansa citrus, floral, dan sentuhan hangat amber yang cocok untuk aktivitas.","https://cariparfum.com/parfum/scentalgia-fragrance-raw-morning-09-00am","","2026-10-06T13:26:25.849Z"
"Scentalgia Fragrance","Tennessee Road 65","Extrait de Parfum","157000","IDR","InStock","Neroli | Cardamom","Akigalawood | Tulip | Oak","Amber | Vanilla | Patchouli","Woody | Amber","Hangat | Nyaman","Masculine","","Sore | Malam | ️ Dingin | ️ Hujan","https://mtdlhxbwblrxtzsdjlav.supabase.co/storage/v1/object/public/perfume-images/72b4da67-0bfc-47e1-af9a-032cbf27a400/td8j7flipj4-scentalgia-fragrance-tennessee-road-65.webp | https://mtdlhxbwblrxtzsdjlav.supabase.co/storage/v1/object/public/perfume-images/72b4da67-0bfc-47e1-af9a-032cbf27a400/td8j7gog0mz-scentalgia-fragrance-tennessee-road-65.webp","https://s.shopee.co.id/5flwvzor4L","honino-romeo-roses | reboura-bibliosmia | ouru-warm-whiskey | compounded-by-ethan | mykonos-conquer","Scentalgia Fragrance Tennessee Road 65 memadukan kehangatan woody, amber, dan vanilla, menciptakan parfum malam yang cozy dan sedikit misterius.","https://cariparfum.com/parfum/scentalgia-fragrance-tennessee-road-65","","2026-10-06T13:25:51.850Z"
"Scentalgia Fragrance","The Kiss","Eau de Parfum","175000","IDR","InStock","Floral Notes | Saffron","Spicy Notes | Amber Accord | Ylang-Ylang","Vanilla | Woody Notes | Musky Notes","Floral | Amber","Hangat | Mewah | Sensual","Masculine","","Sore | Malam | ️ Dingin","https://mtdlhxbwblrxtzsdjlav.supabase.co/storage/v1/object/public/perfume-images/d10bb6c5-53ef-4f21-8000-dc1c57fce1db/td8j7ihrjwk-scentalgia-fragrance-the-kiss.webp","https://s.shopee.co.id/8Kmi6qEtjn","honino-romeo-roses | botanical-essentials-solace | house-of-medici-shakespeare-elegiac | reboura-flora-notes | notts-lady-vanille","Scentalgia Fragrance The Kiss adalah EDP floral-amber yang sensual dan hangat, dengan sentuhan saffron, ylang-ylang, vanilla, dan musk yang cocok untuk malam.","https://cariparfum.com/parfum/scentalgia-fragrance-the-kiss","","2026-10-06T13:26:08.545Z"
"Scentalgia Fragrance","The Starry Night: Nocturne","Eau de Parfum","250000","IDR","InStock","Bergamot | Lavender | Lemon","Violet | Nutmeg | Vetiver","Sandalwood | Suede | Tonka Bean","Woody | Aromatik","Misterius | Menenangkan","Masculine","","Sore | Malam | ️ Dingin | ️ Hujan","https://mtdlhxbwblrxtzsdjlav.supabase.co/storage/v1/object/public/perfume-images/97d347eb-f2b0-4290-a288-dbd0cad26a72/td8j7jdygqd-scentalgia-fragrance-the-starry-night-nocturne.webp","https://s.shopee.co.id/1VwNyMlLdI","world-of-make-scents-ermis-solid-perfume | mine-perfumery-ethereal-thermal | afternotes-pomelo | house-of-dappers-9-to-5 | satellite-of-glow-cielo","Scentalgia Fragrance The Starry Night: Nocturne menghadirkan aroma citrus, lavender, dan suede yang hangat dan misterius, cocok untuk malam yang tenang.","https://cariparfum.com/parfum/scentalgia-fragrance-the-starry-night-nocturne","","2026-10-06T13:25:47.911Z"
"Scentalgia Fragrance","Treats and Tea","Eau de Parfum","214000","IDR","InStock","Yuzu | Apple | Genmaicha","Tulip | Cocoa | Coffee","Cedarwood | Vanilla | Tobacco","Gourmand | Woody","Nyaman | Hangat","Masculine","","Sore | Malam | ️ Dingin | ️ Hujan","https://mtdlhxbwblrxtzsdjlav.supabase.co/storage/v1/object/public/perfume-images/60e3139a-00a4-44ae-9e6b-ccd5a16d6820/td8j7hphrsp-scentalgia-fragrance-treats-and-tea.webp | https://mtdlhxbwblrxtzsdjlav.supabase.co/storage/v1/object/public/perfume-images/60e3139a-00a4-44ae-9e6b-ccd5a16d6820/td8j7hkiaej-scentalgia-fragrance-treats-and-tea.webp","https://s.shopee.co.id/3qKIkdhKzN","mandalika-only-the-brave | wonderlust-fragrance-gunnen | scentnario-adam-s-eden | hmns-o-hyper-bloom | speaks-to-me-at-the-speakeasy","Scentalgia Fragrance Treats and Tea memadukan aroma teh genmaicha, kopi, vanilla, dan cedarwood, menciptakan sensasi cozy dan hangat yang cocok untuk malam.","https://cariparfum.com/parfum/scentalgia-fragrance-treats-and-tea","","2026-10-06T13:25:50.530Z"
"Scentalgia Fragrance","Yuzu Shochu","Extrait de Parfum","160000","IDR","InStock","Orange Juice | Yuzu | Lime","Clean Aldehydes | Grey Amber","Sandalwood | Marine Notes | Musk","Akuatik | Sitrus Segar","Menyegarkan | Bersih | Energik","Masculine","","Pagi | ️ Siang | Sore | ️ Panas | ️ Hujan","https://mtdlhxbwblrxtzsdjlav.supabase.co/storage/v1/object/public/perfume-images/01b8ec7b-79a5-4afe-8f82-417b115e9a9f/td8j7aug9hm-scentalgia-fragrance-yuzu-shochu.webp | https://mtdlhxbwblrxtzsdjlav.supabase.co/storage/v1/object/public/perfume-images/01b8ec7b-79a5-4afe-8f82-417b115e9a9f/td8j7br6tvn-scentalgia-fragrance-yuzu-shochu.webp","https://s.shopee.co.id/5L96XMuJDH","honino-romeo-roses | world-of-make-scents-ermis-solid-perfume | layr-kyoto-jazz | elvicto-old-money | loco-scent-into-the-waves","Scentalgia Fragrance Yuzu Shochu memadukan aroma yuzu segar dan sentuhan marine yang clean, cocok untuk suasana tropis atau aktivitas harian yang butuh.","https://cariparfum.com/parfum/scentalgia-fragrance-yuzu-shochu","","2026-10-06T13:25:39.255Z"
"Scentnario","Adam's Eden","Eau de Parfum","325000","IDR","InStock","Green Apple | Basil | Incense | Leather","Cedar | Coriander | Rose | Orris Root","Sandalwood | Vanilla | Agarwood | Tobacco","Woody | Kering & Smoky","Hangat | Misterius | Tegas","Masculine","","Malam | ️ Dingin","https://mtdlhxbwblrxtzsdjlav.supabase.co/storage/v1/object/public/perfume-images/8dda537d-68a6-4a61-93bf-62fa2b251312/td8k3hgnhpw-scentnario-adam-s-eden.webp","https://s.shopee.co.id/6AiDMfrEMI","loco-scent-red-rhapsody | loco-scent-smoke-on-top | mykonos-moroccan-vanilla | and-or-studio-dance-between-the-lines | alt-perfumery-alexandria-oud","Scentnario Adam's Eden adalah EDP dengan sentuhan green apple, basil, leather, dan oud, menghadirkan aroma woody-smoky yang bold dan misterius untuk malam.","https://cariparfum.com/parfum/scentnario-adam-s-eden","","2026-10-06T13:26:14.321Z"
"Scentnario","Eve's Paradise","Eau de Parfum","170000","IDR","InStock","Ginger | Cinnamon","Orange Blossom | Tuberose","Vanilla | White Amber","Floral | Amber","Hangat | Sensual","Masculine","","Sore | Malam | ️ Dingin","https://mtdlhxbwblrxtzsdjlav.supabase.co/storage/v1/object/public/perfume-images/70928a52-07fa-447e-b26a-b798f697ba6c/td8k3l39h04-scentnario-eve-s-paradise.webp","https://s.shopee.co.id/AUrCWesPUA","honino-romeo-roses | ouru-warm-whiskey | mykonos-conquer | ouru-vanilla-velvet-2-0 | mykonos-luminos","Scentnario Eve's Paradise menawarkan kehangatan vanilla dan white amber berpadu tuberose yang sensual, cocok untuk suasana malam penuh kedekatan.","https://cariparfum.com/parfum/scentnario-eve-s-paradise","","2026-10-06T13:26:10.706Z"
"Scentnario","Forbidden Bloom","Eau de Parfum","225000","IDR","InStock","Thyme | Beech | Lavender | Fennel | Anise | Mint","Pepper | Osmanthus | Geranium | Leather","Vanilla | White Amber","Aromatik | Amber","Hangat | Misterius | Tegas","Masculine","","Sore | Malam | ️ Dingin | ️ Hujan","https://mtdlhxbwblrxtzsdjlav.supabase.co/storage/v1/object/public/perfume-images/8ed7abad-9539-42c0-a13e-87c3fc8ad230/td8k3jipl9o-scentnario-forbidden-bloom.webp","https://s.shopee.co.id/2BC4bMAbGS","loco-scent-smoke-on-top | honino-romeo-roses | ataraksia-raden-saleh-callenberg | afternotes-mint-bit | de-antoine-emperor-s-spice","Scentnario Forbidden Bloom adalah EDP dengan aroma herbal mint segar, leather tegas, dan dry down vanilla-amber yang hangat dan misterius.","https://cariparfum.com/parfum/scentnario-forbidden-bloom","","2026-10-06T13:25:43.795Z"
"Scentnario","Hidden Haven","Eau de Parfum","225000","IDR","InStock","Bergamot | Mandarin | Lemon","Cedar Leaf | Petitgrain | Patchouli | Coriander","Amber | Jasmine | White Musk","Woody | Sitrus Segar","Bersih | Menenangkan","Masculine","","Sore | Malam | ️ Panas | ️ Hujan","https://mtdlhxbwblrxtzsdjlav.supabase.co/storage/v1/object/public/perfume-images/841cbadd-1573-4dcd-b94d-2a3d71dc0ebc/td8k3idp1f4-scentnario-hidden-haven.webp","https://s.shopee.co.id/2LVUng24Ib","honor-perfume-denali | loco-scent-into-the-waves | argve-ardour | de-antoine-golden-mirage | honino-romeo-roses","Scentnario Hidden Haven memadukan kesegaran citrus dengan kedalaman woody dan musk, menciptakan aroma clean yang menenangkan untuk momen santai dan hangout.","https://cariparfum.com/parfum/scentnario-hidden-haven","","2026-10-06T13:25:23.028Z"
"Scentorium Fragrance","After Hours","Eau de Parfum","249000","IDR","InStock","Pink Pepper | Calabrian Bergamot | Lemon","Amber | Floral Notes | Rose","Oakmoss | Patchouli | Musk","Amber | Woody Lumut","Hangat | Misterius","Masculine","","Sore | Malam | ️ Dingin | ️ Hujan","https://mtdlhxbwblrxtzsdjlav.supabase.co/storage/v1/object/public/perfume-images/26a0b375-ba06-4377-ae70-04421f1daca9/t9ff1d6485z-scentorium-fragrance-after-hours.webp","https://s.shopee.co.id/70EX8A3AwC","honino-romeo-roses | mykonos-xoxo-rosy | loco-scent-red-rhapsody | loco-scent-mocktail-in-the-garden | scentalgia-fragrance-raw-morning-09-00am","Scentorium Fragrance After Hours menghadirkan aroma citrus segar yang bertransisi jadi warm dan woody, cocok untuk malam santai penuh keintiman.","https://cariparfum.com/parfum/scentorium-fragrance-after-hours","","2026-10-06T13:24:55.678Z"
"Scentorium Fragrance","Daylight Wander","Eau de Parfum","249000","IDR","InStock","Green Notes | Citrus | Rose","Fruity Notes | Jasmine | Iris","Amber | Musk","Hijau Segar | Floral","Menyegarkan | Bersih | Hangat","Masculine","","Pagi | ️ Siang | Sore | ️ Panas | ️ Hujan","https://mtdlhxbwblrxtzsdjlav.supabase.co/storage/v1/object/public/perfume-images/b27a0657-fa57-4292-81f5-3aa62e42be4f/t9ff1cuzzcb-scentorium-fragrance-daylight-wander.webp","https://s.shopee.co.id/8AQUWJuTq8","honino-romeo-roses | loco-scent-red-rhapsody | mykonos-xoxo-rosy | die-without-smell-yes-honey | alt-perfumery-martini-in-new-york","Scentorium Fragrance Daylight Wander memadukan aroma green, rose, dan fruity-amber yang segar hangat, cocok untuk momen santai di pagi atau sore hari.","https://cariparfum.com/parfum/scentorium-fragrance-daylight-wander","","2026-10-06T13:25:24.165Z"
"Scentorium Fragrance","Midnight Whisper","Eau de Parfum","249000","IDR","InStock","Spicy Notes | Smoke Notes","Floral Notes | Cinnamon","Balsamic Notes | Tonka Bean","Kering & Smoky | Amber","Misterius | Hangat | Tegas","Masculine","","Malam | ️ Dingin","https://mtdlhxbwblrxtzsdjlav.supabase.co/storage/v1/object/public/perfume-images/a88db7f2-2b93-4b66-8159-9881c7313544/t9ff1ire9h6-scentorium-fragrance-midnight-whisper.webp","https://s.shopee.co.id/60LzwLtWcq","scensology-oranos | hindsight-twilight | scentalgia-fragrance-the-kiss | world-of-make-scents-clozy-day-solid-perfume | evoste-midnight-cherry","Scentorium Fragrance Midnight Whisper adalah parfum EDP smoky spicy dengan sentuhan balsamic dan tonka yang bold, misterius, dan cocok untuk malam penuh cerita.","https://cariparfum.com/parfum/scentorium-fragrance-midnight-whisper","","2026-10-06T13:25:28.089Z"
"Scentrail","Atlas of Solana","Eau de Parfum","249000","IDR","InStock","Rosebud | Italian Mandarin | Saffron","Quince | Osmanthus","Cedarwood | White Musk | Leathery Accord","Woody | Floral","Misterius | Elegan","Masculine","","Sore | Malam | ️ Dingin | ️ Hujan","https://mtdlhxbwblrxtzsdjlav.supabase.co/storage/v1/object/public/perfume-images/d6e3d58b-8193-4e4b-aab7-920a4ed09ff0/td6ou88a8f4-scentrail-atlas-of-solana.webp | https://mtdlhxbwblrxtzsdjlav.supabase.co/storage/v1/object/public/perfume-images/d6e3d58b-8193-4e4b-aab7-920a4ed09ff0/td6ou9frmtc-scentrail-atlas-of-solana.webp","https://s.shopee.co.id/9ALp1TlYvr","laboratori-semplice-osmanthus | wonderlust-fragrance-gunnen | gioia-fragrances-jenny | satellite-of-glow-kimononique | evoste-ivory-bloom","Scentrail Atlas of Solana memadukan sentuhan buah quince, saffron, dan cedarwood yang lembut, menciptakan aroma unik berkelas untuk momen spesial di sore.","https://cariparfum.com/parfum/scentrail-atlas-of-solana","","2026-10-06T13:24:48.707Z"
"Scentrail","Midnight Monologue","Eau de Parfum","249000","IDR","InStock","Spice | Pear Juice | Cistus","Earthy Accord | Ylang-Ylang","Patchouli | Leathery Accord | Indian Sandalwood","Woody | Amber","Hangat | Misterius | Tegas","Masculine","","Malam | ️ Dingin | ️ Hujan","https://mtdlhxbwblrxtzsdjlav.supabase.co/storage/v1/object/public/perfume-images/7629ce85-22b4-4cbd-89c5-673e878c9cb8/td6oudeo0l2-scentrail-midnight-monologue.webp | https://mtdlhxbwblrxtzsdjlav.supabase.co/storage/v1/object/public/perfume-images/7629ce85-22b4-4cbd-89c5-673e878c9cb8/td6ouf3sq4o-scentrail-midnight-monologue.webp","https://s.shopee.co.id/8fPYQZct5k","laboratori-semplice-patchouli | personal-chemistry-memo | scent-of-jarte-golden-souffle | world-of-make-scents-nostalgic | world-of-make-scents-nostalgic-solid-perfume","Scentrail Midnight Monologue adalah EDP berkarakter woody-amber dengan sentuhan leather dan patchouli, menciptakan kesan misterius dan hangat untuk malam.","https://cariparfum.com/parfum/scentrail-midnight-monologue","","2026-10-06T13:25:38.544Z"
"Scentrail","Nebula Elara","Eau de Parfum","249000","IDR","InStock","Jasmine Sambac Absolute | Geranium","Orange Blossom | White Sandalwood | Rose","Vanilla | Dry Amber Note | Musk","Floral | Amber","Hangat | Nyaman","Masculine","","Sore | Malam | ️ Dingin | ️ Hujan","https://mtdlhxbwblrxtzsdjlav.supabase.co/storage/v1/object/public/perfume-images/5d0005ad-8535-452a-8d82-7c717bfa7404/td6ou4jkkzc-scentrail-nebula-elara.webp | https://mtdlhxbwblrxtzsdjlav.supabase.co/storage/v1/object/public/perfume-images/5d0005ad-8535-452a-8d82-7c717bfa7404/td6ou6q88rk-scentrail-nebula-elara.webp","https://s.shopee.co.id/6VL3qX3nhQ","honino-romeo-roses | loco-scent-red-rhapsody | mykonos-moroccan-vanilla | mykonos-xoxo-rosy | layr-forbidden-garden","Scentrail Nebula Elara adalah parfum floral-amber lembut dengan sentuhan vanilla dan sandalwood yang nyaman untuk dipakai sore hingga malam di suasana hangat.","https://cariparfum.com/parfum/scentrail-nebula-elara","","2026-10-06T13:25:28.415Z"
"Scentrail","The Laughter Factory","Eau de Parfum","249000","IDR","InStock","Nutmeg","Ginger | Cinnamon","Smoked Wood | Vanilla | Musk","Gourmand | Kering & Smoky","Hangat | Nyaman | Misterius","Masculine","","Sore | Malam | ️ Dingin","https://mtdlhxbwblrxtzsdjlav.supabase.co/storage/v1/object/public/perfume-images/d7f6ba38-2438-47ae-8300-ba3da9d5614a/td6oua4nzyk-scentrail-the-laughter-factory.webp | https://mtdlhxbwblrxtzsdjlav.supabase.co/storage/v1/object/public/perfume-images/d7f6ba38-2438-47ae-8300-ba3da9d5614a/td6oub8cb7g-scentrail-the-laughter-factory.webp","https://s.shopee.co.id/6VL3qYMqrk","honino-romeo-roses | mykonos-bonfire-vanilla | scensology-oranos | anntumma-anntumma | aamo-cherrynity","Scentrail The Laughter Factory adalah parfum EDP yang memadukan nuansa rempah hangat, vanilla manis, dan smoked wood, cocok untuk momen malam penuh kehangatan.","https://cariparfum.com/parfum/scentrail-the-laughter-factory","","2026-10-06T13:25:39.358Z"
"Scents of Pluto","Ain’t Your Typical Candy","Eau de Parfum","379000","IDR","InStock","Candied Lemon | Tonic Orange | Petitgrain","Watery Fruit | Sunny Jasmine | Endorphinoflor","Amberwood | Magic Vanilla | Coconut Milk","Sitrus Segar | Gourmand","Playful | Nyaman","Masculine","","Sore | Malam | ️ Panas | ️ Hujan","https://mtdlhxbwblrxtzsdjlav.supabase.co/storage/v1/object/public/perfume-images/0a655888-754c-4f58-9719-5e74a7956db8/t8au1ehj36j-scents-of-pluto-ain-t-your-typical-candy.webp | https://mtdlhxbwblrxtzsdjlav.supabase.co/storage/v1/object/public/perfume-images/0a655888-754c-4f58-9719-5e74a7956db8/t8au1fcbn3b-scents-of-pluto-ain-t-your-typical-candy.webp | https://mtdlhxbwblrxtzsdjlav.supabase.co/storage/v1/object/public/perfume-images/0a655888-754c-4f58-9719-5e74a7956db8/t8au1gbp19b-scents-of-pluto-ain-t-your-typical-candy.webp","https://s.shopee.co.id/AKUQtvg0k4","mykonos-black-opera | mandalika-irresistible | honino-romeo-roses | mykonos-verve | house-of-medici-shakespeare-elegiac","Scents of Pluto Ain’t Your Typical Candy menghadirkan aroma playful manis-lembut dengan sentuhan citrus segar dan vanilla-coconut yang cocok untuk sore santai.","https://cariparfum.com/parfum/scents-of-pluto-aint-your-typical-candy","","2026-10-06T13:25:10.927Z"
"Scents of Pluto","Banana Sambac","Eau de Parfum","349000","IDR","InStock","Lemon EO* | Blackcurrant | Banana Heart","Jasmine Sambac ABS | Juicy Mango Flesh | Gardenia","Vanilla | Prickly Pear Milk | Driftwood","Fruity | Floral","Playful | Nyaman","Masculine","","Sore | Malam | ️ Panas | ️ Hujan","https://mtdlhxbwblrxtzsdjlav.supabase.co/storage/v1/object/public/perfume-images/b21b2600-e405-4a25-adb6-c332e8892930/t8aty914g2k-scents-of-pluto-banana-sambac.webp | https://mtdlhxbwblrxtzsdjlav.supabase.co/storage/v1/object/public/perfume-images/b21b2600-e405-4a25-adb6-c332e8892930/t8atyafk9nv-scents-of-pluto-banana-sambac.webp | https://mtdlhxbwblrxtzsdjlav.supabase.co/storage/v1/object/public/perfume-images/b21b2600-e405-4a25-adb6-c332e8892930/t8atya4adaj-scents-of-pluto-banana-sambac.webp","https://s.shopee.co.id/6Aervur9H5","mandalika-sweet-cherry-rose | mykonos-verve | royal-fragrance-whisper-of-borneo | saka-perfumery-florance | house-of-medici-shakespeare-elegiac","Scents of Pluto Banana Sambac menghadirkan aroma tropis playful dengan sentuhan buah-buahan, white floral, dan vanilla creamy yang cocok untuk sore hangout.","https://cariparfum.com/parfum/scents-of-pluto-banana-sambac","","2026-10-06T13:25:50.301Z"
"Scents of Pluto","Cotton Juniper","Eau de Parfum","349000","IDR","InStock","Mandarin | Aldehyde Accord | Freesia | Soft Schinus","Cotton Flower | Juniper Berry | Clean Linen | Edelweiss","Vanilla | Musk Cloud | Cashmere Wood","Floral Lembut | Sitrus Segar","Bersih | Ringan | Nyaman","Masculine","","Pagi | ️ Siang | Sore | ️ Panas | ️ Hujan","https://mtdlhxbwblrxtzsdjlav.supabase.co/storage/v1/object/public/perfume-images/96d4d515-ffd9-4cf8-89c7-873c1e72b723/t8aty16mrsg-scents-of-pluto-cotton-juniper.webp | https://mtdlhxbwblrxtzsdjlav.supabase.co/storage/v1/object/public/perfume-images/96d4d515-ffd9-4cf8-89c7-873c1e72b723/t8aty1pbnye-scents-of-pluto-cotton-juniper.webp | https://mtdlhxbwblrxtzsdjlav.supabase.co/storage/v1/object/public/perfume-images/96d4d515-ffd9-4cf8-89c7-873c1e72b723/t8aty3tzx57-scents-of-pluto-cotton-juniper.webp","https://s.shopee.co.id/8pfd70YA6U","honino-romeo-roses | scuse-me-tulips-better-than-one | evesol-jinggala | hint-cotton | wonderlust-fragrance-philia","Scents of Pluto Cotton Juniper menghadirkan aroma linen bersih, floral airy, dan sentuhan mandarin segar untuk hari-hari tropis yang aktif dan fresh.","https://cariparfum.com/parfum/scents-of-pluto-cotton-juniper","","2026-10-06T13:25:25.699Z"
"Scents of Pluto","Di Bawah Pohon","Eau de Parfum","199000","IDR","InStock","Mandarin | Saffron","Violet | Suede | Barbershop Accord","Akigalawood | Osmanthus","Woody | Powdery","Menenangkan | Nyaman","Masculine","","Sore | Malam | ️ Dingin | ️ Hujan","https://mtdlhxbwblrxtzsdjlav.supabase.co/storage/v1/object/public/perfume-images/72b53c96-f818-4ffe-9f10-09d2022394fc/t8aty5t7glo-scents-of-pluto-di-bawah-pohon.webp | https://mtdlhxbwblrxtzsdjlav.supabase.co/storage/v1/object/public/perfume-images/72b53c96-f818-4ffe-9f10-09d2022394fc/t8aty6s8gpk-scents-of-pluto-di-bawah-pohon.webp | https://mtdlhxbwblrxtzsdjlav.supabase.co/storage/v1/object/public/perfume-images/72b53c96-f818-4ffe-9f10-09d2022394fc/t8aty6xwjvp-scents-of-pluto-di-bawah-pohon.webp","https://s.shopee.co.id/20pIyVWqiP","laboratori-semplice-osmanthus | mykonos-baby-love | aamo-cherrynity | scentalgia-fragrance-the-starry-night-nocturne | scentrail-atlas-of-solana","Scents of Pluto Di Bawah Pohon menghadirkan aroma suede lembut, violet, dan sentuhan woody yang menenangkan, cocok untuk sore hingga malam di udara sejuk.","https://cariparfum.com/parfum/scents-of-pluto-di-bawah-pohon","","2026-10-06T13:25:49.706Z"
"Scents of Pluto","Hugged in Cashmere","Eau de Parfum","289000","IDR","InStock","Bergamot | Pepper | Cistus","Violet | Black Sesame | Saffron","Sandalwood | Cashmere Wood | Musk","Woody | Powdery","Nyaman | Hangat | Misterius","Masculine","","Sore | Malam | ️ Dingin | ️ Hujan","https://mtdlhxbwblrxtzsdjlav.supabase.co/storage/v1/object/public/perfume-images/98873848-281f-4276-884f-a689e11f1f78/t8au16wki4o-scents-of-pluto-hugged-in-cashmere.webp | https://mtdlhxbwblrxtzsdjlav.supabase.co/storage/v1/object/public/perfume-images/98873848-281f-4276-884f-a689e11f1f78/t8au17d4np6-scents-of-pluto-hugged-in-cashmere.webp | https://mtdlhxbwblrxtzsdjlav.supabase.co/storage/v1/object/public/perfume-images/98873848-281f-4276-884f-a689e11f1f78/t8au18fku4r-scents-of-pluto-hugged-in-cashmere.webp","https://s.shopee.co.id/9KbthmDPk8","world-of-make-scents-ermis-solid-perfume | mykonos-baby-love | project-1945-heiress-of-minahasa | wonderlust-fragrance-philia | scuse-me-wood-you-be-mine","Scents of Pluto Hugged in Cashmere menggabungkan creamy sandalwood, cashmere, dan sentuhan violet, menghadirkan aroma cozy yang elegan dan hangat.","https://cariparfum.com/parfum/scents-of-pluto-hugged-in-cashmere","","2026-10-06T13:25:00.582Z"
"Scents of Pluto","Lost In The Italian Sea","Eau de Parfum","246000","IDR","InStock","Aldehyde | Italian Bergamot","Orange Blossom | Jasmine","Sandalwood | White Musk","Sitrus Segar | Floral Lembut","Menyegarkan | Bersih","Masculine","","Pagi | ️ Siang | Sore | ️ Panas | ️ Hujan","https://mtdlhxbwblrxtzsdjlav.supabase.co/storage/v1/object/public/perfume-images/2c5eede3-c5f9-409a-ba31-baf683c8c314/t8atxwi4ydi-scents-of-pluto-lost-in-the-italian-sea.webp | https://mtdlhxbwblrxtzsdjlav.supabase.co/storage/v1/object/public/perfume-images/2c5eede3-c5f9-409a-ba31-baf683c8c314/t8atxxh3b5g-scents-of-pluto-lost-in-the-italian-sea.webp | https://mtdlhxbwblrxtzsdjlav.supabase.co/storage/v1/object/public/perfume-images/2c5eede3-c5f9-409a-ba31-baf683c8c314/t8atxxdkj1e-scents-of-pluto-lost-in-the-italian-sea.webp","https://s.shopee.co.id/Lh4zHGDUS","maison-garnet-pure-haneul | saka-perfumery-after-bath | the-body-tale-after-salon | scentalgia-fragrance-raw-morning-05-00am | satellite-of-glow-kimononique","Scents of Pluto Lost In The Italian Sea adalah parfum EdP bernuansa citrus-floral segar dengan sentuhan sandalwood yang bersih, cocok untuk hari panas.","https://cariparfum.com/parfum/scents-of-pluto-lost-in-the-italian-sea","","2026-10-06T13:25:26.565Z"
"Scents of Pluto","New Kind of Jungle","Eau de Parfum","379000","IDR","InStock","Lemon | Fresh Wet Herb | Nenuphar (Water Lily)","Watery Hyacinth | Lush Jungle Accord | Blue Tuberose | Honeysuckle","Modern Wood | Crystal Musk | Moss","Hijau Segar | Akuatik","Menyegarkan | Bersih | Menenangkan","Masculine","","Pagi | ️ Siang | Sore | ️ Panas | ️ Hujan","https://mtdlhxbwblrxtzsdjlav.supabase.co/storage/v1/object/public/perfume-images/03b9ed29-fab7-4270-bb21-41792220571f/t8atwysqy2u-scents-of-pluto-new-kind-of-jungle.webp | https://mtdlhxbwblrxtzsdjlav.supabase.co/storage/v1/object/public/perfume-images/03b9ed29-fab7-4270-bb21-41792220571f/t8atwzo15gc-scents-of-pluto-new-kind-of-jungle.webp | https://mtdlhxbwblrxtzsdjlav.supabase.co/storage/v1/object/public/perfume-images/03b9ed29-fab7-4270-bb21-41792220571f/t8atx0ssuh4-scents-of-pluto-new-kind-of-jungle.webp","https://s.shopee.co.id/AAB0hXVBuF","scent-of-jarte-flower-district | honino-romeo-roses | merah-poetih-rayuan-pulau-kelapa | laboratori-semplice-lemon | flnc-magnolia","Scents of Pluto New Kind of Jungle adalah parfum fresh green-aquatic dengan sentuhan lemon dan bunga liar, sempurna untuk cuaca panas dan aktivitas harian.","https://cariparfum.com/parfum/scents-of-pluto-new-kind-of-jungle","","2026-10-06T13:26:18.462Z"
"Scents of Pluto","Not That Kind of Cherry","Eau de Parfum","360000","IDR","InStock","Mystical Incense | Saffron | Frozen Cherry","Juicy Sour Cherry | Cinnamon | Crimson Orris | Orris","Liquorous Wood | Cherry Brandy | Benzoin | Cistus","Fruity | Amber","Sensual | Hangat | Misterius","Masculine","","Sore | Malam | ️ Dingin | ️ Hujan","https://mtdlhxbwblrxtzsdjlav.supabase.co/storage/v1/object/public/perfume-images/2ce872a0-8a55-481b-9547-a6f1ee1b6f0e/t8atwu4p0hp-scents-of-pluto-not-that-kind-of-cherry.webp | https://mtdlhxbwblrxtzsdjlav.supabase.co/storage/v1/object/public/perfume-images/2ce872a0-8a55-481b-9547-a6f1ee1b6f0e/t8atwv7okmb-scents-of-pluto-not-that-kind-of-cherry.webp | https://mtdlhxbwblrxtzsdjlav.supabase.co/storage/v1/object/public/perfume-images/2ce872a0-8a55-481b-9547-a6f1ee1b6f0e/t8atwvt2v3l-scents-of-pluto-not-that-kind-of-cherry.webp","https://s.shopee.co.id/50SuYAdAmL","alt-perfumery-manners-maketh | ataraksia-societeit-harmonie | wonderlust-fragrance-gunnen | personal-chemistry-memo | speaks-to-me-madly-deeply-loved","Scents of Pluto Not That Kind of Cherry menawarkan aroma cherry dingin yang berubah jadi hangat dan spicy, cocok untuk suasana malam yang sensual dan berkelas.","https://cariparfum.com/parfum/scents-of-pluto-not-that-kind-of-cherry","","2026-10-06T13:25:37.457Z"
"Scents of Pluto","The Active Project","Eau de Parfum","289000","IDR","InStock","Bergamot | Mandarin | Orange","Pepper | Neroli | Cardamom","Amber | Vetiver | Musk","Sitrus Segar | Woody","Energik | Bersih","Masculine","","Pagi | ️ Siang | Sore | ️ Panas | ️ Hujan","https://mtdlhxbwblrxtzsdjlav.supabase.co/storage/v1/object/public/perfume-images/41cea523-6d17-47ec-8441-b3d8ecd85e40/t8au1hsbs6b-scents-of-pluto-the-active-project.webp | https://mtdlhxbwblrxtzsdjlav.supabase.co/storage/v1/object/public/perfume-images/41cea523-6d17-47ec-8441-b3d8ecd85e40/t8au1iuzhmz-scents-of-pluto-the-active-project.webp | https://mtdlhxbwblrxtzsdjlav.supabase.co/storage/v1/object/public/perfume-images/41cea523-6d17-47ec-8441-b3d8ecd85e40/t8au1jn9d4q-scents-of-pluto-the-active-project.webp","https://s.shopee.co.id/4q9ULnewSc","honino-romeo-roses | project-1945-heiress-of-minahasa | altar-scents-maelstrom | yn-perfumery-masculine-vintage-tobacco | wonderlust-fragrance-philia","Scents of Pluto The Active Project adalah Eau de Parfum citrus woody yang segar dan hangat, cocok untuk kamu yang aktif, percaya diri, dan suka momen pagi.","https://cariparfum.com/parfum/scents-of-pluto-the-active-project","","2026-10-06T13:26:16.889Z"
"Scents of Pluto","The Vanity Room","Eau de Parfum","259000","IDR","InStock","Chamomile | Clary Sage","Water | Cypriol","Amber | Blond Wood | Musk","Amber | Aromatik","Menenangkan | Bersih","Masculine","","Sore | Malam | ️ Panas | ️ Hujan","https://mtdlhxbwblrxtzsdjlav.supabase.co/storage/v1/object/public/perfume-images/4c8b2238-7bd5-4015-80d2-45ac3a3bff6f/t8au1a0x5of-scents-of-pluto-the-vanity-room.webp | https://mtdlhxbwblrxtzsdjlav.supabase.co/storage/v1/object/public/perfume-images/4c8b2238-7bd5-4015-80d2-45ac3a3bff6f/t8au1blvsls-scents-of-pluto-the-vanity-room.webp | https://mtdlhxbwblrxtzsdjlav.supabase.co/storage/v1/object/public/perfume-images/4c8b2238-7bd5-4015-80d2-45ac3a3bff6f/t8au1bkx8w1-scents-of-pluto-the-vanity-room.webp","https://s.shopee.co.id/qdLaUX63U","forsol-charmomile | honino-romeo-roses | satellite-of-glow-kapadokya-mistik | botanical-essentials-summer-fling | botanical-essentials-sanctuary","Scents of Pluto The Vanity Room menghadirkan sensasi ruang bersih dengan sentuhan herbal hangat dan kayu lembut, sempurna untuk momen relaksasi harian.","https://cariparfum.com/parfum/scents-of-pluto-the-vanity-room","","2026-10-06T13:26:00.344Z"
"Scents of Pluto","Through The Mystic Forest","Eau de Parfum","259000","IDR","InStock","Myrtle | Italian Cyprus | Rose","Cedarwood | Sandalwood","Amber | Rosewood | Musk","Woody | Amber","Menenangkan | Hangat","Masculine","","Sore | Malam | ️ Dingin | ️ Hujan","https://mtdlhxbwblrxtzsdjlav.supabase.co/storage/v1/object/public/perfume-images/26345132-0036-45d0-bd10-e112afbbe795/t8atydpgw37-scents-of-pluto-through-the-mystic-forest.webp | https://mtdlhxbwblrxtzsdjlav.supabase.co/storage/v1/object/public/perfume-images/26345132-0036-45d0-bd10-e112afbbe795/t8atye83jo9-scents-of-pluto-through-the-mystic-forest.jpg | https://mtdlhxbwblrxtzsdjlav.supabase.co/storage/v1/object/public/perfume-images/26345132-0036-45d0-bd10-e112afbbe795/t8atyew13el-scents-of-pluto-through-the-mystic-forest.webp","https://s.shopee.co.id/5fibLJBudy","honino-romeo-roses | loco-scent-red-rhapsody | mykonos-xoxo-rosy | botanical-essentials-sanctuary | world-of-make-scents-ermis-solid-perfume","Scents of Pluto Through The Mystic Forest menghadirkan sensasi berjalan di hutan kayu basah dengan aroma woody, amber, dan sentuhan floral yang hangat.","https://cariparfum.com/parfum/scents-of-pluto-through-the-mystic-forest","","2026-10-06T13:25:38.245Z"
"Scents of Pluto","White Floral Bouquet","Eau de Parfum","246000","IDR","InStock","Jasmine | Tuberose","Pink Pepper | Musk","Orange Blossom | Iris","Floral | Powdery","Elegan | Sensual","Masculine","","Sore | Malam | ️ Hujan | ️ Dingin","https://mtdlhxbwblrxtzsdjlav.supabase.co/storage/v1/object/public/perfume-images/1f0d5f15-7917-491c-8023-06b2ab2a9659/t8atwqnunih-scents-of-pluto-white-floral-bouquet.webp | https://mtdlhxbwblrxtzsdjlav.supabase.co/storage/v1/object/public/perfume-images/1f0d5f15-7917-491c-8023-06b2ab2a9659/t8atwr8exv1-scents-of-pluto-white-floral-bouquet.webp | https://mtdlhxbwblrxtzsdjlav.supabase.co/storage/v1/object/public/perfume-images/1f0d5f15-7917-491c-8023-06b2ab2a9659/t8atwr4uxnn-scents-of-pluto-white-floral-bouquet.webp","https://s.shopee.co.id/7fTfijb9zn","scuse-me-jasmine-to-be | honino-romeo-roses | atsiri-kembang-setaman-jasmine | atsiri-kembang-setaman-tuberose | reboura-flora-notes","Scents of Pluto White Floral Bouquet menghadirkan sensasi taman bunga putih mewah, lembut, dan elegan, cocok untuk momen sore hingga malam yang spesial.","https://cariparfum.com/parfum/scents-of-pluto-white-floral-bouquet","","2026-10-06T13:25:54.509Z"
"Scuse Me","Beauty And The Freeze","Extrait de Parfum","168000","IDR","InStock","Strawberry | Pink Pepper | Yuzu | Mint","Ice Accord | Peony | White Floral Accord","Rhubarb | Woody Note | Ambroxan | Musk","Hijau Segar | Fruity","Menyegarkan | Playful","Masculine","","️ Siang | Sore | ️ Panas | ️ Hujan","https://mtdlhxbwblrxtzsdjlav.supabase.co/storage/v1/object/public/perfume-images/a4a0058c-b770-4b47-8405-bb0bc16585a4/td332zuvamd-scuse-me-beauty-and-the-freeze.webp | https://mtdlhxbwblrxtzsdjlav.supabase.co/storage/v1/object/public/perfume-images/a4a0058c-b770-4b47-8405-bb0bc16585a4/td33300a8ue-scuse-me-beauty-and-the-freeze.webp","https://s.shopee.co.id/6VL3rylnge","saka-perfumery-nashville | reboura-tea-esencia | reboura-ellinika-doors | notts-lady-vanille | mandalika-romantica-exotica","Scuse Me Beauty And The Freeze menawarkan aroma minty-fruity yang segar dan playful, cocok untuk kamu yang ingin tampil ceria di hari-hari panas.","https://cariparfum.com/parfum/scuse-me-beauty-and-the-freeze","","2026-10-06T13:25:27.042Z"
"Scuse Me","Bella Donna","Extrait de Parfum","168000","IDR","InStock","Bergamot | Coffee | Almond","Tuberose | Jasmine Sambac | Iris","Praline | Ambergris | Vanilla | Cacao | Tonka Bean | Musk","Floral | Gourmand","Hangat | Sensual","Masculine","","Malam | ️ Dingin","https://mtdlhxbwblrxtzsdjlav.supabase.co/storage/v1/object/public/perfume-images/3210505b-8a15-42df-b1bf-e37c9722c1bc/td33376qyhu-scuse-me-bella-donna.webp | https://mtdlhxbwblrxtzsdjlav.supabase.co/storage/v1/object/public/perfume-images/3210505b-8a15-42df-b1bf-e37c9722c1bc/td3337hhdb1-scuse-me-bella-donna.webp","https://s.shopee.co.id/9ALp2vnm0v","world-of-make-scents-kiko-crumbs-solid-perfume | honino-romeo-roses | byfrags-pleasure-of-jo | loco-scent-dialogue-ivi | reboura-flora-notes","Scuse Me Bella Donna menawarkan aroma gourmand-floral yang hangat dan memikat, cocok untuk malam sejuk atau momen spesial penuh keintiman.","https://cariparfum.com/parfum/scuse-me-bella-donna","","2026-10-06T13:26:03.224Z"
"Scuse Me","Jasmine To Be","Extrait de Parfum","168000","IDR","InStock","Orange Blossom | Mandarin | Pink Pepper","Snow Accord | Jasmine | Jasmine Sambac","Powdery Note | Heliotrope | Iris | Sugar | Musk","Powdery | Floral Lembut","Nyaman | Elegan","Masculine","","Sore | Malam | ️ Dingin | ️ Hujan","https://mtdlhxbwblrxtzsdjlav.supabase.co/storage/v1/object/public/perfume-images/160a7a0d-9b44-460f-963d-6aa204908346/td33350oila-scuse-me-jasmine-to-be.webp","https://s.shopee.co.id/3g0sUoRg1K","honino-romeo-roses | scents-of-pluto-white-floral-bouquet | satellite-of-glow-aura-ubud | scent-of-jarte-blank-space | de-antoine-secret-de-tilia","Scuse Me Jasmine To Be menghadirkan aroma floral powdery yang lembut dan elegan, cocok untuk suasana santai sore hingga malam di cuaca sejuk atau hujan.","https://cariparfum.com/parfum/scuse-me-jasmine-to-be","","2026-10-06T13:25:49.104Z"
"Scuse Me","No Bees Were Harmed","Extrait de Parfum","159000","IDR","InStock","Floral Accord | Fresh Fruit","Honey | Jasmine","Gourmand Note | Milk | Musk","Gourmand | Fruity","Playful | Nyaman","Masculine","","Sore | Malam | ️ Dingin | ️ Hujan","https://mtdlhxbwblrxtzsdjlav.supabase.co/storage/v1/object/public/perfume-images/c3d8d66e-dd29-457a-96dd-6dee6e0aa259/td332wditng-scuse-me-no-bees-were-harmed.webp | https://mtdlhxbwblrxtzsdjlav.supabase.co/storage/v1/object/public/perfume-images/c3d8d66e-dd29-457a-96dd-6dee6e0aa259/td332x06sjg-scuse-me-no-bees-were-harmed.webp","https://s.shopee.co.id/3qKIh5f382","honino-romeo-roses | the-body-tale-portrait-of-kyoto | saka-perfumery-after-bath | laboratori-semplice-jasmine | vlagio-perfume-yang","Scuse Me No Bees Were Harmed menghadirkan aroma fruity floral creamy dengan sentuhan madu dan susu, cocok untuk pencinta parfum hangat playful di sore.","https://cariparfum.com/parfum/scuse-me-no-bees-were-harmed","","2026-10-06T13:24:52.892Z"
"Scuse Me","To Be a Wallflower","Extrait de Parfum","168000","IDR","InStock","Aldehyde | Apple | White Peach","Orange Blossom | Jasmine | Peony | Rose | Vetiver","Ambergris | Vanilla | Leather | Musk","Floral | Fruity","Nyaman | Elegan","Masculine","","Sore | Malam | ️ Dingin | ️ Hujan","https://mtdlhxbwblrxtzsdjlav.supabase.co/storage/v1/object/public/perfume-images/09b4aeb9-d2a9-4bb6-b972-b7edcbfd10ae/td333131lrt-scuse-me-to-be-a-wallflower.webp | https://mtdlhxbwblrxtzsdjlav.supabase.co/storage/v1/object/public/perfume-images/09b4aeb9-d2a9-4bb6-b972-b7edcbfd10ae/td3332iaqlk-scuse-me-to-be-a-wallflower.webp","https://s.shopee.co.id/2qRlVGdi0e","honino-romeo-roses | de-antoine-secret-de-tilia | de-antoine-de-tilia | constant-01-equal | loco-scent-red-rhapsody","Scuse Me To Be a Wallflower menawarkan aroma floral fruity lembut dengan sentuhan musk dan vanilla, cocok untuk kamu yang ingin tampil subtle namun elegan.","https://cariparfum.com/parfum/scuse-me-to-be-a-wallflower","","2026-10-06T13:25:06.407Z"
"Scuse Me","Tulips Better Than One","Extrait de Parfum","159000","IDR","InStock","Aldehyde | Bergamot | Mandarin | Peach | Freesia","Orange Blossom | Pink Tulip | Lily of the Valley | Vetiver","Ambroxan | Green Note | Woody Accord | Musk","Floral | Hijau Segar","Menyegarkan | Ringan","Masculine","","Pagi | ️ Siang | Sore | ️ Panas | ️ Hujan","https://mtdlhxbwblrxtzsdjlav.supabase.co/storage/v1/object/public/perfume-images/3c5d7b58-02fc-4961-b55a-ff50babe248c/td332tdt5ux-scuse-me-tulips-better-than-one.webp | https://mtdlhxbwblrxtzsdjlav.supabase.co/storage/v1/object/public/perfume-images/3c5d7b58-02fc-4961-b55a-ff50babe248c/td332vyure5-scuse-me-tulips-better-than-one.webp","https://s.shopee.co.id/1LcxiT0eIE","compounded-by-eloise | evesol-jinggala | honino-romeo-roses | zataru-aquamarine | loco-scent-white-potion","Scuse Me Tulips Better Than One membawa nuansa floral-fresh yang ringan, airy, dan clean untuk hari-hari cerah.","https://cariparfum.com/parfum/scuse-me-tulips-better-than-one","","2026-10-06T13:25:20.439Z"
"Scuse Me","Wood You Be Mine","Extrait de Parfum","168000","IDR","InStock","Bergamot","Orange Blossom | Violet | Rose","Amber | Sandalwood | Musky Note | Patchouli","Woody | Floral","Hangat | Elegan","Masculine","","Sore | Malam | ️ Dingin | ️ Hujan","https://mtdlhxbwblrxtzsdjlav.supabase.co/storage/v1/object/public/perfume-images/f773c293-8237-40e0-a5e6-c8345b1d23e6/td33349ft0j-scuse-me-wood-you-be-mine.webp","https://s.shopee.co.id/6AiDTK5k6S","honino-romeo-roses | world-of-make-scents-ermis-solid-perfume | loco-scent-red-rhapsody | layr-kyoto-jazz | mykonos-baby-love","Scuse Me Wood You Be Mine menghadirkan aroma woody-floral yang lembut dan elegan, sempurna untuk suasana malam santai atau momen spesial di ruangan sejuk.","https://cariparfum.com/parfum/scuse-me-wood-you-be-mine","","2026-10-06T13:25:31.043Z"
"Sianc","11 AM","Extrait de Parfum","150000","IDR","InStock","Ambrette Seeds","Sea Salt | Grapefruit","Seaweed | Sage","Akuatik | Aromatik","Menyegarkan | Bersih","Masculine","","Pagi | ️ Siang | Sore | ️ Panas | ️ Hujan","https://mtdlhxbwblrxtzsdjlav.supabase.co/storage/v1/object/public/perfume-images/ce599fb4-53e3-45af-a3f0-ba8f7b792e9a/td8kt48idnm-sianc-11-am.webp | https://mtdlhxbwblrxtzsdjlav.supabase.co/storage/v1/object/public/perfume-images/ce599fb4-53e3-45af-a3f0-ba8f7b792e9a/td8kt52gpgo-sianc-11-am.webp","https://s.shopee.co.id/4VZzMEkL5A","astree-ocean-breeze | royal-fragrance-sage | saka-perfumery-etherwave | evesol-arunika | loco-scent-into-the-waves","Sianc 11 AM adalah parfum fresh aquatic dengan nuansa sea salt dan grapefruit, sempurna untuk pecinta aroma laut yang ingin sensasi segar sepanjang hari.","https://cariparfum.com/parfum/sianc-11-am","","2026-10-06T13:25:41.612Z"
"Sianc","HONEY PUMP","Extrait de Parfum","150000","IDR","InStock","Mandarin Orange | Blood Orange","Honey | Gardenia","Patchouli | Caramel","Floral | Gourmand","Hangat | Playful","Masculine","","Malam | ️ Dingin","https://mtdlhxbwblrxtzsdjlav.supabase.co/storage/v1/object/public/perfume-images/470f742b-154f-4416-a422-fe35408e1418/td8kt93y0p9-sianc-honey-pump.webp | https://mtdlhxbwblrxtzsdjlav.supabase.co/storage/v1/object/public/perfume-images/470f742b-154f-4416-a422-fe35408e1418/td8kt9fw3wc-sianc-honey-pump.webp","https://s.shopee.co.id/1107BlGKvT","laboratori-semplice-patchouli | mykonos-caramel-fudge-cookie | loco-scent-dialogue-ivi | botanical-essentials-after-hours | mandalika-day","Sianc Honey Pump menghadirkan sensasi gourmand yang manis dan hangat, dengan sentuhan citrus dan floral, cocok untuk malam santai yang playful dan intim.","https://cariparfum.com/parfum/sianc-honey-pump","","2026-10-06T13:25:45.876Z"
"Sianc","ILTSB","Extrait de Parfum","150000","IDR","InStock","Bergamot | Mint","White Amber | Jasmine","Green Tea | Musk","Floral | Hijau Segar","Menyegarkan | Bersih | Menenangkan","Masculine","","Pagi | ️ Siang | Sore | ️ Panas | ️ Hujan","https://mtdlhxbwblrxtzsdjlav.supabase.co/storage/v1/object/public/perfume-images/2e621788-2f6e-4cf3-8c3c-04c734adb6a7/td8kt2a0cki-sianc-iltsb.webp | https://mtdlhxbwblrxtzsdjlav.supabase.co/storage/v1/object/public/perfume-images/2e621788-2f6e-4cf3-8c3c-04c734adb6a7/td8kt3kxydw-sianc-iltsb.webp","https://s.shopee.co.id/6feTw8MEjT","honino-romeo-roses | reboura-majestic-night | scent-of-jarte-by-the-garden | honor-perfume-denali | alt-perfumery-always-right","Sianc ILTSB adalah parfum xdp yang memadukan nuansa green tea, mint, dan jasmine, memberi aroma segar, clean, dan menenangkan untuk hari aktif Anda.","https://cariparfum.com/parfum/sianc-iltsb","","2026-10-06T13:26:21.570Z"
"Sianc","MELODY OF SPRING","Extrait de Parfum","150000","IDR","InStock","Bergamot | Lychee","Turkish Rose | Peony","Haitian Vetiver | Cashmeran","Floral | Fruity","Menyegarkan | Playful","Masculine","","Pagi | ️ Siang | Sore | ️ Panas | ️ Hujan","https://mtdlhxbwblrxtzsdjlav.supabase.co/storage/v1/object/public/perfume-images/51ef359d-46df-494d-b70d-f1ac0e5443b7/td8kt6oi63q-sianc-melody-of-spring.webp | https://mtdlhxbwblrxtzsdjlav.supabase.co/storage/v1/object/public/perfume-images/51ef359d-46df-494d-b70d-f1ac0e5443b7/td8kt6xfiak-sianc-melody-of-spring.webp","https://s.shopee.co.id/9fI5VkLjGC","evoste-ivory-bloom | whspr-twisted-romance | maison-garnet-alhambra-rose | loco-scent-red-rhapsody | layr-rose-damour","Sianc Melody of Spring adalah parfum floral fruity yang segar dan lembut dengan sentuhan rose, peony, dan lychee, cocok untuk hari-hari cerah dan suasana.","https://cariparfum.com/parfum/sianc-melody-of-spring","","2026-10-06T13:25:07.248Z"
"Sianc","SWEET TALKER","Extrait de Parfum","150000","IDR","InStock","Wild Berries | Peach","Water Lily | Vanilla | Apple Blossom","Orchid | Musk","Floral | Fruity","Playful | Nyaman","Masculine","","Sore | Malam | ️ Panas | ️ Hujan","https://mtdlhxbwblrxtzsdjlav.supabase.co/storage/v1/object/public/perfume-images/f53e738d-4ccf-4067-a273-c6ea754be5f8/td8kt7ldl7e-sianc-sweet-talker.webp | https://mtdlhxbwblrxtzsdjlav.supabase.co/storage/v1/object/public/perfume-images/f53e738d-4ccf-4067-a273-c6ea754be5f8/td8kt80e4p0-sianc-sweet-talker.webp","https://s.shopee.co.id/3qKIYzqr7E","honino-romeo-roses | world-of-make-scents-kiko-crumbs-solid-perfume | altar-scents-paradiso | avalanche-cosmic-pull | reboura-living-montage","Sianc SWEET TALKER adalah parfum fruity-floral yang playful dan creamy, cocok untuk hangout santai dan suasana sore hingga malam di iklim tropis.","https://cariparfum.com/parfum/sianc-sweet-talker","","2026-10-06T13:25:48.404Z"
"SIGHNIL","Cherry On Date Night","Eau de Parfum","179000","IDR","InStock","Mandarin Orange | Bergamot | Cherry","Violet | Jasmine | Rose | Orchid","Cedar | Vanilla | Blackberry | Musk","Floral | Fruity","Playful | Sensual","Masculine","","Sore | Malam | ️ Panas | ️ Hujan","https://mtdlhxbwblrxtzsdjlav.supabase.co/storage/v1/object/public/perfume-images/bf49fcbc-1c04-4558-893a-ddd739c93536/td34derci2w-sighnil-cherry-on-date-night.webp | https://mtdlhxbwblrxtzsdjlav.supabase.co/storage/v1/object/public/perfume-images/bf49fcbc-1c04-4558-893a-ddd739c93536/td34dffum4t-sighnil-cherry-on-date-night.webp | https://mtdlhxbwblrxtzsdjlav.supabase.co/storage/v1/object/public/perfume-images/bf49fcbc-1c04-4558-893a-ddd739c93536/td34dffsdv7-sighnil-cherry-on-date-night.webp","https://s.shopee.co.id/1VwNxrU2DI","honino-romeo-roses | de-antoine-velvet-garden | evesol-jinggala | mykonos-baby-love | loco-scent-red-rhapsody","SIGHNIL Cherry On Date Night adalah EDP fruity-floral playful dengan sentuhan vanilla dan musk, pas untuk momen santai atau kencan malam di udara tropis.","https://cariparfum.com/parfum/sighnil-cherry-on-date-night","","2026-10-06T13:25:06.327Z"
"SIGHNIL","French Peonies Mood","Eau de Parfum","179000","IDR","InStock","Red Apple | Peony","Carnation | Jasmine | Rose","Suede | Wood","Floral | Fruity","Playful | Elegan","Masculine","","Pagi | ️ Siang | Sore | ️ Panas | ️ Hujan","https://mtdlhxbwblrxtzsdjlav.supabase.co/storage/v1/object/public/perfume-images/a91ad1a5-b3e2-4caa-b850-9b029fe5a1e5/td34dcmddhf-sighnil-french-peonies-mood.webp","https://s.shopee.co.id/1qZEMN0ntw","de-antoine-l-amour-toujours | loco-scent-red-rhapsody | de-antoine-secret-de-tilia | de-antoine-de-tilia | honino-romeo-roses","SIGHNIL French Peonies Mood menghadirkan aroma floral-peony yang segar, feminin, dan lembut, cocok untuk suasana ceria di pagi hingga sore hari.","https://cariparfum.com/parfum/sighnil-french-peonies-mood","","2026-10-06T13:25:31.719Z"
"SIGHNIL","Orange Wine Peppy Musk","Eau de Parfum","179000","IDR","InStock","Citrus | Sicilian Orange","Damask Rose | Peony","Patchouli | White Musk","Floral | Sitrus Segar","Menyegarkan | Bersih","Masculine","","Pagi | ️ Siang | Sore | ️ Panas | ️ Hujan","https://mtdlhxbwblrxtzsdjlav.supabase.co/storage/v1/object/public/perfume-images/4ec7df44-a694-4f9b-9923-2f79587ca587/td6oks0mh4a-sighnil-orange-wine-peppy-musk.webp | https://mtdlhxbwblrxtzsdjlav.supabase.co/storage/v1/object/public/perfume-images/4ec7df44-a694-4f9b-9923-2f79587ca587/td6okt8habg-sighnil-orange-wine-peppy-musk.webp | https://mtdlhxbwblrxtzsdjlav.supabase.co/storage/v1/object/public/perfume-images/4ec7df44-a694-4f9b-9923-2f79587ca587/td6okuz7dfb-sighnil-orange-wine-peppy-musk.webp","https://s.shopee.co.id/8ATHu6810S","loco-scent-red-rhapsody | scentalgia-fragrance-raw-morning-09-00am | voie-mistinguett | honino-romeo-roses | mine-perfumery-floraison","SIGHNIL Orange Wine Peppy Musk memadukan segarnya citrus dan floral lembut dengan white musk, menciptakan aroma clean untuk aktivitas harian di iklim tropis.","https://cariparfum.com/parfum/sighnil-orange-wine-peppy-musk","","2026-10-06T13:25:12.044Z"
"SIGHNIL","Rose de Praline","Eau de Parfum","189000","IDR","InStock","Pear | Blackcurrant","Orange Blossom | Jasmine | Iris","Praline | Vanilla | Patchouli | Chocolate Orchid | Tonka Bean","Floral | Gourmand","Hangat | Nyaman | Elegan","Masculine","","Malam | ️ Dingin | ️ Hujan","https://mtdlhxbwblrxtzsdjlav.supabase.co/storage/v1/object/public/perfume-images/dacee162-51c8-4b4f-b4a5-04ce2cff2e7d/td34ddg56b7-sighnil-rose-de-praline.webp","https://s.shopee.co.id/3VhSLc6RhR","mykonos-verve | saka-perfumery-oreal | royal-fragrance-cheerful | royal-fragrance-redberry | mykonos-black-opera","SIGHNIL Rose de Praline menawarkan aroma gourmand floral yang lembut dan hangat, cocok untuk malam santai atau momen intim penuh kenyamanan.","https://cariparfum.com/parfum/sighnil-rose-de-praline","","2026-10-06T13:26:00.140Z"
"SIGHNIL","Sea Salt Neroli","Eau de Parfum","189000","IDR","InStock","Bergamot | Mandarin | Orange Sicilian","Orange Blossom | Jasmine | Neroli","Amber | Acqua Musk | Ambrette","Floral | Sitrus Segar","Menyegarkan | Ringan | Bersih","Masculine","","Pagi | ️ Siang | Sore | ️ Panas | ️ Hujan","https://mtdlhxbwblrxtzsdjlav.supabase.co/storage/v1/object/public/perfume-images/0b7f501d-adab-4a85-a110-7fcdd1355a45/td34dahkbqy-sighnil-sea-salt-neroli.webp","https://s.shopee.co.id/4ftPjjtkKv","ouru-vanilla-velvet-2-0 | scentnario-hidden-haven | honino-romeo-roses | saudade-olfactory-bonsai-we-kept | alt-perfumery-moroccan-sunset-intense","SIGHNIL Sea Salt Neroli adalah parfum EDP citrus-floral dengan nuansa airy, clean, dan segar, cocok untuk suasana tropis dan pemakaian harian.","https://cariparfum.com/parfum/sighnil-sea-salt-neroli","","2026-10-06T13:25:09.684Z"
"Somne","Nectar","Eau de Parfum","326000","IDR","InStock","Black Cherry | Cardamom | Saffron","Caramel | Cacao | Vetiver","Praline | Sandalwood | Patchouli | Tobacco | Leather | Tonka Bean | Woods","Gourmand | Amber","Hangat | Misterius | Nyaman","Masculine","","Sore | Malam | ️ Dingin","https://mtdlhxbwblrxtzsdjlav.supabase.co/storage/v1/object/public/perfume-images/78dc1d3c-7e55-490e-a001-6213c7ac484d/tcd5cj9w2r7-somne-nectar.webp | https://mtdlhxbwblrxtzsdjlav.supabase.co/storage/v1/object/public/perfume-images/78dc1d3c-7e55-490e-a001-6213c7ac484d/tcd5ck6urqp-somne-nectar.webp","https://s.shopee.co.id/8ARdV6uFfF","sonder-scents-255 | citizens-of-the-world-habanos | mykonos-dark-secret | loco-scent-smoke-on-top | layr-get-naked","Somne Nectar EDP: Perpaduan gourmand manis dan aroma tembakau-kulit yang hangat, menciptakan parfum misterius nan sensual untuk malam hari.","https://cariparfum.com/parfum/somne-nectar","","2026-10-06T13:26:18.150Z"
"Somne","Orthus","Eau de Parfum","343000","IDR","InStock","Bergamot | Lemon","Ginger | Aldehydes | Balsam | White Floral","Ambrette | Patchouli | Tonka Bean | Woods | Musk","Floral | Sitrus Segar","Menyegarkan | Bersih","Masculine","","Pagi | ️ Siang | Sore | ️ Panas | ️ Hujan","https://mtdlhxbwblrxtzsdjlav.supabase.co/storage/v1/object/public/perfume-images/160d4af6-01b2-46cb-9070-9cf0501e65b5/tcd5cmzsvup-somne-orthus.webp | https://mtdlhxbwblrxtzsdjlav.supabase.co/storage/v1/object/public/perfume-images/160d4af6-01b2-46cb-9070-9cf0501e65b5/tcd5cnp6tej-somne-orthus.webp","https://s.shopee.co.id/7VBwhtnJLR","world-of-make-scents-ermis-solid-perfume | honino-romeo-roses | saudade-olfactory-bonsai-we-kept | sonder-scents-255 | honor-perfume-denali","Somne Orthus EDP: perpaduan segar citrus dan bunga putih hangat dengan dasar woody-musky yang menenangkan, sempurna untuk segala suasana.","https://cariparfum.com/parfum/somne-orthus","","2026-10-06T13:24:49.882Z"
"Somne","Sanguine","Eau de Parfum","308000","IDR","InStock","Bulgarian Rose | White Tea","Nutmeg | Cardamom","Black Musk | Guaiac Wood | Ink | White Musk | Agarwood | Dark Cedar","Woody | Floral Lembut","Misterius | Elegan","Masculine","","Sore | Malam | ️ Dingin","https://mtdlhxbwblrxtzsdjlav.supabase.co/storage/v1/object/public/perfume-images/3bcf0299-c5c0-4391-8c26-4de24ddddf02/tcd5cgf72nn-somne-sanguine.webp | https://mtdlhxbwblrxtzsdjlav.supabase.co/storage/v1/object/public/perfume-images/3bcf0299-c5c0-4391-8c26-4de24ddddf02/tcd5ch30ft2-somne-sanguine.webp","https://s.shopee.co.id/8ARdV5q7OB","loco-scent-red-rhapsody | mykonos-xoxo-rosy | mykonos-moroccan-vanilla | yn-perfumery-rose-in-september | personal-chemistry-unspoken","Somne Sanguine EDP: perpaduan mawar Bulgaria, teh putih, rempah hangat, dan woody notes yang misterius. Cocok untuk momen tenangmu.","https://cariparfum.com/parfum/somne-sanguine","","2026-10-06T13:26:01.544Z"
"Sonder Scents","213","Extrait de Parfum","108000","IDR","InStock","Green Tea | Violet Leaf","Mimosa | Heliotrope | Orris","Amber | Solar Notes | Tonka Bean | Musk","Powdery | Hijau Segar","Nyaman | Menenangkan","Masculine","","Sore | Malam | ️ Hujan | ️ Dingin","https://mtdlhxbwblrxtzsdjlav.supabase.co/storage/v1/object/public/perfume-images/a755afe9-d2e6-4064-a113-6a80af06c526/t9eum5zlejd-sonder-scents-213.webp | https://mtdlhxbwblrxtzsdjlav.supabase.co/storage/v1/object/public/perfume-images/a755afe9-d2e6-4064-a113-6a80af06c526/t9eum5pv3ko-sonder-scents-213.webp","https://s.shopee.co.id/6fbe0qanuK","honino-romeo-roses | readyset-the-witch | loco-scent-dialogue-ivi | argve-ardour | altar-scents-paradiso","Sonder Scents 213 adalah parfum soft green-floral dengan sentuhan powdery hangat dan musk, cocok untuk sore santai atau malam sejuk di Indonesia.","https://cariparfum.com/parfum/sonder-scents-213","","2026-10-06T13:25:19.999Z"
"Sonder Scents","255","Extrait de Parfum","118000","IDR","InStock","Bergamot | Cinnamon | Grapefruit | Saffron | Cypress","Cedarwood | Lavender | Patchouli | Labdanum | White Floral | Cardamom","Lactonic Notes | Amber | Sandalwood | Vanilla | Tonka Bean | Musk","Amber | Woody","Hangat | Nyaman","Masculine","","Sore | Malam | ️ Dingin","https://mtdlhxbwblrxtzsdjlav.supabase.co/storage/v1/object/public/perfume-images/d0191ccf-454b-4240-99ca-a533dc4da13f/t9eum3dv9bm-sonder-scents-255.webp | https://mtdlhxbwblrxtzsdjlav.supabase.co/storage/v1/object/public/perfume-images/d0191ccf-454b-4240-99ca-a533dc4da13f/t9eum4nzo9m-sonder-scents-255.webp","https://s.shopee.co.id/9AIyzU44nh","honino-romeo-roses | wonderlust-fragrance-philia | layr-velvet-dream | layr-kyoto-jazz | layr-midnight-haze","Sonder Scents 255 menawarkan kehangatan vanilla dan sandalwood, dipadukan rempah lembut khas sore dan malam hari, cocok untuk suasana intim dan relaksasi.","https://cariparfum.com/parfum/sonder-scents-255","","2026-10-06T13:25:52.253Z"
"Sonder Scents","276","Extrait de Parfum","114000","IDR","InStock","Red Fruits | Saffron","Rose | White Floral | Benzoin","Peru Balsam | Agarwood | Musk","Amber | Floral","Hangat | Misterius | Sensual","Masculine","","Sore | Malam | ️ Dingin | ️ Hujan","https://mtdlhxbwblrxtzsdjlav.supabase.co/storage/v1/object/public/perfume-images/835bdd49-77aa-43ce-a8f1-cbffa13633b8/t9eum1pnqy6-sonder-scents-276.webp | https://mtdlhxbwblrxtzsdjlav.supabase.co/storage/v1/object/public/perfume-images/835bdd49-77aa-43ce-a8f1-cbffa13633b8/t9eum2tsq1r-sonder-scents-276.webp","https://s.shopee.co.id/8KjrzwJgPd","loco-scent-red-rhapsody | honino-romeo-roses | mykonos-xoxo-rosy | loco-scent-smoke-on-top | gioia-fragrances-jenny","Sonder Scents 276 menawarkan aroma amber floral dengan sentuhan saffron dan oud, ideal untuk malam spesial yang ingin terasa hangat, sensual, dan penuh misteri.","https://cariparfum.com/parfum/sonder-scents-276","","2026-10-06T13:25:38.298Z"
"Speaks to Me","At Home","Eau de Parfum","269000","IDR","InStock","Lotus | Freesia","Jasmine | Muguet | Musk","Sandalwood | Vanilla","Woody | Floral Lembut","Ringan | Nyaman","Masculine","","Pagi | ️ Siang | Sore | ️ Panas | ️ Hujan","https://mtdlhxbwblrxtzsdjlav.supabase.co/storage/v1/object/public/perfume-images/d623b938-401e-43fe-93f6-6c110192ce60/tcd3oj2oxqt-speaks-to-me-at-home.webp | https://mtdlhxbwblrxtzsdjlav.supabase.co/storage/v1/object/public/perfume-images/d623b938-401e-43fe-93f6-6c110192ce60/tcd3ojt4g16-speaks-to-me-at-home.webp","https://s.shopee.co.id/60N8qWGlaH","honino-romeo-roses | de-antoine-velvet-garden | evesol-jinggala | yn-perfumery-on-cloud-nine | hint-cotton","Speaks to Me At Home adalah parfum floral-musky yang airy dan cozy, menghadirkan suasana rumah yang bersih dan nyaman, cocok untuk hari-hari santai.","https://cariparfum.com/parfum/speaks-to-me-at-home","","2026-10-06T13:26:11.273Z"
"Speaks to Me","At the Speakeasy","Eau de Parfum","239000","IDR","InStock","Bergamot | Rose | Apple","Patchouli | Iris | Tonka Bean","Sandalwood | Vanilla | Tobacco | Musk","Woody | Kering & Smoky","Hangat | Misterius | Nyaman","Masculine","","Sore | Malam | ️ Dingin","https://mtdlhxbwblrxtzsdjlav.supabase.co/storage/v1/object/public/perfume-images/535c7a40-09ea-4567-bb70-04f5ffffd900/tcd3s76u8ke-speaks-to-me-at-the-speakeasy.webp | https://mtdlhxbwblrxtzsdjlav.supabase.co/storage/v1/object/public/perfume-images/535c7a40-09ea-4567-bb70-04f5ffffd900/tcd3s8uiv67-speaks-to-me-at-the-speakeasy.webp","https://s.shopee.co.id/9AKAc3GaX3","honino-romeo-roses | loco-scent-red-rhapsody | byfrags-pleasure-of-jo | world-of-make-scents-kiko-crumbs-solid-perfume | world-of-make-scents-ermis-solid-perfume","Speaks to Me At the Speakeasy adalah parfum edp dengan aroma tembakau, vanila, dan patchouli yang menciptakan suasana malam hangat penuh misteri dan keanggunan.","https://cariparfum.com/parfum/speaks-to-me-at-the-speakeasy","","2026-10-06T13:26:23.772Z"
"Speaks to Me","By the Beach","Eau de Parfum","269000","IDR","InStock","Bergamot | Berry | Lemon","Marine Notes | Jasmine | Rose | Milk","Amber | Sandalwood | Cashmeran | Moss","Akuatik | Amber","Menyegarkan | Hangat | Nyaman","Masculine","","Sore | Malam | ️ Panas | ️ Hujan","https://mtdlhxbwblrxtzsdjlav.supabase.co/storage/v1/object/public/perfume-images/beb31b9c-2704-4269-abd5-ef51641488ee/tcd4ra7tvb5-brand-perfume.webp | https://mtdlhxbwblrxtzsdjlav.supabase.co/storage/v1/object/public/perfume-images/beb31b9c-2704-4269-abd5-ef51641488ee/tcd3ik7l09o-speaks-to-me-by-the-beach.webp","https://s.shopee.co.id/3B2xTHsxvB","honino-romeo-roses | loco-scent-red-rhapsody | loco-scent-into-the-waves | world-of-make-scents-ermis-solid-perfume | merah-poetih-rayuan-pulau-kelapa","Speaks to Me By the Beach adalah parfum EDP dengan aroma segar citrus dan floral yang hangat, menghadirkan nuansa pantai yang cozy dan menyegarkan.","https://cariparfum.com/parfum/speaks-to-me-by-the-beach","","2026-10-06T13:25:51.696Z"
"Speaks to Me","Down the Aisle","Eau de Parfum","269000","IDR","InStock","Pear | Petitgrain | Freesia","Rose Ultimate | Jasmine Absolute | Tuberose Absolute","Sandalwood | Clove | Musk","Woody | Floral","Hangat | Sensual | Nyaman","Masculine","","Sore | Malam | ️ Dingin | ️ Hujan","https://mtdlhxbwblrxtzsdjlav.supabase.co/storage/v1/object/public/perfume-images/732c7132-d9a1-4b55-8a7d-e310f2dcecdc/tcd3og91hv0-speaks-to-me-down-the-aisle.webp | https://mtdlhxbwblrxtzsdjlav.supabase.co/storage/v1/object/public/perfume-images/732c7132-d9a1-4b55-8a7d-e310f2dcecdc/tcd3oh79h4c-speaks-to-me-down-the-aisle.webp","https://s.shopee.co.id/6VJPROhIXt","yn-perfumery-on-cloud-nine | notts-hatsukoi | mandalika-irresistible | de-antoine-velvet-garden | speaks-to-me-at-home","Down the Aisle dari Speaks to Me menghadirkan aroma floral sensual dengan sentuhan kayu dan musk hangat yang cocok untuk momen istimewa dan malam hari.","https://cariparfum.com/parfum/speaks-to-me-down-the-aisle","","2026-10-06T13:26:02.818Z"
"Speaks to Me","Girl Friends Forever","Eau de Parfum","256000","IDR","InStock","Bergamot | Grapefruit | Lemon","Violet | Peony | Freesia | Iris","Ambroxan | Musk","Floral Lembut | Sitrus Segar","Menyegarkan | Nyaman | Elegan","Masculine","","Pagi | ️ Siang | Sore | ️ Panas | ️ Hujan","https://mtdlhxbwblrxtzsdjlav.supabase.co/storage/v1/object/public/perfume-images/fbe10ff9-0f55-4215-ba8a-87288d1a1d3d/tcd3okzjb5g-speaks-to-me-girl-friends-forever.webp | https://mtdlhxbwblrxtzsdjlav.supabase.co/storage/v1/object/public/perfume-images/fbe10ff9-0f55-4215-ba8a-87288d1a1d3d/tcd3olhc8p7-speaks-to-me-girl-friends-forever.webp","https://s.shopee.co.id/BPLu4SX1h","wonderlust-fragrance-philia | world-of-make-scents-splash-of-lio-solid-perfume | world-of-make-scents-ermis-solid-perfume | zataru-aquamarine | evesol-jinggala","Speaks to Me Girl Friends Forever adalah parfum EDP segar dan floral dengan sentuhan citrus dan musk yang cocok untuk suasana santai dan ceria di pagi hingga.","https://cariparfum.com/parfum/speaks-to-me-girl-friends-forever","","2026-10-06T13:26:16.627Z"
"Speaks to Me","Healing Trail","Eau de Parfum","239000","IDR","InStock","Citrus | Armoise | Ozonic","Water Flowers | Hedione | Woody","Cedarwood | Sandalwood | Akigalawood","Woody | Akuatik","Menyegarkan | Bersih | Menenangkan","Masculine","","Pagi | ️ Siang | Sore | ️ Panas | ️ Hujan","https://mtdlhxbwblrxtzsdjlav.supabase.co/storage/v1/object/public/perfume-images/0c0c5e5c-5946-489b-81d1-03deeb01778e/tcgi9mpqt1q-speaks-to-me-healing-trail.webp | https://mtdlhxbwblrxtzsdjlav.supabase.co/storage/v1/object/public/perfume-images/0c0c5e5c-5946-489b-81d1-03deeb01778e/tcgi9nljk6r-speaks-to-me-healing-trail.webp","https://s.shopee.co.id/60N8rC48EB","layr-velvet-dream | laboratori-semplice-sandalwood | wonderlust-fragrance-philia | wonderlust-fragrance-flaneur | scentnario-adam-s-eden","Speaks to Me Healing Trail adalah parfum EDP dengan sentuhan ozonic-citrus segar dan woody yang clean, cocok untuk kamu yang suka aroma menenangkan dan natural.","https://cariparfum.com/parfum/speaks-to-me-healing-trail","","2026-10-06T13:26:15.630Z"
"Speaks to Me","In the Library","Eau de Parfum","239000","IDR","InStock","Pencil Accord","Cedarwood Heart Virginia | Violet Flower | Pink Pepper","Sandalwood | Amber Woody Notes | Patchouli | Ambertonic","Woody | Amber","Hangat | Nyaman | Elegan","Masculine","","Sore | Malam | ️ Dingin | ️ Hujan","https://mtdlhxbwblrxtzsdjlav.supabase.co/storage/v1/object/public/perfume-images/19a55c8b-0520-4767-bf9b-20bc4fae6847/tcd3s2w0wz9-speaks-to-me-in-the-library.webp | https://mtdlhxbwblrxtzsdjlav.supabase.co/storage/v1/object/public/perfume-images/19a55c8b-0520-4767-bf9b-20bc4fae6847/tcd3s4b1bqm-speaks-to-me-in-the-library.webp","https://s.shopee.co.id/9pZrPMpUTV","honino-baby-boomers | royal-fragrance-sunrise-of-java | saka-perfumery-montpellier | laboratori-semplice-sandalwood | laboratori-semplice-patchouli","Speaks to Me In the Library adalah parfum EDP dengan aroma kayu, violet, dan amber yang mengingatkan pada suasana hangat perpustakaan klasik dan kesan tenang.","https://cariparfum.com/parfum/speaks-to-me-in-the-library","","2026-10-06T13:25:09.016Z"
"Speaks to Me","Madly, Deeply, Loved","Eau de Parfum","239000","IDR","InStock","Rhubarb | Pepper | Cinnamon | Grapefruit","Tea | Rose | Olibanum | Saffron","Patchouli Dust | Sandalwood | French Vetiver | Vanilla","Woody | Amber","Hangat | Mewah | Sensual","Masculine","","Sore | Malam | ️ Dingin | ️ Hujan","https://mtdlhxbwblrxtzsdjlav.supabase.co/storage/v1/object/public/perfume-images/8a7c305d-37de-47ac-b472-29d9fc6244e7/tcd3rdeotey-speaks-to-me-madly-deeply-loved.webp | https://mtdlhxbwblrxtzsdjlav.supabase.co/storage/v1/object/public/perfume-images/8a7c305d-37de-47ac-b472-29d9fc6244e7/tcd3re7jkys-speaks-to-me-madly-deeply-loved.webp","https://s.shopee.co.id/5VQsFHzjxz","loco-scent-red-rhapsody | mykonos-moroccan-vanilla | honino-romeo-roses | sonder-scents-255 | loco-scent-veil-of-eire","Speaks to Me Madly, Deeply, Loved adalah parfum edp dengan aroma rempah, kayu, dan vanila yang sensual dan hangat cocok untuk malam intim dan acara formal.","https://cariparfum.com/parfum/speaks-to-me-madly-deeply-loved","","2026-10-06T13:26:08.606Z"
"Speaks to Me","Slow Sunset","Eau de Parfum","269000","IDR","InStock","Bergamot | Rose | White Flowers | Freesia","Sweet Notes | Vanilla Bean | Tonka Bean","Amber | Cedarwood | Patchouli | Musk","Floral | Amber","Hangat | Nyaman | Elegan","Masculine","","Sore | Malam | ️ Dingin | ️ Hujan","https://mtdlhxbwblrxtzsdjlav.supabase.co/storage/v1/object/public/perfume-images/327e4674-e2a3-4a4f-8a8a-84ba11f9ae86/tcd3rbowzzd-speaks-to-me-slow-sunset.webp | https://mtdlhxbwblrxtzsdjlav.supabase.co/storage/v1/object/public/perfume-images/327e4674-e2a3-4a4f-8a8a-84ba11f9ae86/tcd3rc9hjhf-speaks-to-me-slow-sunset.webp","https://s.shopee.co.id/9AKAcGcM1O","honino-romeo-roses | loco-scent-red-rhapsody | world-of-make-scents-ermis-solid-perfume | sonder-scents-255 | byfrags-pleasure-of-jo","Slow Sunset dari Speaks to Me menghadirkan aroma warm floral dan gourmand yang memikat dengan sentuhan amber dan kayu cedar, cocok untuk momen santai.","https://cariparfum.com/parfum/speaks-to-me-slow-sunset","","2026-10-06T13:25:38.283Z"
"Speaks to Me","Sneaky Sugar Rush","Eau de Parfum","269000","IDR","InStock","Mandarin | Lemon | Blackcurrant","Jasmine | Raspberry | Peony | Ylang-Ylang","Sandalwood | Cream | Warm Milk | Musk","Floral | Fruity","Hangat | Playful | Nyaman","Masculine","","Sore | Malam | ️ Panas | ️ Dingin","https://mtdlhxbwblrxtzsdjlav.supabase.co/storage/v1/object/public/perfume-images/cd45315f-3987-455f-b456-924b4f86a3ce/tcd3rg32ups-speaks-to-me-sneaky-sugar-rush.webp | https://mtdlhxbwblrxtzsdjlav.supabase.co/storage/v1/object/public/perfume-images/cd45315f-3987-455f-b456-924b4f86a3ce/tcd3rhdn7bp-speaks-to-me-sneaky-sugar-rush.webp","https://s.shopee.co.id/3B2xTBVbq1","evesol-jinggala | de-antoine-boise | honino-romeo-roses | zataru-aquamarine | vlagio-perfume-jamila","Speaks to Me Sneaky Sugar Rush adalah eau de parfum dengan aroma fruity floral creamy yang manis segar, cocok untuk suasana santai dan hangout di sore hingga.","https://cariparfum.com/parfum/speaks-to-me-sneaky-sugar-rush","","2026-10-06T13:24:49.969Z"
"Speaks to Me","The Dreamer","Eau de Parfum","286000","IDR","InStock","Orange Blossom | Lemon | Ozone Notes","Jasmine | Rose | Muguet","Amber | Cedarwood | Musk","Floral | Amber","Menyegarkan | Nyaman | Menenangkan","Masculine","","Sore | Malam | ️ Panas | ️ Hujan","https://mtdlhxbwblrxtzsdjlav.supabase.co/storage/v1/object/public/perfume-images/8bf5a5b6-feee-4f24-a7ae-e39e8b0aa530/tcd3omiwlj8-speaks-to-me-the-dreamer.webp | https://mtdlhxbwblrxtzsdjlav.supabase.co/storage/v1/object/public/perfume-images/8bf5a5b6-feee-4f24-a7ae-e39e8b0aa530/tcd3onbf710-speaks-to-me-the-dreamer.webp","https://s.shopee.co.id/qf2hC1oSR","honino-romeo-roses | loco-scent-red-rhapsody | mandalika-irresistible | vlagio-perfume-medina | mykonos-xoxo-rosy","Speaks to Me The Dreamer EDP menghadirkan aroma floral segar berpadu hangat cedar dan amber, cocok untuk momen santai dan hangat di sore hingga malam hari.","https://cariparfum.com/parfum/speaks-to-me-the-dreamer","","2026-10-06T13:24:46.120Z"
"Speaks to Me","The Elusive","Eau de Parfum","299000","IDR","InStock","Raspberry | Cherry","Praline | Rose | Heliotrope","Palo Santo | Vanilla | Tonka Bean","Gourmand | Fruity","Hangat | Sensual | Nyaman","Masculine","","Sore | Malam | ️ Dingin | ️ Hujan","https://mtdlhxbwblrxtzsdjlav.supabase.co/storage/v1/object/public/perfume-images/dd44f178-319a-4988-8b0d-e505f27bf1d7/tcd3rkggbu7-speaks-to-me-the-elusive.webp | https://mtdlhxbwblrxtzsdjlav.supabase.co/storage/v1/object/public/perfume-images/dd44f178-319a-4988-8b0d-e505f27bf1d7/tcd3rlagtxv-speaks-to-me-the-elusive.webp","https://s.shopee.co.id/6fcpdlvtHm","loco-scent-red-rhapsody | mykonos-moroccan-vanilla | honino-romeo-roses | byfrags-pleasure-of-jo | loco-scent-veil-of-eire","Speaks to Me The Elusive adalah parfum edp dengan sentuhan cherry, praline, dan vanilla yang menciptakan aroma manis dan cozy untuk malam yang intim.","https://cariparfum.com/parfum/speaks-to-me-the-elusive","","2026-10-06T13:25:17.349Z"
"Speaks to Me","The Fearless","Eau de Parfum","299000","IDR","InStock","Cognac","Oat | Cinnamon | Tonka Bean","Praline | Sandalwood | Vanilla | Woody Ambery Notes","Woody | Amber","Hangat | Tegas","Masculine","","Sore | Malam | ️ Dingin","https://mtdlhxbwblrxtzsdjlav.supabase.co/storage/v1/object/public/perfume-images/1d324aff-8268-497c-8ac9-608493fb6ba1/tcd3s57robd-speaks-to-me-the-fearless.webp | https://mtdlhxbwblrxtzsdjlav.supabase.co/storage/v1/object/public/perfume-images/1d324aff-8268-497c-8ac9-608493fb6ba1/tcd3s62pmry-speaks-to-me-the-fearless.webp","https://s.shopee.co.id/9fGRDIbbtF","loco-scent-saturday-cheers | world-of-make-scents-kiko-crumbs-solid-perfume | mykonos-verve | sonder-scents-255 | byfrags-pleasure-of-jo","Speaks to Me The Fearless hadir dengan karakter berani dan hangat yang memikat perhatian, sempurna untuk menemani momen penting Anda sepanjang hari.","https://cariparfum.com/parfum/speaks-to-me-the-fearless","","2026-10-06T13:25:17.385Z"
"Speaks to Me","The Heart","Eau de Parfum","299000","IDR","InStock","Bergamot | Peppercorn | Pistachio","Jasmine | Skin Accord | Tuberose","Cocoa | Benzoin | Tonka Bean","Floral | Gourmand","Hangat | Sensual | Nyaman","Masculine","","Sore | Malam | ️ Dingin","https://mtdlhxbwblrxtzsdjlav.supabase.co/storage/v1/object/public/perfume-images/76e0d93e-58fd-430c-94b9-0954a74d59e9/tcd3ri9not2-speaks-to-me-the-heart.webp | https://mtdlhxbwblrxtzsdjlav.supabase.co/storage/v1/object/public/perfume-images/76e0d93e-58fd-430c-94b9-0954a74d59e9/tcd3rjwnurd-speaks-to-me-the-heart.webp","https://s.shopee.co.id/7KsWR2SIBo","house-of-medici-gabriella-the-white-beams | anamcara-de-pistachio | reboura-flora-notes | hindsight-twilight | hindsight-beauquet","Speaks to Me The Heart adalah parfum edp yang memadukan aroma hangat dan sensual dengan sentuhan floral dan gourmand untuk momen intim penuh kehangatan.","https://cariparfum.com/parfum/speaks-to-me-the-heart","","2026-10-06T13:26:13.329Z"
"Speaks to Me","The Sunshine","Eau de Parfum","286000","IDR","InStock","Nectarine | Blood Orange | Mango","Raspberry | Aquatic Flowers | Pomarosa","Sandalwood | Coconut | Musk","Akuatik | Fruity","Menyegarkan | Playful | Nyaman","Masculine","","️ Siang | Sore | ️ Panas | ️ Hujan","https://mtdlhxbwblrxtzsdjlav.supabase.co/storage/v1/object/public/perfume-images/59ca0cea-d0f3-44a0-a6f7-2aee581d1dde/tcd3oo9pcbc-speaks-to-me-the-sunshine.webp | https://mtdlhxbwblrxtzsdjlav.supabase.co/storage/v1/object/public/perfume-images/59ca0cea-d0f3-44a0-a6f7-2aee581d1dde/tcd3op65nig-speaks-to-me-the-sunshine.webp","https://s.shopee.co.id/6VJPRe0oRG","make-it-mango-glace | kitraka-nebula-s-glow | scent-of-jarte-mango-sticky-rice | scent-of-jarte-lychee-crush | speaks-to-me-sneaky-sugar-rush","Speaks to Me The Sunshine adalah parfum edp segar dan manis dengan sentuhan buah tropis dan kayu yang menghadirkan suasana cerah dan hangat sepanjang hari.","https://cariparfum.com/parfum/speaks-to-me-the-sunshine","","2026-10-06T13:24:52.832Z"
"SUMU","GENESIS","Eau de Parfum","139000","IDR","InStock","Petitgrain | Orange | Cardamom","Orange Blossom | Green Tea | Jasmine | Black Tea","Iris | Vetiver | Musk","Hijau Segar | Powdery","Menenangkan | Bersih","Masculine","","Pagi | ️ Siang | Sore | ️ Panas | ️ Hujan","https://mtdlhxbwblrxtzsdjlav.supabase.co/storage/v1/object/public/perfume-images/074676fd-4c9d-4149-8f3f-8f76aeb2edbe/t8ieyjj11yu-sumu-genesis.webp | https://mtdlhxbwblrxtzsdjlav.supabase.co/storage/v1/object/public/perfume-images/074676fd-4c9d-4149-8f3f-8f76aeb2edbe/t8ieyk0qzwp-sumu-genesis.webp | https://mtdlhxbwblrxtzsdjlav.supabase.co/storage/v1/object/public/perfume-images/074676fd-4c9d-4149-8f3f-8f76aeb2edbe/t8ieyk7lyls-sumu-genesis.webp","https://s.shopee.co.id/8V2mqujqS6","honino-romeo-roses | compounded-by-akira | notts-hatsukoi | scuse-me-jasmine-to-be | scuse-me-to-be-a-wallflower","SUMU GENESIS adalah parfum EdP yang memadukan aroma teh hijau, citrus, dan iris, menghadirkan sensasi segar dan bersih yang cocok untuk keseharian di iklim.","https://cariparfum.com/parfum/sumu-genesis","","2026-10-06T13:26:18.876Z"
"SUMU","LEGACY","Eau de Parfum","139000","IDR","InStock","Pear | Red Apple | Pink Pepper","Licorice | Jasmine | Coffee | Rose","Cedar | Vanilla | Patchouli | Cashmere","Gourmand | Woody","Hangat | Nyaman | Playful","Masculine","","Sore | Malam | ️ Dingin","https://mtdlhxbwblrxtzsdjlav.supabase.co/storage/v1/object/public/perfume-images/70b164a2-c8dc-422f-9326-0cb30c245304/t8ieygyazyj-sumu-legacy.webp | https://mtdlhxbwblrxtzsdjlav.supabase.co/storage/v1/object/public/perfume-images/70b164a2-c8dc-422f-9326-0cb30c245304/t8ieygg42xc-sumu-legacy.webp | https://mtdlhxbwblrxtzsdjlav.supabase.co/storage/v1/object/public/perfume-images/70b164a2-c8dc-422f-9326-0cb30c245304/t8ieyhl4vf7-sumu-legacy.webp","https://s.shopee.co.id/BNevaTrMW","mykonos-black-opera | saff-co-chno | honino-romeo-roses | saka-perfumery-te-anue | mandalika-forbidden-temptation","SUMU LEGACY adalah parfum EdP hangat dengan kombinasi kopi, vanilla, buah segar, dan kayu patchouli, ideal untuk malam santai atau momen spesial.","https://cariparfum.com/parfum/sumu-legacy","","2026-10-06T13:25:10.361Z"
"SUMU","MOMENTUM","Eau de Parfum","139000","IDR","InStock","Nutmeg | Mint","Rose | Geranium","Patchouli","Hijau Segar | Woody","Energik | Earthy","Masculine","","Pagi | ️ Siang | Sore | ️ Panas | ️ Hujan","https://mtdlhxbwblrxtzsdjlav.supabase.co/storage/v1/object/public/perfume-images/ba9b995a-e854-4194-9d3b-0cd93080418c/t8ieymv931i-sumu-momentum.webp | https://mtdlhxbwblrxtzsdjlav.supabase.co/storage/v1/object/public/perfume-images/ba9b995a-e854-4194-9d3b-0cd93080418c/t8ieynqlzz3-sumu-momentum.webp | https://mtdlhxbwblrxtzsdjlav.supabase.co/storage/v1/object/public/perfume-images/ba9b995a-e854-4194-9d3b-0cd93080418c/t8ieyn6al32-sumu-momentum.webp","https://s.shopee.co.id/gJvWX0PFi","loco-scent-red-rhapsody | astree-villa-de-la-rose | honino-romeo-roses | mykonos-xoxo-rosy | mykonos-sparkling-rose","SUMU MOMENTUM menghadirkan aroma mint segar dan patchouli earthy, memberi kesan maskulin, energik, dan cocok untuk aktivitas pagi hingga sore di iklim tropis.","https://cariparfum.com/parfum/sumu-momentum","","2026-10-06T13:26:10.009Z"
"TEMPT","CHEVALIER","Eau de Parfum","389000","IDR","InStock","Orange Blossom | Green Tea | Lemongrass","Jasmine | Neroli","Matcha","Hijau Segar | Floral","Menenangkan | Bersih | Menyegarkan","Masculine","","Pagi | ️ Siang | Sore | ️ Panas | ️ Hujan","https://mtdlhxbwblrxtzsdjlav.supabase.co/storage/v1/object/public/perfume-images/7dc0d3dc-9bdc-465c-89c3-b84825f380b5/t8iewjnspnf-tempt-chevalier.webp | https://mtdlhxbwblrxtzsdjlav.supabase.co/storage/v1/object/public/perfume-images/7dc0d3dc-9bdc-465c-89c3-b84825f380b5/t8iewkjzl5y-tempt-chevalier.webp","https://s.shopee.co.id/10wlupXTdr","sighnil-sea-salt-neroli | saudade-olfactory-tangled-thread | saka-perfumery-after-bath | laboratori-semplice-jasmine | laboratori-semplice-neroli","TEMPT Chevalier adalah parfum EdP bernuansa fresh green dan floral dengan sentuhan matcha, cocok untuk pencinta aroma clean dan menenangkan.","https://cariparfum.com/parfum/tempt-chevalier","","2026-10-06T13:25:51.812Z"
"TEMPT","CHLEON","Eau de Parfum","389000","IDR","InStock","Cognac | Turkish Red Rose | Raspberry Blossom","Mandarin Orange | Cinnamon | Pink Pepper","Amber | Sandalwood | Musk","Amber | Floral","Hangat | Mewah","Masculine","","Sore | Malam | ️ Dingin | ️ Hujan","https://mtdlhxbwblrxtzsdjlav.supabase.co/storage/v1/object/public/perfume-images/4c824e43-726d-4f36-b764-049a50ea9dde/t8ievfeb9g8-tempt-chleon.webp | https://mtdlhxbwblrxtzsdjlav.supabase.co/storage/v1/object/public/perfume-images/4c824e43-726d-4f36-b764-049a50ea9dde/t8ievgcxhgh-tempt-chleon.webp | https://mtdlhxbwblrxtzsdjlav.supabase.co/storage/v1/object/public/perfume-images/4c824e43-726d-4f36-b764-049a50ea9dde/t8ievgvek1j-tempt-chleon.webp","https://s.shopee.co.id/3Ve6tHwBf8","honino-romeo-roses | loco-scent-red-rhapsody | mykonos-xoxo-rosy | loco-scent-saturday-cheers | mykonos-sparkling-rose","TEMPT CHLEON adalah parfum EdP yang memadukan nuansa cognac, mawar, dan kayu sandalwood dengan sentuhan amber hangat, sempurna untuk suasana malam santai.","https://cariparfum.com/parfum/tempt-chleon","","2026-10-06T13:25:09.804Z"
"TEMPT","JEAN de l'Ours","Eau de Parfum","389000","IDR","InStock","Coriander Leaf | Citrus | Lemon Zest","Cedar | Vetiver | Cypress","Benzoin","Woody | Sitrus Segar","Energik | Earthy","Masculine","","️ Siang | Sore | Malam | ️ Panas | ️ Dingin | ️ Hujan","https://mtdlhxbwblrxtzsdjlav.supabase.co/storage/v1/object/public/perfume-images/384b1d0d-177f-46b8-ab15-d3882c4d85b8/t8iewhcpv4f-tempt-jean-de-l-ours.webp | https://mtdlhxbwblrxtzsdjlav.supabase.co/storage/v1/object/public/perfume-images/384b1d0d-177f-46b8-ab15-d3882c4d85b8/t8iewhnlm5e-tempt-jean-de-l-ours.webp | https://mtdlhxbwblrxtzsdjlav.supabase.co/storage/v1/object/public/perfume-images/384b1d0d-177f-46b8-ab15-d3882c4d85b8/t8iewiqg9ee-tempt-jean-de-l-ours.webp","https://s.shopee.co.id/4q9UTrExO5","personal-chemistry-memo | layr-velvet-dream | mine-perfumery-rebel-instinct | house-of-dappers-poetjoek-malam | house-of-medici-da-vinci-lost-supper","TEMPT JEAN de l'Ours adalah parfum woody citrus yang menyegarkan dan maskulin, cocok untuk aktivitas santai hingga formal di cuaca tropis Indonesia.","https://cariparfum.com/parfum/tempt-jean-de-lours","","2026-10-06T13:26:22.150Z"
"TEMPT","Lievre","Eau de Parfum","389000","IDR","InStock","Apple","Jasmine | Peony | Iris","Suede | Vanilla | Musk","Floral | Fruity","Nyaman | Elegan","Masculine","","Sore | Malam | ️ Dingin | ️ Hujan","https://mtdlhxbwblrxtzsdjlav.supabase.co/storage/v1/object/public/perfume-images/12ca4227-c125-4976-915f-1d6ef4991868/t8iewdfig6f-tempt-lievre.webp | https://mtdlhxbwblrxtzsdjlav.supabase.co/storage/v1/object/public/perfume-images/12ca4227-c125-4976-915f-1d6ef4991868/t8iewewq2gk-tempt-lievre.webp | https://mtdlhxbwblrxtzsdjlav.supabase.co/storage/v1/object/public/perfume-images/12ca4227-c125-4976-915f-1d6ef4991868/t8iewfhuxcd-tempt-lievre.webp","https://s.shopee.co.id/5q21fg3Efs","honino-romeo-roses | scuse-me-to-be-a-wallflower | reboura-flora-notes | scent-of-jarte-peony-noel | de-antoine-l-amour-toujours","TEMPT Lievre adalah Eau de Parfum bernuansa floral-fruity dengan sentuhan suede dan vanilla, menghadirkan kesan hangat dan elegan untuk momen santai hingga.","https://cariparfum.com/parfum/tempt-lievre","","2026-10-06T13:25:18.494Z"
"TEMPT","LONGWEI","Eau de Parfum","389000","IDR","InStock","Black Pepper | Basil","Ambroxan | Lemon | Geranium","Leather | Tonka Bean","Kering & Smoky | Aromatik","Tegas | Misterius","Masculine","","Malam | ️ Dingin","https://mtdlhxbwblrxtzsdjlav.supabase.co/storage/v1/object/public/perfume-images/e3d16196-acd4-4cdd-ae8a-149b1cbe1a9a/t8ievi0db7j-tempt-longwei.webp | https://mtdlhxbwblrxtzsdjlav.supabase.co/storage/v1/object/public/perfume-images/e3d16196-acd4-4cdd-ae8a-149b1cbe1a9a/t8ievjwji8h-tempt-longwei.webp | https://mtdlhxbwblrxtzsdjlav.supabase.co/storage/v1/object/public/perfume-images/e3d16196-acd4-4cdd-ae8a-149b1cbe1a9a/t8ievj4mvrx-tempt-longwei.webp","https://s.shopee.co.id/4AtngUlsAy","world-of-make-scents-ermis-solid-perfume | honor-perfume-bronx | mandalika-rebel | compounded-by-london | laboratori-semplice-lemon","TEMPT LONGWEI adalah Eau de Parfum dengan sentuhan kulit dan rempah maskulin, menciptakan nuansa misterius dan hangat untuk suasana malam yang penuh karakter.","https://cariparfum.com/parfum/tempt-longwei","","2026-10-06T13:24:54.582Z"
"TEMPT","MIOL MOR","Eau de Parfum","389000","IDR","InStock","Aldehyde | Bergamot | Sea Note","Orange Blossom | Rosemary | Muguet","Akigalawood | Ambroxan | Patchouli | Agarwood | Oud","Akuatik | Woody","Misterius | Tegas","Masculine","","Sore | Malam | ️ Dingin | ️ Hujan","https://mtdlhxbwblrxtzsdjlav.supabase.co/storage/v1/object/public/perfume-images/a1bab01a-f62f-4240-850e-1a02cb887c4b/t8ievctubjo-tempt-miol-mor.webp | https://mtdlhxbwblrxtzsdjlav.supabase.co/storage/v1/object/public/perfume-images/a1bab01a-f62f-4240-850e-1a02cb887c4b/t8ievc5zfky-tempt-miol-mor.webp | https://mtdlhxbwblrxtzsdjlav.supabase.co/storage/v1/object/public/perfume-images/a1bab01a-f62f-4240-850e-1a02cb887c4b/t8ievdwwrtm-tempt-miol-mor.webp","https://s.shopee.co.id/3fxX5kVznc","loco-scent-into-the-waves | scuse-me-tulips-better-than-one | saka-perfumery-etherwave | honor-perfume-layton | mykonos-reflection","TEMPT MIOL MOR adalah parfum EdP dengan nuansa laut, kayu, dan patchouli yang bold, cocok untuk malam dan suasana misterius di udara tropis Indonesia.","https://cariparfum.com/parfum/tempt-miol-mor","","2026-10-06T13:26:05.881Z"
"TEMPT","PANTHEON","Eau de Parfum","389000","IDR","InStock","Vetiver | Leather | Saffron","Patchouli | Fig Leaf | Agarwood","Vanilla | Geranium | Musk","Woody | Kering & Smoky","Tegas | Hangat | Misterius","Masculine","","Malam | ️ Dingin","https://mtdlhxbwblrxtzsdjlav.supabase.co/storage/v1/object/public/perfume-images/73665059-3fee-4cd4-b055-e0a8d26cda39/t8iew798kot-tempt-pantheon.webp | https://mtdlhxbwblrxtzsdjlav.supabase.co/storage/v1/object/public/perfume-images/73665059-3fee-4cd4-b055-e0a8d26cda39/t8iew8r9hg2-tempt-pantheon.webp | https://mtdlhxbwblrxtzsdjlav.supabase.co/storage/v1/object/public/perfume-images/73665059-3fee-4cd4-b055-e0a8d26cda39/t8iew9e13f3-tempt-pantheon.webp","https://s.shopee.co.id/AAB0pYO16A","honino-romeo-roses | loco-scent-smoke-on-top | elaya-choose-you | constant-01-equal | loco-scent-red-rhapsody","Tempt Pantheon adalah parfum woody-leathery yang bold dan hangat, cocok untuk malam santai atau momen intim di suasana sejuk bersama orang spesial.","https://cariparfum.com/parfum/tempt-pantheon","","2026-10-06T13:26:25.864Z"
"TEMPT","SOLEIL","Eau de Parfum","389000","IDR","InStock","Rose","Smooth Musk","Woody Note | Resin","Floral | Woody","Nyaman | Hangat","Masculine","","Sore | Malam | ️ Panas | ️ Dingin","https://mtdlhxbwblrxtzsdjlav.supabase.co/storage/v1/object/public/perfume-images/4c11b160-e0a8-4ebe-b3d8-3bdc295b6c4a/t8iewa8vbvw-tempt-soleil.webp | https://mtdlhxbwblrxtzsdjlav.supabase.co/storage/v1/object/public/perfume-images/4c11b160-e0a8-4ebe-b3d8-3bdc295b6c4a/t8iewbyrqc0-tempt-soleil.webp | https://mtdlhxbwblrxtzsdjlav.supabase.co/storage/v1/object/public/perfume-images/4c11b160-e0a8-4ebe-b3d8-3bdc295b6c4a/t8iewc7km7w-tempt-soleil.webp","https://s.shopee.co.id/5L5l4hWfj6","honino-romeo-roses | loco-scent-red-rhapsody | mykonos-xoxo-rosy | mykonos-baby-love | alt-perfumery-martini-in-new-york","TEMPT SOLEIL adalah parfum EdP dengan aroma mawar modern, musk lembut, dan sentuhan woody-resin, pas untuk sore hingga malam di suasana hangat atau ber-AC.","https://cariparfum.com/parfum/tempt-soleil","","2026-10-06T13:25:39.853Z"
"The Body Tale","After Salon","Extrait de Parfum","198000","IDR","InStock","Aldehyde | Bergamot","Jasmine | Sweet Pea","Sandalwood | White Musk","Floral Lembut | Woody","Bersih | Nyaman","Masculine","","Pagi | ️ Siang | Sore | ️ Panas | ️ Hujan","https://mtdlhxbwblrxtzsdjlav.supabase.co/storage/v1/object/public/perfume-images/bd058627-aac8-41b6-b2ca-e0b3cb1efbba/t8ieumm7ckr-the-body-tale-after-salon.webp | https://mtdlhxbwblrxtzsdjlav.supabase.co/storage/v1/object/public/perfume-images/bd058627-aac8-41b6-b2ca-e0b3cb1efbba/t8ieumjnwf9-the-body-tale-after-salon.webp | https://mtdlhxbwblrxtzsdjlav.supabase.co/storage/v1/object/public/perfume-images/bd058627-aac8-41b6-b2ca-e0b3cb1efbba/t8ieunwugv8-the-body-tale-after-salon.webp","https://s.shopee.co.id/7KqpLjgNKl","maison-garnet-pure-haneul | scent-of-jarte-fragnos | honor-perfume-denali | unspoken-timber | loco-scent-into-the-waves","The Body Tale After Salon adalah parfum dengan sentuhan floral dan musk yang lembut, menciptakan sensasi bersih dan nyaman untuk dipakai sehari-hari.","https://cariparfum.com/parfum/the-body-tale-after-salon","","2026-10-06T13:26:30.973Z"
"The Body Tale","Bath Ritual","Extrait de Parfum","198000","IDR","InStock","Hyssop | Green Note","Orange Blossom | Aldehyde | White Flower","Coumarin | Vanilla | Patchouli | Musk","Floral Lembut | Gourmand","Bersih | Nyaman","Masculine","","Sore | Malam | ️ Dingin | ️ Hujan","https://mtdlhxbwblrxtzsdjlav.supabase.co/storage/v1/object/public/perfume-images/c154ad5a-0d44-49b0-95b8-61a44def7b00/t8ieujjs0x5-the-body-tale-bath-ritual.webp | https://mtdlhxbwblrxtzsdjlav.supabase.co/storage/v1/object/public/perfume-images/c154ad5a-0d44-49b0-95b8-61a44def7b00/t8ieukeo72u-the-body-tale-bath-ritual.webp | https://mtdlhxbwblrxtzsdjlav.supabase.co/storage/v1/object/public/perfume-images/c154ad5a-0d44-49b0-95b8-61a44def7b00/t8ieulx7m9v-the-body-tale-bath-ritual.webp","https://s.shopee.co.id/8zz3KmmsSf","honino-romeo-roses | scuse-me-to-be-a-wallflower | scuse-me-tulips-better-than-one | compounded-by-alexa | mykonos-conquer","The Body Tale Bath Ritual adalah parfum floral hijau dengan sentuhan musky dan vanilla lembut, cocok untuk kamu yang suka aroma bersih dan cozy di waktu santai.","https://cariparfum.com/parfum/the-body-tale-bath-ritual","","2026-10-06T13:25:10.524Z"
"The Body Tale","Cherry Pop","Eau de Parfum","298000","IDR","InStock","Bitter Almond","Rose | Cherry","Sandalwood | Vanilla | Tonka Bean","Fruity | Gourmand","Playful | Hangat","Masculine","","Sore | Malam | ️ Dingin | ️ Hujan","https://mtdlhxbwblrxtzsdjlav.supabase.co/storage/v1/object/public/perfume-images/a645ef1a-aa1a-4d38-84c2-da1ce2687477/t9fn9p5khzm-the-body-tale-cherry-pop.webp | https://mtdlhxbwblrxtzsdjlav.supabase.co/storage/v1/object/public/perfume-images/a645ef1a-aa1a-4d38-84c2-da1ce2687477/t9fn9pg43sb-the-body-tale-cherry-pop.webp","https://s.shopee.co.id/6VIHZKO2Eq","loco-scent-red-rhapsody | mykonos-moroccan-vanilla | honino-romeo-roses | loco-scent-veil-of-eire | world-of-make-scents-kiko-crumbs-solid-perfume","The Body Tale Cherry Pop adalah parfum EDP bernuansa cherry vanilla yang playful dan creamy, cocok untuk suasana hangat dan santai di sore sampai malam hari.","https://cariparfum.com/parfum/the-body-tale-cherry-pop","","2026-10-06T13:25:29.024Z"
"The Body Tale","Diana","Extrait de Parfum","198000","IDR","InStock","Strawberry","Jasmine | Tuberose","Amber","Fruity | Floral","Playful | Sensual","Masculine","","Sore | Malam | ️ Dingin | ️ Hujan","https://mtdlhxbwblrxtzsdjlav.supabase.co/storage/v1/object/public/perfume-images/22c0c1c3-769b-4167-9fc9-202f99f36c6e/t8ieth1isy1-the-body-tale-diana.webp | https://mtdlhxbwblrxtzsdjlav.supabase.co/storage/v1/object/public/perfume-images/22c0c1c3-769b-4167-9fc9-202f99f36c6e/t8iethhe7ws-the-body-tale-diana.webp | https://mtdlhxbwblrxtzsdjlav.supabase.co/storage/v1/object/public/perfume-images/22c0c1c3-769b-4167-9fc9-202f99f36c6e/t8ietiqprd6-the-body-tale-diana.webp","https://s.shopee.co.id/7AXP9C0GhB","honino-romeo-roses | hmns-o-hyper-bloom | scent-of-jarte-by-the-garden | mandalika-holy-sweet | world-of-make-scents-fantasy","The Body Tale Diana adalah parfum fruity floral dengan sentuhan amber hangat yang cocok untuk sore hingga malam, memancarkan kesan playful dan sensual.","https://cariparfum.com/parfum/the-body-tale-diana","","2026-10-06T13:25:19.870Z"
"The Body Tale","Hojicha Latte","Extrait de Parfum","198000","IDR","InStock","Hojicha Tea","Milk","Brown Sugar | Tonka Bean | Musk","Gourmand","Nyaman | Hangat","Masculine","","Malam | ️ Dingin | ️ Hujan","https://mtdlhxbwblrxtzsdjlav.supabase.co/storage/v1/object/public/perfume-images/5b9a11ac-c212-401c-9d90-4ae822026f3c/t8ietkfplgd-the-body-tale-hojicha-latte.webp | https://mtdlhxbwblrxtzsdjlav.supabase.co/storage/v1/object/public/perfume-images/5b9a11ac-c212-401c-9d90-4ae822026f3c/t8ietlwqgzd-the-body-tale-hojicha-latte.webp | https://mtdlhxbwblrxtzsdjlav.supabase.co/storage/v1/object/public/perfume-images/5b9a11ac-c212-401c-9d90-4ae822026f3c/t8ietlcyvc7-the-body-tale-hojicha-latte.webp","https://s.shopee.co.id/10wlo0X26W","mykonos-chai-crema-latte | honino-romeo-roses | byfrags-pleasure-of-jo | citizens-of-the-world-cloud-ride-in-provence | mykonos-cafe-drops","The Body Tale Hojicha Latte menghadirkan aroma teh hojicha hangat, susu, dan brown sugar yang cozy, perfume gourmand santai untuk malam santai atau momen.","https://cariparfum.com/parfum/the-body-tale-hojicha-latte","","2026-10-06T13:26:38.140Z"
"The Body Tale","Juliette","Extrait de Parfum","298000","IDR","InStock","Bergamot | Cinnamon | Cardamom","Jasmine | Ylang-Ylang | Sage","Amber | Woody Note | Labdanum | Leather","Amber | Woody","Hangat | Misterius","Masculine","","Sore | Malam | ️ Dingin","https://mtdlhxbwblrxtzsdjlav.supabase.co/storage/v1/object/public/perfume-images/87e170fa-f059-43ec-ad24-817516166f84/t9fmcv2ffp9-the-body-tale-juliette.webp | https://mtdlhxbwblrxtzsdjlav.supabase.co/storage/v1/object/public/perfume-images/87e170fa-f059-43ec-ad24-817516166f84/t9fmcvczyms-the-body-tale-juliette.webp | https://mtdlhxbwblrxtzsdjlav.supabase.co/storage/v1/object/public/perfume-images/87e170fa-f059-43ec-ad24-817516166f84/t9fmcwrpaxp-the-body-tale-juliette.webp","https://s.shopee.co.id/9fFJLA2ZPs","honino-romeo-roses | layr-kyoto-jazz | sonder-scents-255 | alt-perfumery-always-right | loco-scent-into-the-waves","The Body Tale Juliette menghadirkan aroma spicy floral yang hangat dan misterius, dengan sentuhan woody leather yang pas untuk malam-malam spesial.","https://cariparfum.com/parfum/the-body-tale-juliette","","2026-10-06T13:25:22.723Z"
"The Body Tale","Kairy","Extrait de Parfum","179000","IDR","InStock","Bergamot | Pink Pepper","Turkish Rose | Floral Accord | Coconut","Cedarwood | Tonka Bean Absolute | Vanilla","Floral | Gourmand","Nyaman | Hangat | Sensual","Masculine","","Sore | Malam | ️ Dingin | ️ Hujan","https://mtdlhxbwblrxtzsdjlav.supabase.co/storage/v1/object/public/perfume-images/5343bc4d-a2aa-43ee-b17f-33af9cb833a5/t8iev5onrwv-the-body-tale-kairy.webp | https://mtdlhxbwblrxtzsdjlav.supabase.co/storage/v1/object/public/perfume-images/5343bc4d-a2aa-43ee-b17f-33af9cb833a5/t8iev6j47ho-the-body-tale-kairy.webp | https://mtdlhxbwblrxtzsdjlav.supabase.co/storage/v1/object/public/perfume-images/5343bc4d-a2aa-43ee-b17f-33af9cb833a5/t8iev7t3ym7-the-body-tale-kairy.webp","https://s.shopee.co.id/10wlny2pvW","mykonos-moroccan-vanilla | loco-scent-red-rhapsody | honino-romeo-roses | maison-garnet-alhambra-rose | citizens-of-the-world-cafe-du-monde","The Body Tale Kairy memadukan rose Turki, kelapa, vanilla dan cedarwood, menciptakan aroma floral-gourmand yang cozy dan hangat, sempurna untuk malam santai.","https://cariparfum.com/parfum/the-body-tale-kairy","","2026-10-06T13:26:15.286Z"
"The Body Tale","Lady M","Extrait de Parfum","298000","IDR","InStock","Balsamic","Balsamic","Vanilla | Musk","Amber | Gourmand","Hangat | Nyaman","Masculine","","Malam | ️ Dingin | ️ Hujan","https://mtdlhxbwblrxtzsdjlav.supabase.co/storage/v1/object/public/perfume-images/e98a3230-5546-481a-bf53-256e71c98fa7/t9fn9qcobtf-the-body-tale-lady-m.webp | https://mtdlhxbwblrxtzsdjlav.supabase.co/storage/v1/object/public/perfume-images/e98a3230-5546-481a-bf53-256e71c98fa7/t9fn9rp51ea-the-body-tale-lady-m.webp | https://mtdlhxbwblrxtzsdjlav.supabase.co/storage/v1/object/public/perfume-images/e98a3230-5546-481a-bf53-256e71c98fa7/t9fn9rv0dcx-the-body-tale-lady-m.webp","https://s.shopee.co.id/qduosw28x","honino-romeo-roses | mandalika-only-the-brave | world-of-make-scents-kiko-crumbs-solid-perfume | ouru-warm-whiskey | house-of-medici-shakespeare-elegiac","The Body Tale Lady M adalah parfum hangat dan manis dengan sentuhan balsamic dan vanilla, sempurna untuk malam-malam santai atau momen me time di cuaca sejuk.","https://cariparfum.com/parfum/the-body-tale-lady-m","","2026-10-06T13:25:01.433Z"
"The Body Tale","Lotion Potion","Extrait de Parfum","198000","IDR","InStock","Mimosa | Cotton Milk","Fresh Flower","Woody Note | Musk","Floral Lembut | Woody","Bersih | Nyaman","Masculine","","Pagi | ️ Siang | Sore | ️ Panas | ️ Hujan","https://mtdlhxbwblrxtzsdjlav.supabase.co/storage/v1/object/public/perfume-images/7603c38e-108a-4146-9aea-5f48a816e5ec/t8iev9869ej-the-body-tale-lotion-potion.webp | https://mtdlhxbwblrxtzsdjlav.supabase.co/storage/v1/object/public/perfume-images/7603c38e-108a-4146-9aea-5f48a816e5ec/t8iev9bsslo-the-body-tale-lotion-potion.webp | https://mtdlhxbwblrxtzsdjlav.supabase.co/storage/v1/object/public/perfume-images/7603c38e-108a-4146-9aea-5f48a816e5ec/t8ievawo9io-the-body-tale-lotion-potion.webp","https://s.shopee.co.id/9pYAKLFTRi","honino-romeo-roses | laboratori-semplice-mimosa | scentalgia-fragrance-the-kiss | notts-lady-vanille | scuse-me-beauty-and-the-freeze","The Body Tale Lotion Potion adalah parfum creamy floral-woody yang clean dan cozy, sempurna untuk rutinitas pagi atau kerja di ruangan ber-AC.","https://cariparfum.com/parfum/the-body-tale-lotion-potion","","2026-10-06T13:25:56.967Z"
"The Body Tale","Plain Jane","Extrait de Parfum","198000","IDR","InStock","Bergamot | Lemon | Blackcurrant | Tagete","Violet | Jasmine | Cyclamen | Iris","Vetiver | Musk","Sitrus Segar | Floral","Bersih | Energik","Masculine","","Pagi | ️ Siang | Sore | ️ Panas | ️ Hujan","https://mtdlhxbwblrxtzsdjlav.supabase.co/storage/v1/object/public/perfume-images/a306eb6f-4765-4f3c-8051-3d6e37120d7a/t8ietdj3t8y-the-body-tale-plain-jane.webp | https://mtdlhxbwblrxtzsdjlav.supabase.co/storage/v1/object/public/perfume-images/a306eb6f-4765-4f3c-8051-3d6e37120d7a/t8iete0rdne-the-body-tale-plain-jane.webp | https://mtdlhxbwblrxtzsdjlav.supabase.co/storage/v1/object/public/perfume-images/a306eb6f-4765-4f3c-8051-3d6e37120d7a/t8ietfbxdvm-the-body-tale-plain-jane.webp","https://s.shopee.co.id/9UvJvWGdFg","hint-dragon | honino-romeo-roses | world-of-make-scents-ermis-solid-perfume | speaks-to-me-girl-friends-forever | maison-garnet-pure-haneul","The Body Tale Plain Jane membawa nuansa citrus-floral yang ringan dan bersih, cocok untuk pecinta parfum yang suka aroma segar dan effortless di setiap.","https://cariparfum.com/parfum/the-body-tale-plain-jane","","2026-10-06T13:25:50.550Z"
"The Body Tale","Portrait of Kyoto","Extrait de Parfum","298000","IDR","InStock","Honey | Mandarin | Apple | Earl Grey Tea","Jasmine | Black Tea | Freesia | Iris","Amber | Sandalwood | Pepper | Musk","Hijau Segar | Floral","Menenangkan | Menyegarkan","Masculine","","Pagi | ️ Siang | Sore | ️ Panas | ️ Hujan","https://mtdlhxbwblrxtzsdjlav.supabase.co/storage/v1/object/public/perfume-images/a99b7d81-14cc-4fd1-a6cb-cca6999eef0c/t9fmcslrdz2-the-body-tale-portrait-of-kyoto.webp | https://mtdlhxbwblrxtzsdjlav.supabase.co/storage/v1/object/public/perfume-images/a99b7d81-14cc-4fd1-a6cb-cca6999eef0c/t9fmcsuwd08-the-body-tale-portrait-of-kyoto.webp | https://mtdlhxbwblrxtzsdjlav.supabase.co/storage/v1/object/public/perfume-images/a99b7d81-14cc-4fd1-a6cb-cca6999eef0c/t9fmct39854-the-body-tale-portrait-of-kyoto.webp","https://s.shopee.co.id/7KrOYlRPYJ","honino-romeo-roses | nevernot-petite-avenue | anamcara-coast | honino-glint-day | honino-teddys-blanket","The Body Tale Portrait of Kyoto memadukan aroma teh, buah, dan sandalwood, menghadirkan nuansa segar menenangkan yang cocok untuk hari-hari santai dan momen.","https://cariparfum.com/parfum/the-body-tale-portrait-of-kyoto","","2026-10-06T13:25:37.028Z"
"The Body Tale","Rosie De Marrie","Extrait de Parfum","198000","IDR","InStock","Bergamot | Pear | Mandarin | Pink Pepper | Lemon","Orange Blossom | Rose | Vetiver","Amberwood | Vanilla | Patchouli | Caramel","Floral | Gourmand","Hangat | Nyaman | Playful","Masculine","","Sore | Malam | ️ Dingin","https://mtdlhxbwblrxtzsdjlav.supabase.co/storage/v1/object/public/perfume-images/ab33d0f2-12a9-4db4-92f5-2adb1a9b3f6d/t8ieuabn3eb-the-body-tale-rosie-de-marrie.webp | https://mtdlhxbwblrxtzsdjlav.supabase.co/storage/v1/object/public/perfume-images/ab33d0f2-12a9-4db4-92f5-2adb1a9b3f6d/t8ieuby0dbo-the-body-tale-rosie-de-marrie.webp | https://mtdlhxbwblrxtzsdjlav.supabase.co/storage/v1/object/public/perfume-images/ab33d0f2-12a9-4db4-92f5-2adb1a9b3f6d/t8ieubah22x-the-body-tale-rosie-de-marrie.webp","https://s.shopee.co.id/7VAFY0kT23","mykonos-moroccan-vanilla | honino-romeo-roses | honino-shower-song | citizens-of-the-world-cafe-du-monde | unspoken-timber","The Body Tale Rosie De Marrie memadukan aroma buah segar dan sentuhan vanilla caramel yang lembut, ideal untuk momen santai di sore atau malam hari.","https://cariparfum.com/parfum/the-body-tale-rosie-de-marrie","","2026-10-06T13:26:12.592Z"
"The Body Tale","Sip Me Litchi","Extrait de Parfum","198000","IDR","InStock","Apple | Lychee","Floral","Amber | Sugar","Fruity | Amber","Playful | Nyaman","Masculine","","️ Siang | Sore | ️ Panas | ️ Hujan","https://mtdlhxbwblrxtzsdjlav.supabase.co/storage/v1/object/public/perfume-images/4caa3a10-8e61-47da-bb6e-f4b0e5e201ad/t8ieud8cs7l-the-body-tale-sip-me-litchi.webp | https://mtdlhxbwblrxtzsdjlav.supabase.co/storage/v1/object/public/perfume-images/4caa3a10-8e61-47da-bb6e-f4b0e5e201ad/t8ieuewu7vc-the-body-tale-sip-me-litchi.webp | https://mtdlhxbwblrxtzsdjlav.supabase.co/storage/v1/object/public/perfume-images/4caa3a10-8e61-47da-bb6e-f4b0e5e201ad/t8ieufn8py5-the-body-tale-sip-me-litchi.webp","https://s.shopee.co.id/60LRlAany9","honino-romeo-roses | royal-fragrance-whisper-of-borneo | mykonos-silent-whisper | mykonos-hawaiian-crush | hmns-o-hyper-bloom","The Body Tale Sip Me Litchi menghadirkan sensasi fruity-floral yang playful dan cozy, sempurna untuk hangout santai di sore hari atau momen hangat bersama.","https://cariparfum.com/parfum/the-body-tale-sip-me-litchi","","2026-10-06T13:24:55.359Z"
"The Body Tale","Spice Nomad","Extrait de Parfum","198000","IDR","InStock","Smoke | Cinnamon | Apple","Vetiver | Tobacco | Moss","Vanilla","Kering & Smoky | Gourmand","Hangat | Misterius | Tegas","Masculine","","Malam | ️ Dingin","https://mtdlhxbwblrxtzsdjlav.supabase.co/storage/v1/object/public/perfume-images/749cc67b-ce30-4796-b71e-0d774f30dd55/t8ietnjnas4-the-body-tale-spice-nomad.webp | https://mtdlhxbwblrxtzsdjlav.supabase.co/storage/v1/object/public/perfume-images/749cc67b-ce30-4796-b71e-0d774f30dd55/t8ietnt0p0a-the-body-tale-spice-nomad.webp | https://mtdlhxbwblrxtzsdjlav.supabase.co/storage/v1/object/public/perfume-images/749cc67b-ce30-4796-b71e-0d774f30dd55/t8ieto8v1hn-the-body-tale-spice-nomad.webp","https://s.shopee.co.id/40aNNSvwcN","hint-fatale | scentalgia-fragrance-treats-and-tea | scuse-me-to-be-a-wallflower | personal-chemistry-memo | mandalika-only-the-brave","The Body Tale Spice Nomad adalah parfum XdP beraroma smoky-spicy dengan nuansa vanilla, cocok untuk malam penuh kehangatan dan kesan misterius.","https://cariparfum.com/parfum/the-body-tale-spice-nomad","","2026-10-06T13:26:26.139Z"
"The Body Tale","Summer Splash","Extrait de Parfum","198000","IDR","InStock","Bergamot | Soda","Amber | Woody","Orange Blossom","Sitrus Segar | Woody","Menyegarkan | Energik","Masculine","","Pagi | ️ Siang | Sore | ️ Panas | ️ Hujan","https://mtdlhxbwblrxtzsdjlav.supabase.co/storage/v1/object/public/perfume-images/27ed9d27-b626-4e68-891c-3484e133fb7a/t8ieugw6gnt-the-body-tale-summer-splash.webp | https://mtdlhxbwblrxtzsdjlav.supabase.co/storage/v1/object/public/perfume-images/27ed9d27-b626-4e68-891c-3484e133fb7a/t8ieuhopvrg-the-body-tale-summer-splash.webp | https://mtdlhxbwblrxtzsdjlav.supabase.co/storage/v1/object/public/perfume-images/27ed9d27-b626-4e68-891c-3484e133fb7a/t8ieuimpouf-the-body-tale-summer-splash.webp","https://s.shopee.co.id/3Ve6maadb5","scentalgia-fragrance-raw-morning-05-00am | notts-stellar | sighnil-sea-salt-neroli | scuse-me-wood-you-be-mine | botanical-essentials-solace","The Body Tale Summer Splash adalah parfum XdP dengan vibe citrus dan woody yang segar, cocok dipakai harian untuk suasana tropis yang santai dan ceria.","https://cariparfum.com/parfum/the-body-tale-summer-splash","","2026-10-06T13:25:29.315Z"
"The Body Tale","Teamomile","Extrait de Parfum","198000","IDR","InStock","Almond","Jasmine | Chamomile | Musk","Sandalwood | Cedar | Vanilla","Floral | Woody","Menenangkan | Nyaman","Masculine","","Sore | Malam | ️ Dingin | ️ Hujan","https://mtdlhxbwblrxtzsdjlav.supabase.co/storage/v1/object/public/perfume-images/8c0499d8-0a70-48af-9000-6d45a4c1c7a1/t8iet96kqis-the-body-tale-teamomile.webp | https://mtdlhxbwblrxtzsdjlav.supabase.co/storage/v1/object/public/perfume-images/8c0499d8-0a70-48af-9000-6d45a4c1c7a1/t8ieta8dic7-the-body-tale-teamomile.webp | https://mtdlhxbwblrxtzsdjlav.supabase.co/storage/v1/object/public/perfume-images/8c0499d8-0a70-48af-9000-6d45a4c1c7a1/t8ietbeisg7-the-body-tale-teamomile.webp","https://s.shopee.co.id/9KbtjC4kKt","honino-romeo-roses | mandalika-only-the-brave | de-antoine-velvet-garden | layr-velvet-dream | saka-perfumery-sunward","The Body Tale Teamomile membawa sensasi comfort lewat sentuhan chamomile, jasmine, dan creamy woods, cocok untuk momen santai dan relaksasi sore hingga malam.","https://cariparfum.com/parfum/the-body-tale-teamomile","","2026-10-06T13:25:41.666Z"
"The Body Tale","Whisper of Rice","Extrait de Parfum","298000","IDR","InStock","Bergamot","Honey | Rice Powder | Orris","Amberwood | Sandalwood | Civet","Powdery | Woody","Nyaman | Hangat | Elegan","Masculine","","Sore | Malam | ️ Dingin | ️ Hujan","https://mtdlhxbwblrxtzsdjlav.supabase.co/storage/v1/object/public/perfume-images/9b3360f0-9f6d-4435-a514-36a14e9fb293/t9fmcx2fdu3-the-body-tale-whisper-of-rice.webp | https://mtdlhxbwblrxtzsdjlav.supabase.co/storage/v1/object/public/perfume-images/9b3360f0-9f6d-4435-a514-36a14e9fb293/t9fmcygq6dp-the-body-tale-whisper-of-rice.webp | https://mtdlhxbwblrxtzsdjlav.supabase.co/storage/v1/object/public/perfume-images/9b3360f0-9f6d-4435-a514-36a14e9fb293/t9fmcxynvkl-the-body-tale-whisper-of-rice.webp","https://s.shopee.co.id/8AQVYQCTz6","de-antoine-caspian-coast | de-antoine-velvet-garden | laboratori-semplice-bergamot | laboratori-semplice-sandalwood | honor-perfume-denali","The Body Tale Whisper of Rice menghadirkan aroma powdery creamy yang hangat dan intimate, cocok untuk pecinta parfum dengan nuansa lembut dan elegan.","https://cariparfum.com/parfum/the-body-tale-whisper-of-rice","","2026-10-06T13:24:50.359Z"
"Titik Nadi","Canvas","Eau de Parfum","189000","IDR","InStock","Bergamot | Ylang-Ylang","Orange Blossom | Linen | Jasmine","Sandalwood | Vetiver","Floral | Woody","Bersih | Menenangkan","Masculine","","Pagi | ️ Siang | Sore | ️ Panas | ️ Hujan","https://mtdlhxbwblrxtzsdjlav.supabase.co/storage/v1/object/public/perfume-images/3c43ee34-6125-4db2-a750-5f701fffcf19/t8awrqcsm25-titik-nadi-canvas.webp | https://mtdlhxbwblrxtzsdjlav.supabase.co/storage/v1/object/public/perfume-images/3c43ee34-6125-4db2-a750-5f701fffcf19/t8awrrcx3k9-titik-nadi-canvas.webp | https://mtdlhxbwblrxtzsdjlav.supabase.co/storage/v1/object/public/perfume-images/3c43ee34-6125-4db2-a750-5f701fffcf19/t8awrrauc3t-titik-nadi-canvas.webp","https://s.shopee.co.id/4AtngImJu6","hindsight-beauquet | hmns-eos-hyper-nova | atsiri-beksan | reboura-flora-notes | de-antoine-secret-de-tilia","Titik Nadi Canvas adalah Eau de Parfum yang menghadirkan nuansa linen bersih, bunga segar, dan sentuhan kayu lembut untuk mood positif dan santai sepanjang.","https://cariparfum.com/parfum/titik-nadi-canvas","","2026-10-06T13:24:47.554Z"
"Titik Nadi","John and Jane","Eau de Parfum","189000","IDR","InStock","Pepper | Neroli","Rum | Java Vetiver Oil","Vanilla Bean | Tobacco Leaf","Kering & Smoky | Gourmand","Hangat | Nyaman | Tegas","Masculine","","Malam | ️ Dingin | ️ Hujan","https://mtdlhxbwblrxtzsdjlav.supabase.co/storage/v1/object/public/perfume-images/a5c3d70f-1854-4ba8-84ce-28a468423f20/t8aws0dgnof-titik-nadi-john-and-jane.webp | https://mtdlhxbwblrxtzsdjlav.supabase.co/storage/v1/object/public/perfume-images/a5c3d70f-1854-4ba8-84ce-28a468423f20/t8aws0d15um-titik-nadi-john-and-jane.webp | https://mtdlhxbwblrxtzsdjlav.supabase.co/storage/v1/object/public/perfume-images/a5c3d70f-1854-4ba8-84ce-28a468423f20/t8aws1am12h-titik-nadi-john-and-jane.webp","https://s.shopee.co.id/4fq4HGeFsK","whspr-left-on-read | honino-romeo-roses | house-of-medici-shakespeare-elegiac | laboratori-semplice-neroli | alt-perfumery-moroccan-sunset-intense","Titik Nadi John and Jane menawarkan aroma warm spicy dengan rum, vanilla, dan tembakau yang cocok untuk suasana malam santai atau momen intim di udara sejuk.","https://cariparfum.com/parfum/titik-nadi-john-and-jane","","2026-10-06T13:26:05.075Z"
"Titik Nadi","Lily's Temptation","Eau de Parfum","189000","IDR","InStock","Peach | Plum | Raspberry","Bulgarian Rose | White Floral","Vanilla | Musk","Fruity | Floral","Playful | Hangat","Masculine","","Sore | Malam | ️ Panas | ️ Hujan","https://mtdlhxbwblrxtzsdjlav.supabase.co/storage/v1/object/public/perfume-images/c7e4c79a-592d-4ec9-9988-e3b7fcb69ad5/t8aws2ysanh-titik-nadi-lily-s-temptation.webp | https://mtdlhxbwblrxtzsdjlav.supabase.co/storage/v1/object/public/perfume-images/c7e4c79a-592d-4ec9-9988-e3b7fcb69ad5/t8aws33ktf4-titik-nadi-lily-s-temptation.webp | https://mtdlhxbwblrxtzsdjlav.supabase.co/storage/v1/object/public/perfume-images/c7e4c79a-592d-4ec9-9988-e3b7fcb69ad5/t8aws4kdouy-titik-nadi-lily-s-temptation.webp","https://s.shopee.co.id/8fMD2dBpwG","honino-romeo-roses | loco-scent-red-rhapsody | mykonos-moroccan-vanilla | mykonos-xoxo-rosy | aoera-pretty","Titik Nadi Lily's Temptation adalah parfum fruity floral dengan sentuhan vanilla creamy yang playful dan hangat, sempurna untuk sore santai di Indonesia.","https://cariparfum.com/parfum/titik-nadi-lilys-temptation","","2026-10-06T13:25:55.739Z"
"Titik Nadi","Somewhere in August","Eau de Parfum","189000","IDR","InStock","Citrus | Passion Fruit","Cassis | Sand","Sandalwood | Patchouli | Musk","Fruity | Woody","Menyegarkan | Playful | Nyaman","Masculine","","️ Siang | Sore | ️ Panas | ️ Hujan","https://mtdlhxbwblrxtzsdjlav.supabase.co/storage/v1/object/public/perfume-images/cdbedb6e-1b1a-4a25-b429-82770cd04504/t8awrtuf8ln-titik-nadi-somewhere-in-august.webp | https://mtdlhxbwblrxtzsdjlav.supabase.co/storage/v1/object/public/perfume-images/cdbedb6e-1b1a-4a25-b429-82770cd04504/t8awrwbkx8i-titik-nadi-somewhere-in-august.webp | https://mtdlhxbwblrxtzsdjlav.supabase.co/storage/v1/object/public/perfume-images/cdbedb6e-1b1a-4a25-b429-82770cd04504/t8awrx7uqnu-titik-nadi-somewhere-in-august.webp","https://s.shopee.co.id/3Ve6t9Ddmk","aoera-royale | honino-romeo-roses | layr-velvet-dream | layr-kyoto-jazz | elaya-choose-you","Titik Nadi Somewhere in August adalah parfum fruity-woody yang fresh dan playful, cocok untuk aktivitas santai di siang atau sore hari di iklim tropis.","https://cariparfum.com/parfum/titik-nadi-somewhere-in-august","","2026-10-06T13:25:28.313Z"
"Titik Nadi","Spice Me Gently","Eau de Parfum","189000","IDR","InStock","Raspberry | Lychee","Dry Clove | Benzoin | Musk","Amber | Cedarwood | Brown Sugar","Fruity | Amber","Playful | Hangat","Masculine","","Sore | Malam | ️ Dingin | ️ Hujan","https://mtdlhxbwblrxtzsdjlav.supabase.co/storage/v1/object/public/perfume-images/821ca998-4d75-41d2-9a57-65705ba8c5c0/t8awrnk9uuh-titik-nadi-spice-me-gently.webp | https://mtdlhxbwblrxtzsdjlav.supabase.co/storage/v1/object/public/perfume-images/821ca998-4d75-41d2-9a57-65705ba8c5c0/t8awrozqb2i-titik-nadi-spice-me-gently.webp | https://mtdlhxbwblrxtzsdjlav.supabase.co/storage/v1/object/public/perfume-images/821ca998-4d75-41d2-9a57-65705ba8c5c0/t8awro749ob-titik-nadi-spice-me-gently.webp","https://s.shopee.co.id/5VPBGpnbyp","honino-romeo-roses | layr-velvet-dream | vlagio-perfume-medina | mykonos-hawaiian-crush | loco-scent-smoke-on-top","Titik Nadi Spice Me Gently adalah parfum EdP fruity-amber yang playful, dengan sentuhan rempah hangat dan woody manis yang cocok untuk momen intim di malam.","https://cariparfum.com/parfum/titik-nadi-spice-me-gently","","2026-10-06T13:24:57.496Z"
"Unke Naru","Ayodhya","Extrait de Parfum","289000","IDR","InStock","Lavender | Rose | Blackcurrant","Cedarwood | Jasmine | Musk","Lily of the Valley","Floral | Aromatik","Ringan | Menenangkan","Masculine","","Pagi | ️ Siang | Sore | ️ Panas | ️ Hujan","https://mtdlhxbwblrxtzsdjlav.supabase.co/storage/v1/object/public/perfume-images/45410742-ca3d-4b8e-9b28-f77a1ac68ed6/t8axlg0hmjf-unke-naru-ayodhya.webp | https://mtdlhxbwblrxtzsdjlav.supabase.co/storage/v1/object/public/perfume-images/45410742-ca3d-4b8e-9b28-f77a1ac68ed6/t8axlhhyzuq-unke-naru-ayodhya.webp | https://mtdlhxbwblrxtzsdjlav.supabase.co/storage/v1/object/public/perfume-images/45410742-ca3d-4b8e-9b28-f77a1ac68ed6/t8axlif33q3-unke-naru-ayodhya.webp","https://s.shopee.co.id/3qGmevV3xI","honino-romeo-roses | loco-scent-red-rhapsody | mandalika-irresistible | vlagio-perfume-medina | fragrance-by-petals-elysian-bloom","Unke Naru Ayodhya adalah parfum floral airy yang lembut, segar, dan menenangkan, cocok untuk kamu pencinta aroma bersih untuk dipakai sehari-hari.","https://cariparfum.com/parfum/unke-naru-ayodhya","","2026-10-06T13:26:04.474Z"
"Unke Naru","Berry Brulee","Eau de Parfum","389000","IDR","InStock","Blueberry | Blackcurrant","Cheesecake","White Musk","Gourmand | Fruity","Playful | Nyaman","Masculine","","Sore | Malam | ️ Panas | ️ Hujan","https://mtdlhxbwblrxtzsdjlav.supabase.co/storage/v1/object/public/perfume-images/5b53f117-fb49-4e47-9b2c-b050a3b0d56b/t8axknj735b-unke-naru-berry-br-l-e.webp | https://mtdlhxbwblrxtzsdjlav.supabase.co/storage/v1/object/public/perfume-images/5b53f117-fb49-4e47-9b2c-b050a3b0d56b/t8axkobvh09-unke-naru-berry-br-l-e.webp","https://s.shopee.co.id/9Uv9PH7Fxu","voie-mistinguett | saka-perfumery-harrods | saka-perfumery-florance | saka-perfumery-valetta | house-of-medici-michelangelo-sistine-divina","Unke Naru Berry Brulee menawarkan sensasi cheesecake berry yang playful dan cozy dengan sentuhan white musk, cocok untuk suasana santai dan hangout sore.","https://cariparfum.com/parfum/unke-naru-berry-brulee","","2026-10-06T13:25:40.587Z"
"Unke Naru","Bjorka","Extrait de Parfum","289000","IDR","InStock","Raspberry | Zesty Citrus","Dewy Floral | Magnolia","Sparkling Cola","Floral | Fruity","Menyegarkan | Playful","Masculine","","️ Siang | Sore | ️ Panas | ️ Hujan","https://mtdlhxbwblrxtzsdjlav.supabase.co/storage/v1/object/public/perfume-images/a436f2ed-9e12-4acd-a31f-73d09c5d1cef/t8axjmx344d-unke-naru-bjorka.webp | https://mtdlhxbwblrxtzsdjlav.supabase.co/storage/v1/object/public/perfume-images/a436f2ed-9e12-4acd-a31f-73d09c5d1cef/t8axjn6sqvn-unke-naru-bjorka.webp | https://mtdlhxbwblrxtzsdjlav.supabase.co/storage/v1/object/public/perfume-images/a436f2ed-9e12-4acd-a31f-73d09c5d1cef/t8axjo4m1ch-unke-naru-bjorka.webp","https://s.shopee.co.id/gJksnovku","satellite-of-glow-sophistique | hint-delicate","Unke Naru Bjorka adalah parfum fruity-floral segar dengan sentuhan cola yang playful, cocok untuk suasana santai dan hangout di sore hari Indonesia.","https://cariparfum.com/parfum/unke-naru-bjorka","","2026-10-06T13:25:13.269Z"
"Unke Naru","Cocoa Mint","Eau de Parfum","389000","IDR","InStock","Strawberry | Hazelnut","Peppermint | Cocoa Bean","Vanilla | Milk Chocolate","Gourmand | Fruity","Playful | Nyaman","Masculine","","Malam | ️ Dingin","https://mtdlhxbwblrxtzsdjlav.supabase.co/storage/v1/object/public/perfume-images/bd804953-6af9-46bf-bd07-3392e636eb20/t8axlm4xl7w-unke-naru-cocoa-mint.webp | https://mtdlhxbwblrxtzsdjlav.supabase.co/storage/v1/object/public/perfume-images/bd804953-6af9-46bf-bd07-3392e636eb20/t8axlnxo7t2-unke-naru-cocoa-mint.webp | https://mtdlhxbwblrxtzsdjlav.supabase.co/storage/v1/object/public/perfume-images/bd804953-6af9-46bf-bd07-3392e636eb20/t8axlod2enx-unke-naru-cocoa-mint.webp","https://s.shopee.co.id/50Sk37CcgF","world-of-make-scents-kiko-crumbs-solid-perfume | house-of-medici-shakespeare-elegiac | mykonos-vanilla-clouds | mykonos-moroccan-vanilla | mandalika-only-the-brave","Unke Naru Cocoa Mint adalah parfum gourmand playful dengan sentuhan mint segar dan cokelat creamy, cocok untuk malam santai dan suasana cozy.","https://cariparfum.com/parfum/unke-naru-cocoa-mint","","2026-10-06T13:25:44.181Z"
"Unke Naru","Crimson","Extrait de Parfum","289000","IDR","InStock","Rhubarb Leaf | Citrus Zest | Red Fruit","Strawberry | Rose Water | Lily of the Valley","Precious Musk | White Wood","Floral | Fruity","Menyegarkan | Playful","Masculine","","Pagi | ️ Siang | Sore | ️ Panas | ️ Hujan","https://mtdlhxbwblrxtzsdjlav.supabase.co/storage/v1/object/public/perfume-images/28b3c421-8bd8-4cad-bd67-6be45460e26b/t8axjktekzp-unke-naru-crimson-unke-naru.webp | https://mtdlhxbwblrxtzsdjlav.supabase.co/storage/v1/object/public/perfume-images/28b3c421-8bd8-4cad-bd67-6be45460e26b/t8axjizhr2g-unke-naru-crimson-unke-naru.webp | https://mtdlhxbwblrxtzsdjlav.supabase.co/storage/v1/object/public/perfume-images/28b3c421-8bd8-4cad-bd67-6be45460e26b/t8axjjw6wlm-unke-naru-crimson-unke-naru.webp","https://s.shopee.co.id/6puOE6Wf8B","honino-romeo-roses | loco-scent-red-rhapsody | mykonos-xoxo-rosy | mykonos-hawaiian-crush | mykonos-baby-love","Unke Naru Crimson adalah parfum fruity-floral yang segar dan clean, cocok untuk kamu yang ingin tampil ceria dan ringan sepanjang hari di iklim tropis.","https://cariparfum.com/parfum/unke-naru-crimson","","2026-10-06T13:26:17.555Z"
"Unke Naru","For Me","Eau de Parfum","589000","IDR","InStock","Cinnamon Flower | Apple Blossom | Styrax Gum","Cedarwood | Rose | Jasmine Sambac","Sandalwood | White Musk | Cashmere Wood","Woody | Floral","Nyaman | Bersih","Masculine","","Sore | Malam | ️ Panas | ️ Dingin | ️ Hujan","https://mtdlhxbwblrxtzsdjlav.supabase.co/storage/v1/object/public/perfume-images/ebf380e7-e396-4661-8539-61e2c5c53015/t8axkkukssu-unke-naru-for-me.webp | https://mtdlhxbwblrxtzsdjlav.supabase.co/storage/v1/object/public/perfume-images/ebf380e7-e396-4661-8539-61e2c5c53015/t8axklra93f-unke-naru-for-me.webp","https://s.shopee.co.id/9Uv9Osys3p","loco-scent-red-rhapsody | yn-perfumery-rose-in-september | mykonos-xoxo-rosy | mykonos-moroccan-vanilla | loco-scent-hypnotic-spell","Unke Naru For Me menghadirkan aroma floral woody musky yang lembut dan cozy, cocok untuk sore hingga malam hari di suasana santai atau ruangan ber-AC.","https://cariparfum.com/parfum/unke-naru-for-me","","2026-10-06T13:25:47.112Z"
"Unke Naru","For You","Eau de Parfum","589000","IDR","InStock","Fig | Pear | Milky","Coconut Tree Leaf | Water Jasmine | Clover","Amberwood | White Musk | Orcanox","Floral Lembut | Fruity","Menyegarkan | Nyaman","Masculine","","Pagi | ️ Siang | Sore | ️ Panas | ️ Hujan","https://mtdlhxbwblrxtzsdjlav.supabase.co/storage/v1/object/public/perfume-images/b3a91ff1-e688-4f47-ac2a-235cd26f67c1/t8axkqh9f77-unke-naru-for-you.webp | https://mtdlhxbwblrxtzsdjlav.supabase.co/storage/v1/object/public/perfume-images/b3a91ff1-e688-4f47-ac2a-235cd26f67c1/t8axkrr9u9m-unke-naru-for-you.webp","https://s.shopee.co.id/4Atd3MYvOW","laboratori-semplice-pear | unspoken-timber | mykonos-down-to-earth | hindsight-tangelo | de-antoine-caspian-coast","Unke Naru For You adalah parfum fruity creamy yang ringan dengan sentuhan milky dan musk, cocok untuk kamu yang suka aroma segar lembut sepanjang hari.","https://cariparfum.com/parfum/unke-naru-for-you","","2026-10-06T13:26:29.954Z"
"Unke Naru","Hamlet De Tabac","Eau de Parfum","489000","IDR","InStock","Cinnamon","Patchouli","Amber | Guaiac Wood | Tobacco","Amber | Kering & Smoky","Hangat | Misterius","Masculine","","Sore | Malam | ️ Dingin","https://mtdlhxbwblrxtzsdjlav.supabase.co/storage/v1/object/public/perfume-images/f6ea534f-e437-4e58-8852-5950ae2bf373/t8axjpgslm8-unke-naru-hamlet-de-tabac.webp | https://mtdlhxbwblrxtzsdjlav.supabase.co/storage/v1/object/public/perfume-images/f6ea534f-e437-4e58-8852-5950ae2bf373/t8axjq9liac-unke-naru-hamlet-de-tabac.webp | https://mtdlhxbwblrxtzsdjlav.supabase.co/storage/v1/object/public/perfume-images/f6ea534f-e437-4e58-8852-5950ae2bf373/t8axjqe4q2a-unke-naru-hamlet-de-tabac.webp","https://s.shopee.co.id/9zrQ00VvL3","honino-romeo-roses | reboura-majestic-night | world-of-make-scents-ermis-solid-perfume | de-antoine-golden-mirage | whspr-ode-to-revenge","Unke Naru Hamlet De Tabac menghadirkan aroma rempah hangat dan tembakau smoky dengan sentuhan kayu dan amber, cocok untuk malam-malam penuh refleksi.","https://cariparfum.com/parfum/unke-naru-hamlet-de-tabac","","2026-10-06T13:26:35.316Z"
"Unke Naru","Jenggala","Extrait de Parfum","289000","IDR","InStock","Bergamot | Cinnamon | Clove | Pomelo","Lavandin | Geranium | Coconut","Amber | Cedarwood | Vanilla | Balsamic","Woody | Amber","Hangat | Nyaman","Masculine","","Sore | Malam | ️ Dingin","https://mtdlhxbwblrxtzsdjlav.supabase.co/storage/v1/object/public/perfume-images/849848f6-388a-42a0-bbca-cb672527d879/t8axftoe9ek-unke-naru-jenggala.webp | https://mtdlhxbwblrxtzsdjlav.supabase.co/storage/v1/object/public/perfume-images/849848f6-388a-42a0-bbca-cb672527d879/t8axfu1tnm9-unke-naru-jenggala.webp","https://s.shopee.co.id/20p8TWCj7h","honor-perfume-crimson | scent-of-jarte-by-the-garden | honino-romeo-roses | sonder-scents-255 | nevernot-ubud-sanctuary","Unke Naru Jenggala menawarkan aroma citrus-rempah yang berpadu coconut dan kayu vanilla, menciptakan nuansa hangat dan cozy untuk sore hingga malam hari.","https://cariparfum.com/parfum/unke-naru-jenggala","","2026-10-06T13:25:27.915Z"
"Unke Naru","Kala Jingga","Extrait de Parfum","289000","IDR","InStock","Wallflower | Mandarin | Sweet Orange | Lemon","Frangipani | Violet | Tuberose","Cedarwood | Vetiver","Floral | Sitrus Segar","Menyegarkan | Hangat","Masculine","","Sore | Malam | ️ Panas | ️ Hujan","https://mtdlhxbwblrxtzsdjlav.supabase.co/storage/v1/object/public/perfume-images/b7b7894f-2fc4-41d8-acc9-72dbc43aedd4/t8axjshi2ji-unke-naru-kala-jingga.webp | https://mtdlhxbwblrxtzsdjlav.supabase.co/storage/v1/object/public/perfume-images/b7b7894f-2fc4-41d8-acc9-72dbc43aedd4/t8axjtbr3g0-unke-naru-kala-jingga.webp | https://mtdlhxbwblrxtzsdjlav.supabase.co/storage/v1/object/public/perfume-images/b7b7894f-2fc4-41d8-acc9-72dbc43aedd4/t8axjuwumqf-unke-naru-kala-jingga.webp","https://s.shopee.co.id/1qViGqvv1S","world-of-make-scents-ermis-solid-perfume | mine-perfumery-rebel-instinct | astree-sunday-at-monaco | layr-before-petrichor | hint-dragon","Unke Naru Kala Jingga menawarkan aroma citrus segar dan floral tropis yang berpadu dengan kayu, sempurna untuk sore dan malam tropis Indonesia.","https://cariparfum.com/parfum/unke-naru-kala-jingga","","2026-10-06T13:25:55.864Z"
"Unke Naru","Kalamata Di Maluku","Eau de Parfum","489000","IDR","InStock","Bergamot | Black Pepper","Absinth | Lavender","Dry Wood | Orcanox | Moss","Woody Lumut | Aromatik","Earthy | Menenangkan","Masculine","","Sore | Malam | ️ Panas | ️ Dingin | ️ Hujan","https://mtdlhxbwblrxtzsdjlav.supabase.co/storage/v1/object/public/perfume-images/461b5817-e1d6-4532-aafc-ff0ad9df8aac/t8axjwoj6jy-unke-naru-kalamata-di-maluku.webp | https://mtdlhxbwblrxtzsdjlav.supabase.co/storage/v1/object/public/perfume-images/461b5817-e1d6-4532-aafc-ff0ad9df8aac/t8axjwxytt7-unke-naru-kalamata-di-maluku.webp | https://mtdlhxbwblrxtzsdjlav.supabase.co/storage/v1/object/public/perfume-images/461b5817-e1d6-4532-aafc-ff0ad9df8aac/t8axjx9ycuf-unke-naru-kalamata-di-maluku.webp","https://s.shopee.co.id/5VP0dhjsLi","personal-chemistry-memo | oaken-lab-batavia-barber | laboratori-semplice-bergamot | byfrags-bizael | astree-wednesday-morning","Unke Naru Kalamata Di Maluku membawa aroma kayu kering dan mossy yang earthy, dengan sentuhan rempah dan lavender, cocok untuk sore hingga malam di iklim.","https://cariparfum.com/parfum/unke-naru-kalamata-di-maluku","","2026-10-06T13:26:18.194Z"
"Unke Naru","Kashmir Oud","Eau de Parfum","378000","IDR","InStock","Elemi | Incense | Saffron","Pepper | Jasmine | Neroli","Fir Balsam | Oudwood | Vetiver","Woody | Kering & Smoky","Hangat | Misterius","Masculine","","Sore | Malam | ️ Dingin","https://mtdlhxbwblrxtzsdjlav.supabase.co/storage/v1/object/public/perfume-images/f3c71f4d-d1be-4d8a-9983-8650c0d8997c/t8axkxlirkz-unke-naru-kashmir-oud.webp | https://mtdlhxbwblrxtzsdjlav.supabase.co/storage/v1/object/public/perfume-images/f3c71f4d-d1be-4d8a-9983-8650c0d8997c/t8axky96qfe-unke-naru-kashmir-oud.webp","https://s.shopee.co.id/1qViH834l2","loco-scent-red-rhapsody | saudade-olfactory-under-the-rug | loco-scent-smoke-on-top | ataraksia-societeit-harmonie | wonderlust-fragrance-gunnen","Unke Naru Kashmir Oud menawarkan aroma smoky-oud yang hangat dan misterius, cocok untuk malam hari di suasana intim atau saat ingin meresapi ketenangan.","https://cariparfum.com/parfum/unke-naru-kashmir-oud","","2026-10-06T13:24:47.373Z"
"Unke Naru","Pearlaine","Extrait de Parfum","289000","IDR","InStock","Pear | Mandarin | Jasmine","Honeysuckle | Lily of the Valley","Amber | Musk","Floral | Fruity","Ringan | Playful","Masculine","","️ Siang | Sore | ️ Panas | ️ Hujan","https://mtdlhxbwblrxtzsdjlav.supabase.co/storage/v1/object/public/perfume-images/646917d1-7d3d-4259-8090-552bc591eec5/t8axfws91jp-unke-naru-pearlaine.webp | https://mtdlhxbwblrxtzsdjlav.supabase.co/storage/v1/object/public/perfume-images/646917d1-7d3d-4259-8090-552bc591eec5/t8axfw18nzl-unke-naru-pearlaine.webp","https://s.shopee.co.id/7fTVDbU9zd","honino-romeo-roses | citizens-of-the-world-malaga | anamcara-coast | layr-second-skin | reboura-majestic-night","Unke Naru Pearlaine adalah parfum floral fruity yang lembut dan segar, sempurna untuk suasana santai atau hangout di sore hari dengan nuansa feminin.","https://cariparfum.com/parfum/unke-naru-pearlaine","","2026-10-06T13:25:44.278Z"
"Unke Naru","Shower of Spring","Eau de Parfum","389000","IDR","InStock","Green Apple | Plum | Blackcurrant","Violet | Rose | Jasmine Sambac","Sandalwood | Vetiver | Musk","Floral | Fruity","Menyegarkan | Playful | Bersih","Masculine","","Pagi | ️ Siang | Sore | ️ Panas | ️ Hujan","https://mtdlhxbwblrxtzsdjlav.supabase.co/storage/v1/object/public/perfume-images/551c1a75-d45f-488e-9217-c59ec811c673/t8axld1f5os-unke-naru-shower-of-spring.webp | https://mtdlhxbwblrxtzsdjlav.supabase.co/storage/v1/object/public/perfume-images/551c1a75-d45f-488e-9217-c59ec811c673/t8axle5jc31-unke-naru-shower-of-spring.webp | https://mtdlhxbwblrxtzsdjlav.supabase.co/storage/v1/object/public/perfume-images/551c1a75-d45f-488e-9217-c59ec811c673/t8axlefk088-unke-naru-shower-of-spring.webp","https://s.shopee.co.id/1qViHA5m1j","loco-scent-red-rhapsody | honino-romeo-roses | mykonos-baby-love | layr-forbidden-garden | layr-slow-dance","Unke Naru Shower of Spring menawarkan sensasi segar dan floral yang bersih, cocok untuk kamu yang suka wangi ringan namun tetap elegan di setiap aktivitas.","https://cariparfum.com/parfum/unke-naru-shower-of-spring","","2026-10-06T13:25:47.849Z"
"Unke Naru","Suga Bourbon","Extrait de Parfum","289000","IDR","InStock","Tropical Fruit | Lychee","Peony | Rose","Woody Note | Sugar Vanilla","Gourmand | Fruity","Playful | Nyaman","Masculine","","Sore | Malam | ️ Panas | ️ Hujan","https://mtdlhxbwblrxtzsdjlav.supabase.co/storage/v1/object/public/perfume-images/470f25a6-8e80-4cb8-8c2d-828e3863cc54/t8axku2lg68-unke-naru-suga-bourbon.webp | https://mtdlhxbwblrxtzsdjlav.supabase.co/storage/v1/object/public/perfume-images/470f25a6-8e80-4cb8-8c2d-828e3863cc54/t8axkt7ja0u-unke-naru-suga-bourbon.webp | https://mtdlhxbwblrxtzsdjlav.supabase.co/storage/v1/object/public/perfume-images/470f25a6-8e80-4cb8-8c2d-828e3863cc54/t8axku58h2p-unke-naru-suga-bourbon.webp","https://s.shopee.co.id/8zysoH6mPR","mykonos-moroccan-vanilla | loco-scent-red-rhapsody | honino-romeo-roses | citizens-of-the-world-cafe-du-monde | mykonos-xoxo-rosy","Unke Naru Suga Bourbon memadukan manisnya vanilla gula dan kesegaran buah tropis dengan sentuhan floral peony dan rose, ideal untuk suasana santai dan hangout.","https://cariparfum.com/parfum/unke-naru-suga-bourbon","","2026-10-06T13:25:26.700Z"
"Unke Naru","Tesso Nilo","Extrait de Parfum","289000","IDR","InStock","Bergamot | Juniper Berry | Cypress","Cedarwood | Jasmine | Rose","Guaiac Wood","Woody | Floral","Menyegarkan | Menenangkan","Masculine","","Pagi | ️ Siang | Sore | ️ Panas | ️ Hujan","https://mtdlhxbwblrxtzsdjlav.supabase.co/storage/v1/object/public/perfume-images/44a35829-2df8-41f1-8ed7-0f80ed9f678a/t8axlk32soy-unke-naru-tesso-nilo.webp | https://mtdlhxbwblrxtzsdjlav.supabase.co/storage/v1/object/public/perfume-images/44a35829-2df8-41f1-8ed7-0f80ed9f678a/t8axlkq9f7i-unke-naru-tesso-nilo.webp","https://s.shopee.co.id/9zrQ0HPKcs","loco-scent-red-rhapsody | reboura-visco-garden | sighnil-cherry-on-date-night | botanical-essentials-sanctuary | world-of-make-scents-ermis-solid-perfume","Unke Naru Tesso Nilo adalah parfum woody-floral yang segar, menyejukkan, dan cocok untuk dipakai harian di cuaca tropis maupun hujan ringan.","https://cariparfum.com/parfum/unke-naru-tesso-nilo","","2026-10-06T13:24:47.915Z"
"Unspoken","Keeley","Eau de Parfum","199000","IDR","InStock","Jasmine","Tuberose","Rangoon Creeper","Floral","Sensual | Elegan","Masculine","","Sore | Malam | ️ Panas | ️ Hujan","https://mtdlhxbwblrxtzsdjlav.supabase.co/storage/v1/object/public/perfume-images/0f81c7b1-e305-42ad-98c8-c2b971ab5da3/t8iexdgq7fz-unspoken-keeley.webp | https://mtdlhxbwblrxtzsdjlav.supabase.co/storage/v1/object/public/perfume-images/0f81c7b1-e305-42ad-98c8-c2b971ab5da3/t8iexdpl7jx-unspoken-keeley.webp | https://mtdlhxbwblrxtzsdjlav.supabase.co/storage/v1/object/public/perfume-images/0f81c7b1-e305-42ad-98c8-c2b971ab5da3/t8iexeivthr-unspoken-keeley.webp","https://s.shopee.co.id/3fxX68md9t","royal-fragrance-blossom-in-kyoto | laboratori-semplice-tuberose | laboratori-semplice-jasmine | yn-perfumery-the-duchess | reboura-flora-notes","Unspoken Keeley adalah parfum floral modern dengan jasmine dan tuberose yang sensual, cocok untuk suasana sore hingga malam dan momen penuh kesan.","https://cariparfum.com/parfum/unspoken-keeley","","2026-10-06T13:24:56.706Z"
"Unspoken","Oui","Eau de Parfum","199000","IDR","InStock","Cassis","May Rose | Freesia","Woody Note | Vanilla | Patchouli","Floral | Fruity","Hangat | Nyaman","Masculine","","Sore | Malam | ️ Dingin | ️ Hujan","https://mtdlhxbwblrxtzsdjlav.supabase.co/storage/v1/object/public/perfume-images/4cffd5c2-bd53-452b-b27a-10d8400f0629/t8iexlu2nu1-unspoken-oui.webp | https://mtdlhxbwblrxtzsdjlav.supabase.co/storage/v1/object/public/perfume-images/4cffd5c2-bd53-452b-b27a-10d8400f0629/t8iexl6lqpp-unspoken-oui.webp","https://s.shopee.co.id/5VPBHZ9a5r","honino-romeo-roses | mykonos-moroccan-vanilla | loco-scent-red-rhapsody | citizens-of-the-world-cafe-du-monde | nevernot-tripping-apple","Unspoken Oui adalah parfum floral fruity dengan sentuhan vanilla dan patchouli yang hangat, cocok untuk momen santai di sore atau malam hari.","https://cariparfum.com/parfum/unspoken-oui","","2026-10-06T13:25:02.663Z"
"Unspoken","Timber","Eau de Parfum","239000","IDR","InStock","Mirabelle | Bergamot | Pear | Lemon | Orange | Magnolia","Peach | Jasmine | Rose | Tuberose | Freesia","Amberwood | Sandalwood | Oakmoss | Patchouli | White Musk","Woody | Fruity","Hangat | Playful | Nyaman","Masculine","","Sore | Malam | ️ Panas | ️ Hujan","https://mtdlhxbwblrxtzsdjlav.supabase.co/storage/v1/object/public/perfume-images/e4699500-2798-4430-bc05-00c0dd50c44b/t8iexg0mv4l-unspoken-timber.webp","https://s.shopee.co.id/7KqpStuGaP","yn-perfumery-on-cloud-nine | de-antoine-caspian-coast | honino-shower-song | royal-fragrance-spacious | honor-perfume-denali","Unspoken Timber adalah parfum EdP dengan aroma fruity-floral segar yang bertransisi ke woody lembut, cocok untuk sore hingga malam di iklim tropis Indonesia.","https://cariparfum.com/parfum/unspoken-timber","","2026-10-06T13:24:44.873Z"
"Vlagio Perfume","AMIRAH","Eau de Parfum","33000","IDR","InStock","Pear | Fruity Note | Sweet Note","Violet | Citrus | Raspberry","Floral Accord | Ambery Note | Tonka Bean","Fruity | Floral","Playful | Hangat","Masculine","","Sore | Malam | ️ Panas | ️ Hujan","https://mtdlhxbwblrxtzsdjlav.supabase.co/storage/v1/object/public/perfume-images/96bd0b89-3e60-4ffd-9f14-dc2a87661b8f/t8ifsxbq2xq-vlagio-perfume-amirah.webp | https://mtdlhxbwblrxtzsdjlav.supabase.co/storage/v1/object/public/perfume-images/96bd0b89-3e60-4ffd-9f14-dc2a87661b8f/t8ifsy8qf6e-vlagio-perfume-amirah.webp","https://s.shopee.co.id/9zrab92e0s","vlagio-perfume-contessa | world-of-make-scents-ermis-solid-perfume | vlagio-perfume-malika | vlagio-perfume-yang | die-without-smell-you-name-it","Vlagio Perfume AMIRAH membawa nuansa fruity-floral yang playful dan lembut, cocok untuk hangout sore hingga malam, dengan sentuhan manis yang hangat dan elegan.","https://cariparfum.com/parfum/vlagio-perfume-amirah","","2026-10-06T13:24:56.727Z"
"Vlagio Perfume","CHERRY BLOSSOM","Eau de Parfum","31000","IDR","InStock","Bergamot | Orange","Rose | Blackberry","Sandalwood | Vanilla | Caramel","Floral | Fruity","Playful | Hangat","Masculine","","Sore | Malam | ️ Panas | ️ Hujan","https://mtdlhxbwblrxtzsdjlav.supabase.co/storage/v1/object/public/perfume-images/7c34be89-23d5-4d9d-9b71-05d631f67334/t8ifulrdaao-vlagio-perfume-cherry-blossom.webp | https://mtdlhxbwblrxtzsdjlav.supabase.co/storage/v1/object/public/perfume-images/7c34be89-23d5-4d9d-9b71-05d631f67334/t8ifumz3day-vlagio-perfume-cherry-blossom.webp","https://s.shopee.co.id/10wlsLyh6D","loco-scent-red-rhapsody | mykonos-moroccan-vanilla | world-of-make-scents-kiko-crumbs-solid-perfume | honino-romeo-roses | mykonos-caramel-fudge-cookie","Vlagio Perfume CHERRY BLOSSOM adalah parfum floral fruity dengan sentuhan vanilla-caramel, cocok untuk sore hingga malam hari yang hangat dan playful.","https://cariparfum.com/parfum/vlagio-perfume-cherry-blossom","","2026-10-06T13:24:47.258Z"
"Vlagio Perfume","CONTESSA","Eau de Parfum","33000","IDR","InStock","Citrus | Cardamom | Fruity Note","Spicy Note | Floral Accord | Dry Fruit","Amber | Woody Note | Sweet Note","Amber | Fruity","Hangat | Nyaman | Playful","Masculine","","Sore | Malam | ️ Dingin | ️ Hujan","https://mtdlhxbwblrxtzsdjlav.supabase.co/storage/v1/object/public/perfume-images/c3772843-9d5a-4c54-804a-4284046bd54a/t8iftom13uw-vlagio-perfume-contessa.webp | https://mtdlhxbwblrxtzsdjlav.supabase.co/storage/v1/object/public/perfume-images/c3772843-9d5a-4c54-804a-4284046bd54a/t8iftobar6q-vlagio-perfume-contessa.webp","https://s.shopee.co.id/2g4zraRyXB","vlagio-perfume-malika | vlagio-perfume-amirah | vlagio-perfume-yang | honor-perfume-dakota | die-without-smell-soft-touch","Vlagio Perfume CONTESSA adalah parfum hangat dengan sentuhan citrus dan amber, cocok dipakai saat sore hingga malam untuk momen santai atau hangout.","https://cariparfum.com/parfum/vlagio-perfume-contessa","","2026-10-06T13:25:45.859Z"
"Vlagio Perfume","GEMMA","Eau de Parfum","33000","IDR","InStock","Bergamot | Citrus | Lavender","Orange Blossom | White Flower | Fruity Note","Musky Note | Transparent Note | Patchouli","Sitrus Segar | Floral","Menyegarkan | Bersih","Masculine","","Pagi | ️ Siang | Sore | ️ Panas | ️ Hujan","https://mtdlhxbwblrxtzsdjlav.supabase.co/storage/v1/object/public/perfume-images/3aa55d70-7cfc-422a-8974-ad3822b14f26/t8ifswp9jta-vlagio-perfume-gemma.webp","https://s.shopee.co.id/2qOQ3sAHdR","saudade-olfactory-bonsai-we-kept | die-without-smell-soft-touch | reboura-majestic-night | scuse-me-wood-you-be-mine | periodic-03-daylight","Vlagio Perfume Gemma adalah parfum fresh citrus-floral dengan sentuhan musky lembut, cocok untuk kamu yang suka aroma bersih dan segar sepanjang hari.","https://cariparfum.com/parfum/vlagio-perfume-gemma","","2026-10-06T13:25:59.987Z"
"Vlagio Perfume","JAMILA","Eau de Parfum","33000","IDR","InStock","Mandarin | Lemon | Apple","Sandalwood | Jasmine | Caramel","Amber | Vanilla | Raspberry","Fruity | Gourmand","Playful | Nyaman","Masculine","","Sore | Malam | ️ Dingin | ️ Hujan","https://mtdlhxbwblrxtzsdjlav.supabase.co/storage/v1/object/public/perfume-images/1f5b0203-6032-4d01-91d5-8cfec80eba30/t8iftv485jw-vlagio-perfume-jamila.webp | https://mtdlhxbwblrxtzsdjlav.supabase.co/storage/v1/object/public/perfume-images/1f5b0203-6032-4d01-91d5-8cfec80eba30/t8iftvv87bm-vlagio-perfume-jamila.webp","https://s.shopee.co.id/4q9URk60Gt","honino-romeo-roses | hmns-o-hyper-bloom | speaks-to-me-sneaky-sugar-rush | honino-teddys-blanket | the-body-tale-portrait-of-kyoto","Vlagio Perfume JAMILA menyuguhkan aroma fruity gourmand yang playful dan cozy, cocok untuk momen hangout santai di sore hingga malam hari di Indonesia.","https://cariparfum.com/parfum/vlagio-perfume-jamila","","2026-10-06T13:25:00.152Z"
"Vlagio Perfume","MALIKA","Eau de Parfum","33000","IDR","InStock","Citrus | Fruity Note | Saffron","Amber | Spicy Note | Floral Accord","Wood | Patchouli | Musk","Amber | Fruity","Hangat | Mewah","Masculine","","Sore | Malam | ️ Dingin | ️ Hujan","https://mtdlhxbwblrxtzsdjlav.supabase.co/storage/v1/object/public/perfume-images/1e1a3e96-c870-44ac-a30a-d2a9424e8b86/t8iftqsll9y-vlagio-perfume-malika.webp | https://mtdlhxbwblrxtzsdjlav.supabase.co/storage/v1/object/public/perfume-images/1e1a3e96-c870-44ac-a30a-d2a9424e8b86/t8iftr3wtwg-vlagio-perfume-malika.webp","https://s.shopee.co.id/8V2moGflWC","honino-romeo-roses | vlagio-perfume-contessa | vlagio-perfume-yang | die-without-smell-soft-touch | layr-velvet-dream","Vlagio Perfume MALIKA memadukan nuansa fruity, saffron, dan amber dalam aroma hangat serta elegan, cocok untuk sore hingga malam, temani momen spesialmu.","https://cariparfum.com/parfum/vlagio-perfume-malika","","2026-10-06T13:26:21.141Z"
"Vlagio Perfume","MATCHA","Eau de Parfum","33000","IDR","InStock","Mandarin | Tea | Green Freshness Accord | Milky Note","Jasmine | Tea | Freesia","Woody Note | Musky Note | Creamy Note","Floral | Hijau Segar","Nyaman | Bersih | Menenangkan","Masculine","","Pagi | ️ Siang | Sore | ️ Panas | ️ Hujan","https://mtdlhxbwblrxtzsdjlav.supabase.co/storage/v1/object/public/perfume-images/bf69eb86-c10d-4c47-9216-819e20cdd1a3/t8ifrprdybl-vlagio-perfume-matcha.webp","https://s.shopee.co.id/70Dz1UUYWe","blackstag-nightfall | de-antoine-boise | honino-romeo-roses | the-body-tale-portrait-of-kyoto | evesol-jinggala","Vlagio Perfume MATCHA menghadirkan aroma teh hijau creamy yang segar dan menenangkan, cocok untuk suasana santai maupun aktivitas harian di iklim tropis.","https://cariparfum.com/parfum/vlagio-perfume-matcha","","2026-10-06T13:26:31.288Z"
"Vlagio Perfume","MEDINA","Eau de Parfum","33000","IDR","InStock","Bluebell | Granny Smith Apple | Sicilian Cedar","White Rose | Bamboo | Jasmine","Amber | Cedarwood | Musk","Hijau Segar | Floral","Menyegarkan | Bersih","Masculine","","Pagi | ️ Siang | Sore | ️ Panas | ️ Hujan","https://mtdlhxbwblrxtzsdjlav.supabase.co/storage/v1/object/public/perfume-images/27717705-ff0c-4a3b-b755-1c7f39356630/t8ifty8ac69-vlagio-perfume-medina.webp | https://mtdlhxbwblrxtzsdjlav.supabase.co/storage/v1/object/public/perfume-images/27717705-ff0c-4a3b-b755-1c7f39356630/t8iftykbe9a-vlagio-perfume-medina.webp","https://s.shopee.co.id/9UvK0AF23l","honino-romeo-roses | loco-scent-red-rhapsody | mykonos-xoxo-rosy | speaks-to-me-the-dreamer | alt-perfumery-martini-in-new-york","Vlagio Perfume MEDINA menyuguhkan aroma segar-hijau dengan sentuhan floral dan musky yang bersih, cocok untuk suasana pagi hingga sore di iklim tropis.","https://cariparfum.com/parfum/vlagio-perfume-medina","","2026-10-06T13:26:20.707Z"
"Vlagio Perfume","SUNSHINE","Eau de Parfum","33000","IDR","InStock","Peach | Orange | Lemon Zest","Lavandin | Vanilla Bean | Blooming Peony","Amber | Cedarwood | Tree Moss","Fruity | Floral","Playful | Menyegarkan","Masculine","","Pagi | ️ Siang | Sore | ️ Panas | ️ Hujan","https://mtdlhxbwblrxtzsdjlav.supabase.co/storage/v1/object/public/perfume-images/2c6bdb8b-ee8b-4240-8533-a455585b608f/t8ift0wz0p6-vlagio-perfume-sunshine.webp | https://mtdlhxbwblrxtzsdjlav.supabase.co/storage/v1/object/public/perfume-images/2c6bdb8b-ee8b-4240-8533-a455585b608f/t8ift0cbgsb-vlagio-perfume-sunshine.webp","https://s.shopee.co.id/AKUQzXB9gQ","honino-romeo-roses | layr-velvet-dream | whspr-ode-to-revenge | ouru-warm-whiskey | citizens-of-the-world-malaga","Vlagio Perfume SUNSHINE menawarkan aroma fruity floral yang ceria dengan sentuhan kayu dan amber, sempurna untuk suasana pagi hingga sore hari tropis.","https://cariparfum.com/parfum/vlagio-perfume-sunshine","","2026-10-06T13:26:13.946Z"
"Vlagio Perfume","TIRAMISU","Eau de Parfum","33000","IDR","InStock","Mandarin | Coffee","Cocoa","Vanilla","Gourmand","Nyaman | Hangat","Masculine","","Malam | ️ Dingin","https://mtdlhxbwblrxtzsdjlav.supabase.co/storage/v1/object/public/perfume-images/195c35f5-1eb9-46ef-91d4-88996e6737e7/t8ifrtjllqx-vlagio-perfume-tiramisu.webp","https://s.shopee.co.id/1LZcH3mTbR","scentalgia-fragrance-treats-and-tea | ouru-warm-whiskey | house-of-medici-shakespeare-elegiac | mykonos-black-opera | mykonos-vanilla-clouds","Vlagio Perfume TIRAMISU adalah Eau de Parfum gourmand dengan nuansa kopi, cocoa, dan vanilla yang hangat, cocok untuk malam santai dan suasana intim.","https://cariparfum.com/parfum/vlagio-perfume-tiramisu","","2026-10-06T13:26:08.408Z"
"Vlagio Perfume","VELOVE","Eau de Parfum","33000","IDR","InStock","Fresh Lemon | Yuzu","Baby Rose | Pink Rose | Blackcurrant","Apricot | Amber | Musky Note","Sitrus Segar | Floral","Menyegarkan | Playful","Masculine","","Pagi | ️ Siang | Sore | ️ Panas | ️ Hujan","https://mtdlhxbwblrxtzsdjlav.supabase.co/storage/v1/object/public/perfume-images/8ce03562-7f63-45ef-abc5-e2e8a0752bf6/t8ifuoia48j-vlagio-perfume-velove.webp | https://mtdlhxbwblrxtzsdjlav.supabase.co/storage/v1/object/public/perfume-images/8ce03562-7f63-45ef-abc5-e2e8a0752bf6/t8ifupzf4du-vlagio-perfume-velove.webp","https://s.shopee.co.id/2B8jGXkJJ6","honino-romeo-roses | loco-scent-red-rhapsody | mykonos-xoxo-rosy | mykonos-baby-love | mykonos-sparkling-rose","Vlagio Perfume VELOVE memadukan citrus segar, mawar lembut, dan aprikot manis ringan untuk aroma fresh-floral yang cocok di cuaca panas Indonesia.","https://cariparfum.com/parfum/vlagio-perfume-velove","","2026-10-06T13:24:51.423Z"
"Vlagio Perfume","YANG","Eau de Parfum","33000","IDR","InStock","Citrus | Calabrian Bergamot | Orange | Rose","Praline | Cocoa | Floral Accord | Fruity Note","Gourmand Note | Musky Note | Ambery Note | Creamy Note","Gourmand | Amber","Hangat | Playful","Masculine","","Sore | Malam | ️ Dingin | ️ Hujan","https://mtdlhxbwblrxtzsdjlav.supabase.co/storage/v1/object/public/perfume-images/dad7fece-353b-4b3b-922b-0d1e930724d3/t8ifsrrh9j5-vlagio-perfume-yang.webp | https://mtdlhxbwblrxtzsdjlav.supabase.co/storage/v1/object/public/perfume-images/dad7fece-353b-4b3b-922b-0d1e930724d3/t8ifssn0qvl-vlagio-perfume-yang.webp","https://s.shopee.co.id/8pfdD1NwD8","honino-romeo-roses | loco-scent-red-rhapsody | die-without-smell-soft-touch | mykonos-xoxo-rosy | vlagio-perfume-malika","Vlagio Perfume YANG menghadirkan sensasi citrus segar yang berpadu lembut dengan praline cokelat dan creamy amber, cocok untuk malam santai di suasana tropis.","https://cariparfum.com/parfum/vlagio-perfume-yang","","2026-10-06T13:25:59.238Z"
"Vlagio Perfume","YIN","Eau de Parfum","33000","IDR","InStock","Calabrian Bergamot | Lemon","Jasmine | Lavender | Rose","Cedarwood | Sandalwood | Oakmoss | Tonka Bean","Sitrus Segar | Woody","Bersih | Menenangkan","Masculine","","Pagi | ️ Siang | Sore | ️ Panas | ️ Hujan","https://mtdlhxbwblrxtzsdjlav.supabase.co/storage/v1/object/public/perfume-images/19e52aef-c3d7-4fb9-bfbe-37e11d1dec0b/t8iftt8hbwd-vlagio-perfume-yin.webp | https://mtdlhxbwblrxtzsdjlav.supabase.co/storage/v1/object/public/perfume-images/19e52aef-c3d7-4fb9-bfbe-37e11d1dec0b/t8ifttzz776-vlagio-perfume-yin.webp","https://s.shopee.co.id/AAB0nR2Pii","loco-scent-red-rhapsody | world-of-make-scents-ermis-solid-perfume | house-of-medici-baldassare-sprezzatura | unspoken-timber | mykonos-moroccan-vanilla","Vlagio Perfume YIN menghadirkan kesegaran citrus dan floral yang halus dipadu nuansa woody, cocok untuk daily wear di iklim tropis Indonesia.","https://cariparfum.com/parfum/vlagio-perfume-yin","","2026-10-06T13:25:30.266Z"
"Voie","Crave For Vanilla","Eau de Parfum","206000","IDR","InStock","Mandarin Orange | Bergamot | Green Notes","Orange Blossom | Jasmine | Cardamom | Hazelnut","Black Chocolate | Sandalwood | Vanilla | Cocoa","Woody | Gourmand","Hangat | Nyaman","Masculine","","Malam | ️ Dingin","https://mtdlhxbwblrxtzsdjlav.supabase.co/storage/v1/object/public/perfume-images/c9ef52f7-b5d8-4e38-8a4c-0f6504e5fcad/tcghjp1koun-voie-crave-for-vanilla.png | https://mtdlhxbwblrxtzsdjlav.supabase.co/storage/v1/object/public/perfume-images/c9ef52f7-b5d8-4e38-8a4c-0f6504e5fcad/tcghjq0jnlv-voie-crave-for-vanilla.png","https://s.shopee.co.id/6KzzHXdWT2","layr-kyoto-jazz | alt-perfumery-always-right | mandalika-gorgeous-tuberose | fordive-majestic | mykonos-black-opera","Voie Crave For Vanilla adalah parfum gourmand-woody dengan sentuhan cokelat dan vanilla yang cozy, pas untuk malam santai atau momen intimate di ruangan ber-AC.","https://cariparfum.com/parfum/voie-crave-for-vanilla","","2026-10-06T13:24:58.735Z"
"Voie","Kyoto Dewberry","Extrait de Parfum","220000","IDR","InStock","Bergamot | Peach | Cooked Strawberry","Floral Notes | Violet | Lily of the Valley","Amber | Marshmallow | Moss | Musk","Floral | Fruity","Playful | Nyaman","Masculine","","Sore | Malam | ️ Panas | ️ Hujan","https://mtdlhxbwblrxtzsdjlav.supabase.co/storage/v1/object/public/perfume-images/640dd036-4cb8-4c41-91d1-163eb8db56a1/tcghjhjtwh6-voie-kyoto-dewberry.png | https://mtdlhxbwblrxtzsdjlav.supabase.co/storage/v1/object/public/perfume-images/640dd036-4cb8-4c41-91d1-163eb8db56a1/tcghji7lar1-voie-kyoto-dewberry.png","https://s.shopee.co.id/AKW82p3ucS","world-of-make-scents-ermis-solid-perfume | honino-romeo-roses | layr-kyoto-jazz | evesol-jinggala | mykonos-baby-love","Voie Kyoto Dewberry memadukan sentuhan buah manis, floral lembut, dan marshmallow yang cozy, cocok untuk sore santai maupun hangout seru bareng teman.","https://cariparfum.com/parfum/voie-kyoto-dewberry","","2026-10-06T13:24:40.814Z"
"Voie","Mistinguett","Extrait de Parfum","213000","IDR","InStock","Bergamot | Mandarin | Grapefruit | Blackcurrant","Mango | Peony | Rose | Lily of the Valley","Sandalwood | Ambroxan | Patchouli | White Musk","Floral | Fruity","Menyegarkan | Playful","Masculine","","Pagi | ️ Siang | Sore | ️ Panas | ️ Hujan","https://mtdlhxbwblrxtzsdjlav.supabase.co/storage/v1/object/public/perfume-images/fc95ded5-eaba-453e-95df-38cf3d6c386d/tcghjmac60l-voie-mistinguett.png | https://mtdlhxbwblrxtzsdjlav.supabase.co/storage/v1/object/public/perfume-images/fc95ded5-eaba-453e-95df-38cf3d6c386d/tcghjn83r5m-voie-mistinguett.png","https://s.shopee.co.id/1VujWdvhxY","zataru-aquamarine | loco-scent-red-rhapsody | world-of-make-scents-ermis-solid-perfume | honino-shower-song | saka-perfumery-florance","Voie Mistinguett menghadirkan aroma floral-fresh yang ceria dan juicy, sempurna untuk pagi atau sore di cuaca tropis dan suasana santai.","https://cariparfum.com/parfum/voie-mistinguett","","2026-10-06T13:24:54.945Z"
"Voie","Rain Reverie","Extrait de Parfum","219000","IDR","InStock","Green Tea | Orange","White Lotus | Musk","Amber | Cedarwood","Hijau Segar | Woody","Menenangkan | Bersih","Masculine","","Sore | Malam | ️ Panas | ️ Hujan","https://mtdlhxbwblrxtzsdjlav.supabase.co/storage/v1/object/public/perfume-images/38ded0f2-9e43-4f47-ac7b-17dd867d8150/tcghjkrvmpt-voie-rain-reverie.webp | https://mtdlhxbwblrxtzsdjlav.supabase.co/storage/v1/object/public/perfume-images/38ded0f2-9e43-4f47-ac7b-17dd867d8150/tcghjk2jram-voie-rain-reverie.png","https://s.shopee.co.id/8fNu3mN7an","honino-romeo-roses | layr-velvet-dream | fordive-revolt | vlagio-perfume-medina | flnc-luminaria","Voie Rain Reverie adalah parfum yang menggabungkan nuansa teh hijau dan lotus dengan sentuhan kayu hangat, cocok untuk suasana santai di sore atau malam hari.","https://cariparfum.com/parfum/voie-rain-reverie","","2026-10-06T13:25:44.652Z"
"WHSPR","DEAR DIARY","Eau de Parfum","359000","IDR","InStock","Pink Pepper | Grapefruit | Peony","Sakura Blossom | Rose Petals","Strawberry Milkshake | Vetiver","Floral | Fruity","Menyegarkan | Playful","Masculine","","️ Siang | Sore | ️ Panas | ️ Hujan","https://mtdlhxbwblrxtzsdjlav.supabase.co/storage/v1/object/public/perfume-images/0c2a9b8d-09b6-487c-a9b3-731f08b9431b/tb8bnlqphkl-whspr-dear-diary.webp","https://s.shopee.co.id/2qPV262oWw","mandalika-rebel | layr-rose-damour | hmns-the-prestige | sianc-melody-of-spring | scentalgia-fragrance-raw-morning-09-00am","WHSPR DEAR DIARY menggabungkan floral segar dan sentuhan strawberry milkshake yang playful, cocok untuk kamu yang ingin tampil ceria dan feminin sepanjang hari.","https://cariparfum.com/parfum/whspr-dear-diary","","2026-10-06T13:25:53.044Z"
"WHSPR","LEFT ON READ","Eau de Parfum","359000","IDR","InStock","Ginger | Pepper | Lemon","Jasmine | Osmanthus | Sunflower","Vanilla | Neroli | White Woods","Floral | Sitrus Segar","Menyegarkan | Nyaman | Energik","Masculine","","Pagi | ️ Siang | Sore | ️ Panas | ️ Hujan","https://mtdlhxbwblrxtzsdjlav.supabase.co/storage/v1/object/public/perfume-images/2c5e34c9-48a1-497c-8a3a-e74dd7fcd756/tb8bnm020zq-whspr-left-on-read.webp","https://s.shopee.co.id/9pZFMyg5nX","mykonos-moroccan-vanilla | mykonos-black-opera | scentnario-forbidden-bloom | botanical-essentials-solace | mandalika-irresistible","WHSPR LEFT ON READ adalah EDP segar hangat dengan lemon, jahe, dan sentuhan vanilla, cocok untuk suasana ceria dan aktif di cuaca panas Indonesia.","https://cariparfum.com/parfum/whspr-left-on-read","","2026-10-06T13:24:42.734Z"
"WHSPR","ODE TO REVENGE","Extrait de Parfum","289000","IDR","InStock","Cola | Lemon | Orange | Tobacco","Rum | Cinnamon | Cardamom","Amber | Cedarwood | Vanilla","Amber | Kering & Smoky","Hangat | Misterius","Masculine","","Malam | ️ Dingin","https://mtdlhxbwblrxtzsdjlav.supabase.co/storage/v1/object/public/perfume-images/8f7ae48a-389d-4d2a-9ea3-9ad29aa41ce5/tb8bnhjm005-whspr-ode-to-revenge.webp | https://mtdlhxbwblrxtzsdjlav.supabase.co/storage/v1/object/public/perfume-images/8f7ae48a-389d-4d2a-9ea3-9ad29aa41ce5/tb8bni00ij4-whspr-ode-to-revenge.webp","https://s.shopee.co.id/9008NOtl1c","mandalika-24-hours | honino-romeo-roses | sonder-scents-255 | mykonos-moroccan-vanilla | loco-scent-saturday-cheers","WHSPR ODE TO REVENGE adalah parfum xdp yang memadukan nuansa cola, tembakau, dan vanilla, menciptakan aroma malam yang hangat, misterius, dan menggoda.","https://cariparfum.com/parfum/whspr-ode-to-revenge","","2026-10-06T13:25:34.281Z"
"WHSPR","ROOM OF YOU","Eau de Parfum","359000","IDR","InStock","Pear | Watermelon | Coconut","Frangipani | Sea Breeze","Patchouli | Sunrays | Musk","Akuatik | Fruity","Menyegarkan | Ringan","Masculine","","️ Siang | Sore | ️ Panas | ️ Hujan","https://mtdlhxbwblrxtzsdjlav.supabase.co/storage/v1/object/public/perfume-images/5c63762a-2a21-45e2-9d7a-75904b5369c6/tb8bnjxq2ec-whspr-room-of-you.webp","https://s.shopee.co.id/40bSQGou2j","honino-romeo-roses | elaya-choose-you | mandalika-remember-me | world-of-make-scents-dance-flo-solid-perfume | compounded-by-alexa","WHSPR ROOM OF YOU menghadirkan sensasi airy fruity dan aquatic yang segar, sempurna untuk mood santai di siang-sore tropis. Coba, pasti bikin betah.","https://cariparfum.com/parfum/whspr-room-of-you","","2026-10-06T13:25:17.546Z"
"WHSPR","SIXTH SENSE","Extrait de Parfum","289000","IDR","InStock","Lily | Jasmine","Orris","White Musk | Iris","Powdery | Floral","Bersih | Elegan","Masculine","","️ Siang | Sore | ️ Panas | ️ Hujan","https://mtdlhxbwblrxtzsdjlav.supabase.co/storage/v1/object/public/perfume-images/5cb4b09f-7cb2-4306-8660-e7d4ac7409d7/tb8bnbkftjz-whspr-sixth-sense.webp | https://mtdlhxbwblrxtzsdjlav.supabase.co/storage/v1/object/public/perfume-images/5cb4b09f-7cb2-4306-8660-e7d4ac7409d7/tb8bncyzkge-whspr-sixth-sense.webp","https://s.shopee.co.id/15JesVXBn","honino-romeo-roses | maison-garnet-pure-haneul | laboratori-semplice-jasmine | reboura-flora-notes | scentnario-hidden-haven","WHSPR SIXTH SENSE menawarkan aroma floral powdery yang bersih dan elegan, cocok untuk kamu yang ingin tampil fresh dan percaya diri sepanjang hari.","https://cariparfum.com/parfum/whspr-sixth-sense","","2026-10-06T13:25:58.186Z"
"WHSPR","SPELLBOUND","Extrait de Parfum","289000","IDR","InStock","Saffron","Praline | Rose | Oud","Vanilla | Oud","Gourmand | Amber","Hangat | Misterius | Sensual","Masculine","","Malam | ️ Dingin","https://mtdlhxbwblrxtzsdjlav.supabase.co/storage/v1/object/public/perfume-images/c98d63ae-b9b6-4981-8962-33581b8f581f/tb8bnekuf52-whspr-spellbound.webp | https://mtdlhxbwblrxtzsdjlav.supabase.co/storage/v1/object/public/perfume-images/c98d63ae-b9b6-4981-8962-33581b8f581f/tb8bng3cklx-whspr-spellbound.webp","https://s.shopee.co.id/5L6q0lVcdr","loco-scent-red-rhapsody | mykonos-moroccan-vanilla | honino-romeo-roses | house-of-medici-devil-in-a-new-dress | gioia-fragrances-jenny","WHSPR SPELLBOUND adalah parfum malam bernuansa oud, vanilla, dan praline, menciptakan aroma hangat misterius yang bold dan sensual untuk suasana intim.","https://cariparfum.com/parfum/whspr-spellbound","","2026-10-06T13:25:33.015Z"
"WHSPR","TWISTED ROMANCE","Extrait de Parfum","289000","IDR","InStock","Bergamot | Rhubarb","Turkish Rose | Bulgarian Rose","Vanilla | Haitian Vetiver | Cashmeran","Floral | Amber","Hangat | Elegan","Masculine","","Sore | Malam | ️ Dingin | ️ Hujan","https://mtdlhxbwblrxtzsdjlav.supabase.co/storage/v1/object/public/perfume-images/2fd87cc7-49f8-4b6e-b9ab-2654feea6451/tb8bnnc9zru-whspr-twisted-romance.webp | https://mtdlhxbwblrxtzsdjlav.supabase.co/storage/v1/object/public/perfume-images/2fd87cc7-49f8-4b6e-b9ab-2654feea6451/tb8bnpw96fv-whspr-twisted-romance.webp","https://s.shopee.co.id/8fNHyrJbQo","honino-romeo-roses | maison-garnet-alhambra-rose | mykonos-moroccan-vanilla | loco-scent-red-rhapsody | sianc-melody-of-spring","WHSPR Twisted Romance memadukan mawar Bulgaria dan Turki dengan cashmeran dan vanilla, menciptakan aroma floral-amber yang hangat dan elegan untuk malam.","https://cariparfum.com/parfum/whspr-twisted-romance","","2026-10-06T13:26:14.961Z"
"Wonderlust Fragrance","FLANEUR","Extrait de Parfum","59000","IDR","InStock","Bergamot | Grapefruit | Pineapple | Cardamom","Cedar | Magnolia | Freesia | Pink peony","Amber | Sandalwood | Musk","Floral | Sitrus Segar","Menyegarkan | Bersih","Masculine","","Pagi | ️ Siang | Sore | ️ Panas | ️ Hujan","https://mtdlhxbwblrxtzsdjlav.supabase.co/storage/v1/object/public/perfume-images/e1eec2d3-e9dd-43f5-a269-35ec5a16e27c/td8kf917grf-wonderlust-fragrance-flaneur.webp | https://mtdlhxbwblrxtzsdjlav.supabase.co/storage/v1/object/public/perfume-images/e1eec2d3-e9dd-43f5-a269-35ec5a16e27c/td8kfakniq9-wonderlust-fragrance-flaneur.webp","https://s.shopee.co.id/9zuw5pnpJJ","wonderlust-fragrance-philia | sonder-scents-255 | layr-get-naked | honino-romeo-roses | layr-kyoto-jazz","Wonderlust Fragrance FLANEUR membawa nuansa jalan pagi yang segar dengan sentuhan floral dan woody, pas untuk keseharian aktif di iklim tropis Indonesia.","https://cariparfum.com/parfum/wonderlust-fragrance-flaneur","","2026-10-06T13:25:56.847Z"
"Wonderlust Fragrance","GUNNEN","Extrait de Parfum","59000","IDR","InStock","Cedar | Agarwood | Cardamom | Incense","Orange Blossom | Pear | Grapefruit | Pineapple","Vanilla | Coffee | Benzoin | Saffron","Woody | Gourmand","Hangat | Misterius","Masculine","","Sore | Malam | ️ Dingin","https://mtdlhxbwblrxtzsdjlav.supabase.co/storage/v1/object/public/perfume-images/cb9f09e3-db22-414d-89bb-dfb1746a9c65/td8kf7u8np4-wonderlust-fragrance-gunnen.webp","https://s.shopee.co.id/AUrCgjNItE","mandalika-forbidden-temptation | de-antoine-opaque-ash | layr-kyoto-jazz | sonder-scents-255 | saka-perfumery-te-anue","Wonderlust Fragrance GUNNEN menggabungkan nuansa kayu, buah segar, dan hangat vanilla-kopi, ideal untuk malam santai atau momen spesial di udara sejuk.","https://cariparfum.com/parfum/wonderlust-fragrance-gunnen","","2026-10-06T13:26:31.437Z"
"Wonderlust Fragrance","PHILIA","Extrait de Parfum","59000","IDR","InStock","Bergamot | Grapefruit | Cardamom | Blackberry","Violet | Cedar | Magnolia | Freesia | Pink peony","Amber | Sandalwood | Vanilla | Musk","Floral | Amber","Nyaman | Hangat | Elegan","Masculine","","Sore | Malam | ️ Dingin | ️ Hujan","https://mtdlhxbwblrxtzsdjlav.supabase.co/storage/v1/object/public/perfume-images/dc705e41-b38b-4890-831a-f78a4e728648/td8kfbdkxrp-wonderlust-fragrance-philia.webp | https://mtdlhxbwblrxtzsdjlav.supabase.co/storage/v1/object/public/perfume-images/dc705e41-b38b-4890-831a-f78a4e728648/td8kfch3dqm-wonderlust-fragrance-philia.webp","https://s.shopee.co.id/5VSWjYMTmV","wonderlust-fragrance-flaneur | honino-romeo-roses | sonder-scents-255 | evesol-jinggala | world-of-make-scents-ermis-solid-perfume","Wonderlust Fragrance PHILIA adalah parfum floral fruity dengan sentuhan creamy vanilla dan sandalwood, cocok untuk sore hingga malam yang hangat dan intimate.","https://cariparfum.com/parfum/wonderlust-fragrance-philia","","2026-10-06T13:26:33.385Z"
"World of Make Scents","AMBERY","Special","66000","IDR","InStock","Bergamot | Mandarin | Pink Pepper | Blackcurrant","Turkish Rose | Jasmine | Geranium","Orris Wood | Velvet Musk | Woody Ambery Notes","Floral | Amber","Hangat | Nyaman | Elegan","Masculine","","Sore | Malam | ️ Dingin | ️ Hujan","https://mtdlhxbwblrxtzsdjlav.supabase.co/storage/v1/object/public/perfume-images/87656cb3-4c97-477a-b773-57485aa0e301/td12buw5q23-world-of-make-scents-ambery.webp | https://mtdlhxbwblrxtzsdjlav.supabase.co/storage/v1/object/public/perfume-images/87656cb3-4c97-477a-b773-57485aa0e301/td12byr2b38-world-of-make-scents-ambery.webp","https://s.shopee.co.id/30lBbgAWhe","evesol-jinggala | mykonos-xoxo-rosy | loco-scent-red-rhapsody | argve-ardour","World of Make Scents Ambery adalah parfum floral amber yang elegan, ideal untuk momen hangat di sore hingga malam, dengan nuansa modern dan cozy.","https://cariparfum.com/parfum/world-of-make-scents-ambery-solid-perfume","","2026-10-06T13:24:40.739Z"
"World of Make Scents","AMBERY","Special","66000","IDR","InStock","Bergamot | Mandarin | Pink Pepper | Blackcurrant","Turkish Rose | Jasmine | Geranium","Orris Wood | Velvet Musk | Woody Ambery Notes","Floral | Amber","Hangat | Nyaman | Elegan","Masculine","","Sore | Malam | ️ Dingin | ️ Hujan","https://mtdlhxbwblrxtzsdjlav.supabase.co/storage/v1/object/public/perfume-images/87656cb3-4c97-477a-b773-57485aa0e301/td12buw5q23-world-of-make-scents-ambery.webp | https://mtdlhxbwblrxtzsdjlav.supabase.co/storage/v1/object/public/perfume-images/87656cb3-4c97-477a-b773-57485aa0e301/td12byr2b38-world-of-make-scents-ambery.webp","https://s.shopee.co.id/30lBbgAWhe","world-of-make-scents-ambery | evesol-jinggala | mykonos-xoxo-rosy | loco-scent-red-rhapsody | argve-ardour","World of Make Scents Ambery adalah parfum floral amber yang elegan, ideal untuk momen hangat di sore hingga malam, dengan nuansa modern dan cozy.","https://cariparfum.com/parfum/world-of-make-scents-ambery-solid-perfume","","2026-10-06T13:25:00.718Z"
"World of Make Scents","BLISS","Special","66000","IDR","InStock","Pear | Grapefruit | Jungle Essence | Cardamom","Thyme | Orange Blossom | Lavender","Amber Wood | Patchouli | Vetiver | Cashmere Wood","Amber | Fruity","Menyegarkan | Hangat","Masculine","","Sore | Malam | ️ Panas | ️ Hujan | ️ Dingin","https://mtdlhxbwblrxtzsdjlav.supabase.co/storage/v1/object/public/perfume-images/b6a0827f-9180-4d18-968f-50a83bf78308/td12suvqwb3-world-of-make-scents-bliss.webp | https://mtdlhxbwblrxtzsdjlav.supabase.co/storage/v1/object/public/perfume-images/b6a0827f-9180-4d18-968f-50a83bf78308/td12svdh0np-world-of-make-scents-bliss.webp","https://s.shopee.co.id/50WFzRPi6A","honino-shower-song | wonderlust-fragrance-gunnen | mandalika-day | de-antoine-opaque-ash | layr-kyoto-jazz","World of Make Scents BLISS memadukan kesegaran pir dan grapefruit dengan sentuhan herbal dan woody yang hangat, menciptakan aroma unik untuk sore hingga malam.","https://cariparfum.com/parfum/world-of-make-scents-bliss-solid-perfume","","2026-10-06T13:24:43.541Z"
"World of Make Scents","Clozy Day","Special","85000","IDR","InStock","Floral Notes | Oceanic Notes | Aldehyde Notes","Fruity Notes | Rose | Geranium","Lactonic Notes | Balsamic Notes | Musky Notes","Floral | Akuatik","Nyaman | Bersih","Masculine","","Pagi | ️ Siang | Sore | ️ Panas | ️ Hujan","https://mtdlhxbwblrxtzsdjlav.supabase.co/storage/v1/object/public/perfume-images/f894baf6-89e9-4dca-a6b6-3ff1a724fd6d/td12sxp7eim-world-of-make-scents-clozy-day.webp | https://mtdlhxbwblrxtzsdjlav.supabase.co/storage/v1/object/public/perfume-images/f894baf6-89e9-4dca-a6b6-3ff1a724fd6d/td12syqal0a-world-of-make-scents-clozy-day.webp | https://mtdlhxbwblrxtzsdjlav.supabase.co/storage/v1/object/public/perfume-images/f894baf6-89e9-4dca-a6b6-3ff1a724fd6d/td12syxyl98-world-of-make-scents-clozy-day.webp","https://s.shopee.co.id/5ApgBUMsQD","honino-romeo-roses | loco-scent-red-rhapsody | mykonos-xoxo-rosy | mykonos-baby-love | mykonos-sparkling-rose","World of Make Scents Clozy Day menghadirkan aroma floral-oceanic yang clean dan airy, cocok untuk momen santai atau rutinitas harian di cuaca panas tropis.","https://cariparfum.com/parfum/world-of-make-scents-clozy-day-solid-perfume","","2026-10-06T13:26:12.157Z"
"World of Make Scents","Dance Flo","Special","85000","IDR","InStock","Aldehyde | Pear | Green Notes","Jasmine | Rose | Lily of the Valley","Ambery Notes | Ambroxan | Patchouli | Woody Sandalwood | Musk","Floral | Amber","Hangat | Elegan","Masculine","","Sore | Malam | ️ Panas | ️ Hujan","https://mtdlhxbwblrxtzsdjlav.supabase.co/storage/v1/object/public/perfume-images/a6d7743a-3d13-4a3a-963b-7fc3a8c42abc/td12cwvm4r7-world-of-make-scents-dance-flo.webp | https://mtdlhxbwblrxtzsdjlav.supabase.co/storage/v1/object/public/perfume-images/a6d7743a-3d13-4a3a-963b-7fc3a8c42abc/td12czgqabk-world-of-make-scents-dance-flo.webp | https://mtdlhxbwblrxtzsdjlav.supabase.co/storage/v1/object/public/perfume-images/a6d7743a-3d13-4a3a-963b-7fc3a8c42abc/td12cyapbia-world-of-make-scents-dance-flo.webp","https://s.shopee.co.id/4ftPaadQpk","honino-romeo-roses | alchemist-pink-laundry | compounded-by-alexa | loco-scent-red-rhapsody | yn-perfumery-on-cloud-nine","World of Make Scents Dance Flo menghadirkan aroma floral segar yang berpadu lembut dengan kayu dan amber, cocok untuk sore hingga malam yang penuh percaya diri.","https://cariparfum.com/parfum/world-of-make-scents-dance-flo-solid-perfume","","2026-10-06T13:25:46.287Z"
"World of Make Scents","ERMIS","Special","66000","IDR","InStock","Bergamot | Green Leaves | Violet | Basil | Lemon | Lime","Violet | Ozonic Notes | Rose | Lily of the Valley | Geranium","Amber | Sandalwood | Cedar | Guaiac Wood | Patchouli | Tonka Bean | Musk","Sitrus Segar | Woody","Menyegarkan | Bersih","Masculine","","Pagi | ️ Siang | Sore | ️ Panas | ️ Hujan","https://mtdlhxbwblrxtzsdjlav.supabase.co/storage/v1/object/public/perfume-images/184b12fd-17a2-468b-bcb4-b9738d53203d/td12c7lo7hc-world-of-make-scents-ermis.webp | https://mtdlhxbwblrxtzsdjlav.supabase.co/storage/v1/object/public/perfume-images/184b12fd-17a2-468b-bcb4-b9738d53203d/td12c8jryvx-world-of-make-scents-ermis.webp","https://s.shopee.co.id/8V689k7mTN","honino-romeo-roses | loco-scent-red-rhapsody | layr-get-naked | mykonos-sparkling-rose | argve-ardour","World of Make Scents ERMIS memadukan segarnya citrus dan hijau dengan dasar kayu hangat, menciptakan aroma versatile yang cocok dipakai harian di iklim tropis.","https://cariparfum.com/parfum/world-of-make-scents-ermis-solid-perfume","","2026-10-06T13:25:28.100Z"
"World of Make Scents","EUPHORIA","Special","64000","IDR","InStock","Citrus | Caramel","Vanilla | White Musk | Vetiver | Orchid","Jasmine | Woody Notes","Floral Lembut | Gourmand","Hangat | Sensual","Masculine","","Sore | Malam | ️ Dingin","https://mtdlhxbwblrxtzsdjlav.supabase.co/storage/v1/object/public/perfume-images/9f2d9260-cae8-42cf-9267-ea65f96274ea/td12d2emlrk-world-of-make-scents-euphoria.webp | https://mtdlhxbwblrxtzsdjlav.supabase.co/storage/v1/object/public/perfume-images/9f2d9260-cae8-42cf-9267-ea65f96274ea/td12d384avs-world-of-make-scents-euphoria.webp","https://s.shopee.co.id/7pqRMV1IxV","mykonos-caramel-fudge-cookie | mykonos-cafe-drops | mykonos-vanilla-clouds | honino-romeo-roses","World of Make Scents EUPHORIA: perpaduan citrus, caramel, vanilla, dan musk yang menciptakan aroma manis, hangat, dan memikat untuk segala suasana.","https://cariparfum.com/parfum/world-of-make-scents-euphoria-solid-perfume","","2026-10-06T13:24:40.711Z"
"World of Make Scents","EUPHORIA","Special","64000","IDR","InStock","Citrus | Caramel","Vanilla | White Musk | Vetiver | Orchid","Jasmine | Woody Notes","Floral Lembut | Gourmand","Hangat | Sensual","Masculine","","Sore | Malam | ️ Dingin","https://mtdlhxbwblrxtzsdjlav.supabase.co/storage/v1/object/public/perfume-images/9f2d9260-cae8-42cf-9267-ea65f96274ea/td12d2emlrk-world-of-make-scents-euphoria.webp | https://mtdlhxbwblrxtzsdjlav.supabase.co/storage/v1/object/public/perfume-images/9f2d9260-cae8-42cf-9267-ea65f96274ea/td12d384avs-world-of-make-scents-euphoria.webp","https://s.shopee.co.id/7pqRMV1IxV","world-of-make-scents-euphoria | mykonos-caramel-fudge-cookie | mykonos-cafe-drops | mykonos-vanilla-clouds | honino-romeo-roses","World of Make Scents EUPHORIA: perpaduan citrus, caramel, vanilla, dan musk yang menciptakan aroma manis, hangat, dan memikat untuk segala suasana.","https://cariparfum.com/parfum/world-of-make-scents-euphoria-solid-perfume","","2026-10-06T13:24:45.274Z"
"World of Make Scents","FANTASY","Special","69000","IDR","InStock","Lily | Jasmine | Tuberose","Green Leaves | Fruity Notes | Spicy Marine Notes","Amber | Sandalwood | Musk","Akuatik | Floral Lembut","Menyegarkan | Sensual","Masculine","","️ Siang | Sore | Malam | ️ Panas | ️ Hujan","https://mtdlhxbwblrxtzsdjlav.supabase.co/storage/v1/object/public/perfume-images/f131f62e-bca5-4134-a416-10fe6317b735/td12brgfjut-world-of-make-scents-fantasy.webp | https://mtdlhxbwblrxtzsdjlav.supabase.co/storage/v1/object/public/perfume-images/f131f62e-bca5-4134-a416-10fe6317b735/td12bsikgah-world-of-make-scents-fantasy.webp","https://s.shopee.co.id/30lBbaQ9Jp","honino-romeo-roses | project-1945-princess-of-java | layr-midnight-haze | avalanche-tidal-wave","Parfum FANTASY dari World of Make Scents: perpaduan lembut floral, hijau, dan laut dengan sentuhan amber hangat. Cocok untuk momen spesialmu.","https://cariparfum.com/parfum/world-of-make-scents-fantasy-solid-perfume","","2026-10-06T13:24:40.955Z"
"World of Make Scents","FANTASY","Special","69000","IDR","InStock","Lily | Jasmine | Tuberose","Green Leaves | Fruity Notes | Spicy Marine Notes","Amber | Sandalwood | Musk","Akuatik | Floral Lembut","Menyegarkan | Sensual","Masculine","","️ Siang | Sore | Malam | ️ Panas | ️ Hujan","https://mtdlhxbwblrxtzsdjlav.supabase.co/storage/v1/object/public/perfume-images/f131f62e-bca5-4134-a416-10fe6317b735/td12brgfjut-world-of-make-scents-fantasy.webp | https://mtdlhxbwblrxtzsdjlav.supabase.co/storage/v1/object/public/perfume-images/f131f62e-bca5-4134-a416-10fe6317b735/td12bsikgah-world-of-make-scents-fantasy.webp","https://s.shopee.co.id/30lBbaQ9Jp","world-of-make-scents-fantasy | honino-romeo-roses | project-1945-princess-of-java | layr-midnight-haze | avalanche-tidal-wave","Parfum FANTASY dari World of Make Scents: perpaduan lembut floral, hijau, dan laut dengan sentuhan amber hangat. Cocok untuk momen spesialmu.","https://cariparfum.com/parfum/world-of-make-scents-fantasy-solid-perfume","","2026-10-06T13:25:17.090Z"
"World of Make Scents","GLORY","Special","66000","IDR","InStock","Black Pepper | Pink Pepper | Crisp Lemon","Lavender Crop | Olibanum","Amber | Vanilla | Tonka Bean | Moss","Amber | Aromatik","Hangat | Nyaman | Misterius","Masculine","","Sore | Malam | ️ Dingin | ️ Hujan","https://mtdlhxbwblrxtzsdjlav.supabase.co/storage/v1/object/public/perfume-images/a7842528-cb58-4235-83b8-78467b9d8f79/td12d0lwo23-world-of-make-scents-glory.webp | https://mtdlhxbwblrxtzsdjlav.supabase.co/storage/v1/object/public/perfume-images/a7842528-cb58-4235-83b8-78467b9d8f79/td12d1dq4kq-world-of-make-scents-glory.webp","https://s.shopee.co.id/17a2BBmVk","honino-romeo-roses | ouru-warm-whiskey | compounded-by-london | ouru-vanilla-velvet-2-0","World of Make Scents GLORY menawarkan aroma lavender spicy dan amber vanilla yang hangat, menciptakan nuansa cozy untuk malam sejuk dan momen intim.","https://cariparfum.com/parfum/world-of-make-scents-glory-solid-perfume","","2026-10-06T13:24:40.759Z"
"World of Make Scents","GLORY","Special","66000","IDR","InStock","Black Pepper | Pink Pepper | Crisp Lemon","Lavender Crop | Olibanum","Amber | Vanilla | Tonka Bean | Moss","Amber | Aromatik","Hangat | Nyaman | Misterius","Masculine","","Sore | Malam | ️ Dingin | ️ Hujan","https://mtdlhxbwblrxtzsdjlav.supabase.co/storage/v1/object/public/perfume-images/a7842528-cb58-4235-83b8-78467b9d8f79/td12d0lwo23-world-of-make-scents-glory.webp | https://mtdlhxbwblrxtzsdjlav.supabase.co/storage/v1/object/public/perfume-images/a7842528-cb58-4235-83b8-78467b9d8f79/td12d1dq4kq-world-of-make-scents-glory.webp","https://s.shopee.co.id/17a2BBmVk","world-of-make-scents-glory | honino-romeo-roses | ouru-warm-whiskey | compounded-by-london | ouru-vanilla-velvet-2-0","World of Make Scents GLORY menawarkan aroma lavender spicy dan amber vanilla yang hangat, menciptakan nuansa cozy untuk malam sejuk dan momen intim.","https://cariparfum.com/parfum/world-of-make-scents-glory-solid-perfume","","2026-10-06T13:25:55.994Z"
"World of Make Scents","Kiko Crumbs","Special","85000","IDR","InStock","Bergamot | Chocolate | Vanilla","Peach | Strawberry | Caramel","Sandalwood | Ambergris | Vanilla | Oud | Tonka Bean | Musk","Gourmand | Fruity","Hangat | Playful","Masculine","","Malam | ️ Dingin","https://mtdlhxbwblrxtzsdjlav.supabase.co/storage/v1/object/public/perfume-images/9f628ead-f252-467f-9945-94d10c70b2ab/td12t5o7vj3-world-of-make-scents-kiko-crumbs.webp | https://mtdlhxbwblrxtzsdjlav.supabase.co/storage/v1/object/public/perfume-images/9f628ead-f252-467f-9945-94d10c70b2ab/td12t7d5fcq-world-of-make-scents-kiko-crumbs.webp | https://mtdlhxbwblrxtzsdjlav.supabase.co/storage/v1/object/public/perfume-images/9f628ead-f252-467f-9945-94d10c70b2ab/td12t6x0wo1-world-of-make-scents-kiko-crumbs.webp","https://s.shopee.co.id/4Ax8zdNEp0","die-without-smell-you-name-it | loco-scent-red-rhapsody | altar-scents-paradiso | scuse-me-bella-donna | world-of-make-scents-sugary-solid-perfume","World of Make Scents Kiko Crumbs menghadirkan aroma gourmand manis dan hangat dengan sentuhan fruity yang playful, cocok dinikmati saat malam santai.","https://cariparfum.com/parfum/world-of-make-scents-kiko-crumbs-solid-perfume","","2026-10-06T13:25:57.373Z"
"World of Make Scents","NOSTALGIC","Special","64000","IDR","InStock","Mandarin Orange | Orange Blossom","Turkish Rose | Jasmine | Ylang-Ylang","Vanilla | Patchouli | White Musk | Tonka Bean","Floral | Amber","Nyaman | Hangat","Masculine","","Sore | Malam | ️ Dingin | ️ Hujan","https://mtdlhxbwblrxtzsdjlav.supabase.co/storage/v1/object/public/perfume-images/53fa8b06-1d65-4f09-bd64-4705edaa320a/td12c3wsiwk-world-of-make-scents-nostalgic.webp | https://mtdlhxbwblrxtzsdjlav.supabase.co/storage/v1/object/public/perfume-images/53fa8b06-1d65-4f09-bd64-4705edaa320a/td12c439nsg-world-of-make-scents-nostalgic.webp","https://s.shopee.co.id/8piyYKAkyG","honino-romeo-roses | mykonos-moroccan-vanilla | loco-scent-red-rhapsody | mykonos-verve","World of Make Scents Nostalgic membawa nuansa floral-amber hangat dengan sentuhan vanilla, cocok untuk suasana intim di malam sejuk atau hujan.","https://cariparfum.com/parfum/world-of-make-scents-nostalgic-solid-perfume","","2026-10-06T13:24:40.618Z"
"World of Make Scents","NOSTALGIC","Special","64000","IDR","InStock","Mandarin Orange | Orange Blossom","Turkish Rose | Jasmine | Ylang-Ylang","Vanilla | Patchouli | White Musk | Tonka Bean","Floral | Amber","Nyaman | Hangat","Masculine","","Sore | Malam | ️ Dingin | ️ Hujan","https://mtdlhxbwblrxtzsdjlav.supabase.co/storage/v1/object/public/perfume-images/53fa8b06-1d65-4f09-bd64-4705edaa320a/td12c3wsiwk-world-of-make-scents-nostalgic.webp | https://mtdlhxbwblrxtzsdjlav.supabase.co/storage/v1/object/public/perfume-images/53fa8b06-1d65-4f09-bd64-4705edaa320a/td12c439nsg-world-of-make-scents-nostalgic.webp","https://s.shopee.co.id/8piyYKAkyG","world-of-make-scents-nostalgic | honino-romeo-roses | mykonos-moroccan-vanilla | loco-scent-red-rhapsody | mykonos-verve","World of Make Scents Nostalgic membawa nuansa floral-amber hangat dengan sentuhan vanilla, cocok untuk suasana intim di malam sejuk atau hujan.","https://cariparfum.com/parfum/world-of-make-scents-nostalgic-solid-perfume","","2026-10-06T13:26:37.212Z"
"World of Make Scents","Splash Of Lio","Special","85000","IDR","InStock","Bergamot | Grapefruit | Lemon","Old Tom Gin Accord","Ambroxan | Musk","Sitrus Segar | Aromatik","Bersih | Energik","Masculine","","Pagi | ️ Siang | Sore | ️ Panas | ️ Hujan","https://mtdlhxbwblrxtzsdjlav.supabase.co/storage/v1/object/public/perfume-images/a3b87eb5-fcea-4e75-9ad9-da3ea3607cb8/td12szphnzo-world-of-make-scents-splash-of-lio.webp | https://mtdlhxbwblrxtzsdjlav.supabase.co/storage/v1/object/public/perfume-images/a3b87eb5-fcea-4e75-9ad9-da3ea3607cb8/td12t4offha-world-of-make-scents-splash-of-lio.webp | https://mtdlhxbwblrxtzsdjlav.supabase.co/storage/v1/object/public/perfume-images/a3b87eb5-fcea-4e75-9ad9-da3ea3607cb8/td12t1cg89p-world-of-make-scents-splash-of-lio.webp","https://s.shopee.co.id/1BJXQCAZVA","speaks-to-me-girl-friends-forever | honino-shower-song | zataru-aquamarine | honor-perfume-royce | elvicto-old-money","World of Make Scents Splash Of Lio menghadirkan sensasi citrus segar dengan twist gin yang unik dan base musky clean, pas untuk hari-hari aktif di iklim tropis.","https://cariparfum.com/parfum/world-of-make-scents-splash-of-lio-solid-perfume","","2026-10-06T13:25:42.137Z"
"World of Make Scents","SUGARY","Special","66000","IDR","InStock","Bergamot | Caramel | Anise","Lactonic Notes | Jasmine | Patchouli","Vanilla | Tonka Bean | Musk","Gourmand | Amber","Nyaman | Hangat","Masculine","","Malam | ️ Dingin","https://mtdlhxbwblrxtzsdjlav.supabase.co/storage/v1/object/public/perfume-images/6d22382e-b08c-4248-918e-e5c7675a2de4/td12bzkia3i-world-of-make-scents-sugary.webp | https://mtdlhxbwblrxtzsdjlav.supabase.co/storage/v1/object/public/perfume-images/6d22382e-b08c-4248-918e-e5c7675a2de4/td12c1eyv0e-world-of-make-scents-sugary.webp","https://s.shopee.co.id/gNGpMNeeQ","honino-romeo-roses | world-of-make-scents-kiko-crumbs-solid-perfume | sonder-scents-255 | mykonos-cafe-drops | speaks-to-me-at-the-speakeasy","World of Make Scents SUGARY membawa suasana malam yang cozy dengan sentuhan caramel, vanilla, dan musk, pas buat kamu pecinta parfum gourmand hangat.","https://cariparfum.com/parfum/world-of-make-scents-sugary-solid-perfume","","2026-10-06T13:26:37.272Z"
"World of Make Scents","SUMMERITY","Special","66000","IDR","InStock","Peach | Guava | Watermelon | Apple","Ozonic Notes | Jasmine | Pineapple | Coconut Milk","Sandalwood | Cedar | Musky Notes","Akuatik | Fruity","Menyegarkan | Playful","Masculine","","️ Siang | Sore | ️ Panas | ️ Hujan","https://mtdlhxbwblrxtzsdjlav.supabase.co/storage/v1/object/public/perfume-images/590bddb6-7dda-4979-bb9e-9a7474500e73/td12ct0mmc9-world-of-make-scents-summerity.webp | https://mtdlhxbwblrxtzsdjlav.supabase.co/storage/v1/object/public/perfume-images/590bddb6-7dda-4979-bb9e-9a7474500e73/td12cuzo3oi-world-of-make-scents-summerity.webp","https://s.shopee.co.id/9KfF9Ie1MI","honor-perfume-royce | evesol-jinggala | citizens-of-the-world-malaga | mykonos-pink-beach","World of Make Scents SUMMERITY menyatukan aroma buah tropis segar, nuansa ozonik, dan kayu lembut, ideal untuk hari panas, hangout, dan suasana santai.","https://cariparfum.com/parfum/world-of-make-scents-summerity-solid-perfume","","2026-10-06T13:24:40.830Z"
"World of Make Scents","SUMMERITY","Special","66000","IDR","InStock","Peach | Guava | Watermelon | Apple","Ozonic Notes | Jasmine | Pineapple | Coconut Milk","Sandalwood | Cedar | Musky Notes","Akuatik | Fruity","Menyegarkan | Playful","Masculine","","️ Siang | Sore | ️ Panas | ️ Hujan","https://mtdlhxbwblrxtzsdjlav.supabase.co/storage/v1/object/public/perfume-images/590bddb6-7dda-4979-bb9e-9a7474500e73/td12ct0mmc9-world-of-make-scents-summerity.webp | https://mtdlhxbwblrxtzsdjlav.supabase.co/storage/v1/object/public/perfume-images/590bddb6-7dda-4979-bb9e-9a7474500e73/td12cuzo3oi-world-of-make-scents-summerity.webp","https://s.shopee.co.id/9KfF9Ie1MI","world-of-make-scents-summerity | honor-perfume-royce | evesol-jinggala | citizens-of-the-world-malaga | mykonos-pink-beach","World of Make Scents SUMMERITY menyatukan aroma buah tropis segar, nuansa ozonik, dan kayu lembut, ideal untuk hari panas, hangout, dan suasana santai.","https://cariparfum.com/parfum/world-of-make-scents-summerity-solid-perfume","","2026-10-06T13:25:24.805Z"
"YN Perfumery","BACKSTAGE 1952","Eau de Parfum","","","InStock","Pink Peppercorn | Almond Vanilla | Sandalwood Papua","Neroli Bloom | Blushed Rose | Muguet","Creamy Leather | Tonka Bean | Amber Glow Accord","Woody | Amber","Hangat | Elegan","Masculine","","Sore | Malam | ️ Dingin","https://mtdlhxbwblrxtzsdjlav.supabase.co/storage/v1/object/public/perfume-images/e0a9a07e-3ce0-4e4f-b69f-b12a3973b12a/td6pp9psgt2-yn-perfumery-backstage-1952.webp","/brand/yn-perfumery","astree-diaries-of-a-farmhouse | saff-co-iliad","YN Perfumery BACKSTAGE 1952 menghadirkan aroma woody creamy dengan sentuhan rose dan leather yang elegan, cocok untuk malam hangat penuh kesan berkelas.","https://cariparfum.com/parfum/yn-perfumery-backstage-1952","","2026-10-06T13:25:35.986Z"
"YN Perfumery","CHAPTERS OF ROMANCE","Eau de Parfum","249000","IDR","InStock","Bergamot | Blackcurrant | Coconut","Jasmine | Rose | Iris | Ylang-Ylang","Cedarwood | Solar | Musk","Floral | Fruity","Playful | Elegan","Masculine","","Sore | Malam | ️ Panas | ️ Hujan","https://mtdlhxbwblrxtzsdjlav.supabase.co/storage/v1/object/public/perfume-images/73768d71-f24d-4533-ab20-06be4fd35e63/t8asthegu8j-yn-perfumery-chapters-of-romance.webp | https://mtdlhxbwblrxtzsdjlav.supabase.co/storage/v1/object/public/perfume-images/73768d71-f24d-4533-ab20-06be4fd35e63/t8asth71k7y-yn-perfumery-chapters-of-romance.webp | https://mtdlhxbwblrxtzsdjlav.supabase.co/storage/v1/object/public/perfume-images/73768d71-f24d-4533-ab20-06be4fd35e63/t8asti4eq22-yn-perfumery-chapters-of-romance.webp","https://s.shopee.co.id/2LS9PnpDI1","honino-romeo-roses | loco-scent-red-rhapsody | project-1945-bamboe-roencing | aoera-sweet-coconut | yn-perfumery-rose-in-september","YN Perfumery CHAPTERS OF ROMANCE memadukan coconut, blackcurrant, dan floral lembut, menghadirkan aroma santai nan elegan untuk sore hingga malam di iklim.","https://cariparfum.com/parfum/yn-perfumery-chapters-of-romance","","2026-10-06T13:24:54.198Z"
"YN Perfumery","FLOATING IN THE ARCTIC","Eau de Parfum","279000","IDR","InStock","Elemi | Lemon | Blackcurrant","Jasmine | Rose | Vetiver","Cedarwood | Patchouli | Musk","Woody | Sitrus Segar","Menyegarkan | Bersih","Masculine","","Pagi | ️ Siang | Sore | ️ Panas | ️ Hujan","https://mtdlhxbwblrxtzsdjlav.supabase.co/storage/v1/object/public/perfume-images/7f99c3ae-fc92-4a3a-bc13-3fafcecff21c/t8astkvz6vh-yn-perfumery-floating-in-the-arctic.webp | https://mtdlhxbwblrxtzsdjlav.supabase.co/storage/v1/object/public/perfume-images/7f99c3ae-fc92-4a3a-bc13-3fafcecff21c/t8astlog6xg-yn-perfumery-floating-in-the-arctic.webp | https://mtdlhxbwblrxtzsdjlav.supabase.co/storage/v1/object/public/perfume-images/7f99c3ae-fc92-4a3a-bc13-3fafcecff21c/t8astm1d9hn-yn-perfumery-floating-in-the-arctic.webp","https://s.shopee.co.id/gJvQUFDj7","honino-romeo-roses | de-antoine-boise | honino-shower-song | honor-perfume-royce | loco-scent-red-rhapsody","YN Perfumery Floating in the Arctic adalah parfum EdP dengan aura citrus-floral segar di pembuka dan kesan woody clean di akhir, pas untuk cuaca panas.","https://cariparfum.com/parfum/yn-perfumery-floating-in-the-arctic","","2026-10-06T13:24:47.235Z"
"YN Perfumery","GARDEN OF SPRING","Eau de Parfum","229000","IDR","InStock","Strawberry | Apple | Freesia","Jasmine | Peony | Rose","Vanilla | White Musk | Sugar","Floral | Fruity","Menyegarkan | Playful","Masculine","","Pagi | ️ Siang | Sore | ️ Panas | ️ Hujan","https://mtdlhxbwblrxtzsdjlav.supabase.co/storage/v1/object/public/perfume-images/104a3f05-75f8-41cf-bb16-721a3a0077f1/t8atbzcf58y-yn-perfumery-garden-of-spring.webp | https://mtdlhxbwblrxtzsdjlav.supabase.co/storage/v1/object/public/perfume-images/104a3f05-75f8-41cf-bb16-721a3a0077f1/t8atc0wponq-yn-perfumery-garden-of-spring.webp | https://mtdlhxbwblrxtzsdjlav.supabase.co/storage/v1/object/public/perfume-images/104a3f05-75f8-41cf-bb16-721a3a0077f1/t8atc1ucc8l-yn-perfumery-garden-of-spring.webp","https://s.shopee.co.id/7KqpMwlHEw","mykonos-moroccan-vanilla | honino-romeo-roses | loco-scent-red-rhapsody | scuse-me-to-be-a-wallflower | de-antoine-l-amour-toujours","YN Perfumery Garden of Spring membawa sensasi kebun bunga di pagi hari, dengan aroma buah segar, bunga lembut, dan manis musk-vanila yang menenangkan.","https://cariparfum.com/parfum/yn-perfumery-garden-of-spring","","2026-10-06T13:25:08.785Z"
"YN Perfumery","LOST IN SAHARA","Eau de Parfum","279000","IDR","InStock","Bergamot | Lavandin | Date | Cinnamon","Smoked Wood | Pink Pepper | Nutmeg | Incense","Cedarwood | Sandalwood | Dry Wood | Vanilla Wood","Woody | Kering & Smoky","Hangat | Misterius","Masculine","","Sore | Malam | ️ Dingin","https://mtdlhxbwblrxtzsdjlav.supabase.co/storage/v1/object/public/perfume-images/21e0ce50-ccdb-4198-affc-1401db66be3d/t8asto2qtsl-yn-perfumery-lost-in-sahara.webp | https://mtdlhxbwblrxtzsdjlav.supabase.co/storage/v1/object/public/perfume-images/21e0ce50-ccdb-4198-affc-1401db66be3d/t8astpw9m25-yn-perfumery-lost-in-sahara.webp | https://mtdlhxbwblrxtzsdjlav.supabase.co/storage/v1/object/public/perfume-images/21e0ce50-ccdb-4198-affc-1401db66be3d/t8astq4ru3y-yn-perfumery-lost-in-sahara.webp","https://s.shopee.co.id/AAB0k2Lifl","honor-perfume-denali | loco-scent-into-the-waves | mykonos-down-to-earth | sonder-scents-255 | evesol-jinggala","YN Perfumery LOST IN SAHARA menawarkan aroma woody spicy yang hangat dan misterius, kombinasi kayu kering, rempah, dan manis kurma yang pas untuk malam tenang.","https://cariparfum.com/parfum/yn-perfumery-lost-in-sahara","","2026-10-06T13:26:20.529Z"
"YN Perfumery","MASCULINE VINTAGE TOBACCO","Eau de Parfum","229000","IDR","InStock","Bergamot | Mandarin | Lemon | Cardamom","Grapefruit | Soft Wood | Mint","Tonka Bean | Dry Amber | Musk","Amber | Kering & Smoky","Hangat | Misterius","Masculine","","Sore | Malam | ️ Dingin","https://mtdlhxbwblrxtzsdjlav.supabase.co/storage/v1/object/public/perfume-images/630c0692-59cd-4c4c-a04f-a83a645aeee7/t8ast8noygg-yn-perfumery-masculine-vintage-tobacco.webp | https://mtdlhxbwblrxtzsdjlav.supabase.co/storage/v1/object/public/perfume-images/630c0692-59cd-4c4c-a04f-a83a645aeee7/t8ast9v6upz-yn-perfumery-masculine-vintage-tobacco.webp | https://mtdlhxbwblrxtzsdjlav.supabase.co/storage/v1/object/public/perfume-images/630c0692-59cd-4c4c-a04f-a83a645aeee7/t8asta34bqv-yn-perfumery-masculine-vintage-tobacco.webp","https://s.shopee.co.id/10wlpNKYgS","honino-romeo-roses | sonder-scents-255 | wonderlust-fragrance-philia | wonderlust-fragrance-flaneur | botanical-essentials-solace","YN Perfumery Masculine Vintage Tobacco menghadirkan aroma segar lalu hangat, memadukan citrus, mint, dan sentuhan amber, pas untuk malam santai penuh karakter.","https://cariparfum.com/parfum/yn-perfumery-masculine-vintage-tobacco","","2026-10-06T13:25:30.447Z"
"YN Perfumery","Mr. Grey","Eau de Parfum","229000","IDR","InStock","Pepper | Calabrian Bergamot","Pink Pepper | Lavender | Patchouli | Sichuan Pepper","Cedarwood","Woody | Aromatik","Bersih | Tegas","Masculine","","Sore | Malam | ️ Panas | ️ Dingin","https://mtdlhxbwblrxtzsdjlav.supabase.co/storage/v1/object/public/perfume-images/86fd066b-b38a-4df6-88c0-a95fd9bae50c/t8askzrdnzs-yn-perfumery-mr-grey.webp | https://mtdlhxbwblrxtzsdjlav.supabase.co/storage/v1/object/public/perfume-images/86fd066b-b38a-4df6-88c0-a95fd9bae50c/t8asl07qdo7-yn-perfumery-mr-grey.webp | https://mtdlhxbwblrxtzsdjlav.supabase.co/storage/v1/object/public/perfume-images/86fd066b-b38a-4df6-88c0-a95fd9bae50c/t8asl2kwj1o-yn-perfumery-mr-grey.webp","https://s.shopee.co.id/8APwMLPGjI","royal-fragrance-work | argve-ardour | botanical-essentials-after-hours | periodic-03-daylight | house-of-medici-baldassare-sprezzatura","YN Perfumery Mr. Grey adalah parfum EdP maskulin dengan nuansa woody aromatic, sentuhan bergamot segar, dan dry down cedar yang clean dan percaya diri.","https://cariparfum.com/parfum/yn-perfumery-mr-grey","","2026-10-06T13:24:41.969Z"
"YN Perfumery","On Cloud Nine","Eau de Parfum","249000","IDR","InStock","Pear | Lemon | Rose | Blackcurrant | Freesia","Jasmine Sambac Absolute | Sandalwood | Jasmine | Floral Accord | Anise","Dry Wood | Vanilla | Patchouli | Lily of the Valley | Musk","Floral | Fruity","Menyegarkan | Ringan | Nyaman","Masculine","","Pagi | ️ Siang | Sore | ️ Panas | ️ Hujan","https://mtdlhxbwblrxtzsdjlav.supabase.co/storage/v1/object/public/perfume-images/cb92cab3-0723-4639-96af-760a9aa654bf/t8aslhd4dsa-yn-perfumery-on-cloud-nine.webp | https://mtdlhxbwblrxtzsdjlav.supabase.co/storage/v1/object/public/perfume-images/cb92cab3-0723-4639-96af-760a9aa654bf/t8asliss82v-yn-perfumery-on-cloud-nine.webp | https://mtdlhxbwblrxtzsdjlav.supabase.co/storage/v1/object/public/perfume-images/cb92cab3-0723-4639-96af-760a9aa654bf/t8aslj0hwe2-yn-perfumery-on-cloud-nine.webp","https://s.shopee.co.id/9pYALIuOqW","honino-romeo-roses | loco-scent-red-rhapsody | mykonos-moroccan-vanilla | citizens-of-the-world-malaga | unspoken-timber","YN Perfumery On Cloud Nine adalah parfum floral fruity dengan sentuhan creamy vanilla dan sandalwood, cocok untuk hari-hari cerah dan suasana santai.","https://cariparfum.com/parfum/yn-perfumery-on-cloud-nine","","2026-10-06T13:26:11.617Z"
"YN Perfumery","ROSE IN SEPTEMBER","Eau de Parfum","229000","IDR","InStock","Peach | Green Note | Blackcurrant","Turkish Rose | May Rose | Rose | Iris","Cedarwood | Pepper | White Musk | Violet Leaf | Orris Root","Floral | Fruity","Nyaman | Elegan","Masculine","","Sore | Malam | ️ Panas | ️ Hujan","https://mtdlhxbwblrxtzsdjlav.supabase.co/storage/v1/object/public/perfume-images/d1c3207f-e40c-4100-9c34-21be6502c236/t8aslc6n5rk-yn-perfumery-rose-in-september.webp | https://mtdlhxbwblrxtzsdjlav.supabase.co/storage/v1/object/public/perfume-images/d1c3207f-e40c-4100-9c34-21be6502c236/t8asldmwno0-yn-perfumery-rose-in-september.webp | https://mtdlhxbwblrxtzsdjlav.supabase.co/storage/v1/object/public/perfume-images/d1c3207f-e40c-4100-9c34-21be6502c236/t8aslellfke-yn-perfumery-rose-in-september.webp","https://s.shopee.co.id/7AXPAS3Tdn","loco-scent-red-rhapsody | mykonos-xoxo-rosy | honino-romeo-roses | honino-shower-song | byfrags-pleasure-of-jo","YN Perfumery ROSE IN SEPTEMBER menghadirkan nuansa mawar segar, peach manis, dan iris powdery yang lembut, sempurna untuk momen santai sore hingga malam.","https://cariparfum.com/parfum/yn-perfumery-rose-in-september","","2026-10-06T13:26:07.514Z"
"YN Perfumery","SUNSET HOUR","Eau de Parfum","229000","IDR","InStock","Bergamot | Orange | Sugar","Vanilla | Licorice | Violet Blossom","Sandalwood | Star Anise | Musk","Woody | Gourmand","Hangat | Nyaman","Masculine","","Sore | Malam | ️ Dingin | ️ Hujan","https://mtdlhxbwblrxtzsdjlav.supabase.co/storage/v1/object/public/perfume-images/0b44dd5b-75ea-4a7c-a4b9-28f449752222/t8astdegeqf-yn-perfumery-sunset-hour.webp | https://mtdlhxbwblrxtzsdjlav.supabase.co/storage/v1/object/public/perfume-images/0b44dd5b-75ea-4a7c-a4b9-28f449752222/t8astdiipnq-yn-perfumery-sunset-hour.webp | https://mtdlhxbwblrxtzsdjlav.supabase.co/storage/v1/object/public/perfume-images/0b44dd5b-75ea-4a7c-a4b9-28f449752222/t8astey3k7z-yn-perfumery-sunset-hour.webp","https://s.shopee.co.id/9KbtkeGEoy","world-of-make-scents-kiko-crumbs-solid-perfume | honino-romeo-roses | mykonos-moroccan-vanilla | house-of-dappers-nomadland | reboura-flora-notes","YN Perfumery SUNSET HOUR menghadirkan aroma manis vanilla dan sandalwood yang cozy, sempurna untuk suasana santai di sore hingga malam hari.","https://cariparfum.com/parfum/yn-perfumery-sunset-hour","","2026-10-06T13:24:50.756Z"
"YN Perfumery","THE DUCHESS","Eau de Parfum","229000","IDR","InStock","Jasmine","Tuberose","Rangoon Creeper","Floral","Sensual | Elegan","Masculine","","Sore | Malam | ️ Hujan | ️ Dingin","https://mtdlhxbwblrxtzsdjlav.supabase.co/storage/v1/object/public/perfume-images/50267c98-7b1c-4f42-b7f5-99b20544c049/t8ashx37pmc-yn-perfumery-the-duchess.webp | https://mtdlhxbwblrxtzsdjlav.supabase.co/storage/v1/object/public/perfume-images/50267c98-7b1c-4f42-b7f5-99b20544c049/t8ashyxzedw-yn-perfumery-the-duchess.webp | https://mtdlhxbwblrxtzsdjlav.supabase.co/storage/v1/object/public/perfume-images/50267c98-7b1c-4f42-b7f5-99b20544c049/t8ashznui0f-yn-perfumery-the-duchess.webp","https://s.shopee.co.id/6AeryY4udG","royal-fragrance-blossom-in-kyoto | laboratori-semplice-tuberose | laboratori-semplice-jasmine | unspoken-keeley | reboura-flora-notes","YN Perfumery THE DUCHESS adalah parfum floral modern dengan jasmine dan tuberose yang sensual, cocok untuk suasana sore hingga malam hari.","https://cariparfum.com/parfum/yn-perfumery-the-duchess","","2026-10-06T13:24:49.503Z"
"YN Perfumery","THE MORNING AFTER","Eau de Parfum","229000","IDR","InStock","Bergamot | Lily of the Valley | Ylang-Ylang","Orange Blossom | Jasmine | Lys Flower","Cedarwood | Vanilla | White Floral Accord","Floral | Gourmand","Ringan | Bersih","Masculine","","Pagi | ️ Siang | Sore | ️ Panas | ️ Hujan","https://mtdlhxbwblrxtzsdjlav.supabase.co/storage/v1/object/public/perfume-images/e4b149a6-9d47-4c29-8e7a-7a2f1880bcba/t8asl8vouhb-yn-perfumery-the-morning-after.webp | https://mtdlhxbwblrxtzsdjlav.supabase.co/storage/v1/object/public/perfume-images/e4b149a6-9d47-4c29-8e7a-7a2f1880bcba/t8asl9sns68-yn-perfumery-the-morning-after.webp | https://mtdlhxbwblrxtzsdjlav.supabase.co/storage/v1/object/public/perfume-images/e4b149a6-9d47-4c29-8e7a-7a2f1880bcba/t8aslau3lmi-yn-perfumery-the-morning-after.webp","https://s.shopee.co.id/qdLciYH16","evesol-jinggala | reboura-flora-notes | scent-of-jarte-by-the-garden | mandalika-gorgeous-tuberose | layr-kyoto-jazz","YN Perfumery THE MORNING AFTER menawarkan aroma floral segar dan lembut dengan sentuhan vanilla, cocok untuk memulai hari dengan suasana hati cerah dan ringan.","https://cariparfum.com/parfum/yn-perfumery-the-morning-after","","2026-10-06T13:25:19.987Z"
"YN Perfumery","Unanimous No 12","Eau de Parfum","249000","IDR","InStock","Morning Green | Sparkling Lemon | Lily of the Valley","Aquatic Breeze | Tulip Bloom | Freesia","Skin Musk | White Blossom | Pale Wood","Floral | Akuatik","Menyegarkan | Ringan | Bersih","Masculine","","Pagi | ️ Siang | Sore | ️ Panas | ️ Hujan","https://mtdlhxbwblrxtzsdjlav.supabase.co/storage/v1/object/public/perfume-images/e6f337e6-9dca-4ae8-a892-ec43008a5685/t8asl59ad9i-yn-perfumery-unanimous-no-12.webp | https://mtdlhxbwblrxtzsdjlav.supabase.co/storage/v1/object/public/perfume-images/e6f337e6-9dca-4ae8-a892-ec43008a5685/t8asl52ecpn-yn-perfumery-unanimous-no-12.webp | https://mtdlhxbwblrxtzsdjlav.supabase.co/storage/v1/object/public/perfume-images/e6f337e6-9dca-4ae8-a892-ec43008a5685/t8asl68hkrr-yn-perfumery-unanimous-no-12.webp","https://s.shopee.co.id/1qVsok8E5o","scuse-me-tulips-better-than-one | scent-of-jarte-flower-district | scent-of-jarte-tulip-valley | de-antoine-petal-blanc | honino-romeo-roses","YN Perfumery Unanimous No 12 menawarkan sensasi segar dan airy dengan sentuhan floral lembut, cocok dipakai harian di cuaca tropis Indonesia.","https://cariparfum.com/parfum/yn-perfumery-unanimous-no-12","","2026-10-06T13:25:22.923Z"
"Zataru","Amethyst","Extrait de Parfum","283000","IDR","InStock","Rose","Coffee","Amber | Vanilla | Musk","Amber | Gourmand","Nyaman | Hangat","Masculine","","Sore | Malam | ️ Dingin | ️ Hujan","https://mtdlhxbwblrxtzsdjlav.supabase.co/storage/v1/object/public/perfume-images/f8daea86-be6c-4cde-ba7d-fa3714efd3ce/t9iva5xc3ps-zataru-amethyst.webp | https://mtdlhxbwblrxtzsdjlav.supabase.co/storage/v1/object/public/perfume-images/f8daea86-be6c-4cde-ba7d-fa3714efd3ce/t9iva69882o-zataru-amethyst.webp | https://mtdlhxbwblrxtzsdjlav.supabase.co/storage/v1/object/public/perfume-images/f8daea86-be6c-4cde-ba7d-fa3714efd3ce/t9iva5w0hxd-zataru-amethyst.webp","https://s.shopee.co.id/LhJ9ehnSk","honino-romeo-roses | loco-scent-red-rhapsody | ouru-warm-whiskey | mykonos-xoxo-rosy | mykonos-moroccan-vanilla","Zataru Amethyst menghadirkan sensasi kopi hangat, mawar lembut, dan vanilla amber yang cozy untuk momen malam santai dan penuh kehangatan.","https://cariparfum.com/parfum/zataru-amethyst","","2026-10-06T13:26:34.984Z"
"Zataru","Aquamarine","Extrait de Parfum","298000","IDR","InStock","Bergamot | Mandarin | Lemon","Peony | Lily of the Valley | Cotton","Sandalwood | Ambroxan | Musk","Sitrus Segar | Floral","Menyegarkan | Bersih | Ringan","Masculine","","Pagi | ️ Siang | Sore | ️ Panas | ️ Hujan","https://mtdlhxbwblrxtzsdjlav.supabase.co/storage/v1/object/public/perfume-images/e10ac01f-803f-4d64-9790-4e6e02bd6688/t9iv9xhm9vg-zataru-aquamarine.webp | https://mtdlhxbwblrxtzsdjlav.supabase.co/storage/v1/object/public/perfume-images/e10ac01f-803f-4d64-9790-4e6e02bd6688/t9iv9yfmc7w-zataru-aquamarine.webp | https://mtdlhxbwblrxtzsdjlav.supabase.co/storage/v1/object/public/perfume-images/e10ac01f-803f-4d64-9790-4e6e02bd6688/t9iv9zuh8s3-zataru-aquamarine.webp","https://s.shopee.co.id/AABErfXtY2","voie-mistinguett | evesol-jinggala | scuse-me-tulips-better-than-one | world-of-make-scents-ermis-solid-perfume | speaks-to-me-sneaky-sugar-rush","Zataru Aquamarine adalah parfum yang menyegarkan dengan sentuhan citrus, floral, dan musk, cocok untuk suasana tropis dan aktivitas harian yang dinamis.","https://cariparfum.com/parfum/zataru-aquamarine","","2026-10-06T13:26:00.591Z"
"Zataru","Black Onyx","Extrait de Parfum","298000","IDR","InStock","Bergamot | Green Apple | Grapefruit","Galbanum | Elemi | Thuya Wood","Patchouly | Benzoin | Dry Amber","Hijau Segar | Amber","Misterius | Hangat | Earthy","Masculine","","Sore | Malam | ️ Dingin | ️ Hujan","https://mtdlhxbwblrxtzsdjlav.supabase.co/storage/v1/object/public/perfume-images/e59d5352-6a68-417c-ad64-85c2e625b8f5/t9iva042ua6-zataru-black-onyx.webp | https://mtdlhxbwblrxtzsdjlav.supabase.co/storage/v1/object/public/perfume-images/e59d5352-6a68-417c-ad64-85c2e625b8f5/t9iva1f57zs-zataru-black-onyx.webp | https://mtdlhxbwblrxtzsdjlav.supabase.co/storage/v1/object/public/perfume-images/e59d5352-6a68-417c-ad64-85c2e625b8f5/t9iva10hoj7-zataru-black-onyx.webp","https://s.shopee.co.id/AUo5GJ5yBd","wonderlust-fragrance-philia | wonderlust-fragrance-flaneur | scent-of-jarte-by-the-garden | mandalika-morning-grass | honino-romeo-roses","Zataru Black Onyx membawa kesegaran apel dan citrus yang perlahan menenangkan, lalu berubah menjadi aroma woody-amber yang hangat dan elegan untuk momen sore.","https://cariparfum.com/parfum/zataru-black-onyx","","2026-10-06T13:26:34.049Z"
"Zataru","Topaz","Extrait de Parfum","283000","IDR","InStock","Bergamot | Pear | Mandarin | Lavender","Gourmand | Muguet | Ylang | Orange Flower","Amber Dry | Sandalwood | Oak Moss | Vanilla","Fruity | Amber","Nyaman | Hangat | Playful","Masculine","","Sore | Malam | ️ Dingin | ️ Hujan","https://mtdlhxbwblrxtzsdjlav.supabase.co/storage/v1/object/public/perfume-images/5f9a2acd-ebbb-4dda-8d25-eb96550da429/t9iva29s1tg-zataru-topaz.webp | https://mtdlhxbwblrxtzsdjlav.supabase.co/storage/v1/object/public/perfume-images/5f9a2acd-ebbb-4dda-8d25-eb96550da429/t9iva3253vg-zataru-topaz.webp | https://mtdlhxbwblrxtzsdjlav.supabase.co/storage/v1/object/public/perfume-images/5f9a2acd-ebbb-4dda-8d25-eb96550da429/t9iva3t71nc-zataru-topaz.webp","https://s.shopee.co.id/7fTtt7KCZj","ataraksia-raden-saleh-callenberg | honino-romeo-roses | layr-kyoto-jazz | sonder-scents-255 | ouru-vanilla-velvet-2-0","Zataru Topaz adalah parfum fruity-floral dengan sentuhan amber dan vanilla yang creamy, cocok untuk sore dan malam di iklim tropis Indonesia.","https://cariparfum.com/parfum/zataru-topaz","","2026-10-06T13:26:24.689Z"